#VRML V2.0 utf8

#Created with V-Realm Builder v2.0
#Integrated Data Systems Inc.
#www.ids-net.com


DEF Light PointLight {
	color	1 1 1
	intensity	1
	on	TRUE
}
DEF sun DirectionalLight {
	direction	0 0 -1
	intensity	0
	on	TRUE
}
Background {
	groundAngle	[ 0.9, 1.5, 1.57 ]
	groundColor	[ 0.192884 0.95 0.316617,
			  0.772667 0.82 0.7845,
			  0.467223 0.82 0.445801,
			  0.621997 0.67 0.600279 ]
	skyAngle	[ 0.1, 1.2, 1.57 ]
	skyColor	[ 0.76238 0.8 0.1427,
			  0.277798 0.219779 0.7,
			  0.222549 0.390234 0.7,
			  0.60094 0.662637 0.69 ]
}
Viewpoint {
	position	-0.0445 15.551 91.8047
}
DEF group02 Transform {
	translation	0 18.87 22.66
	children DEF VSep01 Transform {
		translation	0 0 -0.495
		rotation	1 0 0  1.571
		children DEF V_Model01 Transform {
			translation	0 0 0
			children DEF Geom_01 Transform {
				translation	0 0 0
				children [ 
				    DEF VSep02 Transform {
					    translation	0 0 0
					    children DEF VIFS470 Transform {
						    translation	0 0 0
						    children Shape {
							    appearance	Appearance {
								    material	Material {
									    ambientIntensity	1
									    diffuseColor	0.5882 0.5882 0.5882
									    shininess	0.145
								    }

							    }

							    geometry	DEF VIFS470-FACES IndexedFaceSet {
								    coord	DEF VIFS470-COORD Coordinate {
									    point	[ -6 0 12.5,
											      -6 0 -12.5,
											      6 0 12.5,
											      6 0 -12.5,
											      6 0 12.5,
											      -6 0 -12.5 ]
								    }

								    ccw	TRUE
								    solid	FALSE
								    coordIndex	[ 0, 1, 2, -1, 3, 4, 5, -1 ]
							    }

						    }
					    }
				    }

				    DEF VSep03 Transform {
					    translation	0 0 0
					    children DEF VIFS471 Transform {
						    translation	0 0 0
						    children Shape {
							    appearance	Appearance {
								    material	Material {
									    ambientIntensity	1
									    diffuseColor	0.5882 0.5882 0.5882
									    shininess	0.145
								    }

							    }

							    geometry	DEF VIFS471-FACES IndexedFaceSet {
								    coord	DEF VIFS471-COORD Coordinate {
									    point	[ -6 1 -12.5,
											      -6 1 12.5,
											      6 1 -12.5,
											      6 1 12.5,
											      6 1 -12.5,
											      -6 1 12.5 ]
								    }

								    ccw	TRUE
								    solid	FALSE
								    coordIndex	[ 0, 1, 2, -1, 3, 4, 5, -1 ]
							    }

						    }
					    }
				    }

				    DEF VSep04 Transform {
					    translation	0 0 0
					    children DEF VIFS472 Transform {
						    translation	0 0 0
						    children Shape {
							    appearance	Appearance {
								    material	Material {
									    ambientIntensity	1
									    diffuseColor	0.5882 0.5882 0.5882
									    shininess	0.145
								    }

							    }

							    geometry	DEF VIFS472-FACES IndexedFaceSet {
								    coord	DEF VIFS472-COORD Coordinate {
									    point	[ -6 1 12.5,
											      -6 1 -12.5,
											      -6 0 12.5,
											      -6 0 -12.5,
											      -6 0 12.5,
											      -6 1 -12.5 ]
								    }

								    ccw	TRUE
								    solid	FALSE
								    coordIndex	[ 0, 1, 2, -1, 3, 4, 5, -1 ]
							    }

						    }
					    }
				    }

				    DEF VSep05 Transform {
					    translation	0 0 0
					    children DEF VIFS473 Transform {
						    translation	0 0 0
						    children Shape {
							    appearance	Appearance {
								    material	Material {
									    ambientIntensity	1
									    diffuseColor	0.5882 0.5882 0.5882
									    shininess	0.145
								    }

							    }

							    geometry	DEF VIFS473-FACES IndexedFaceSet {
								    coord	DEF VIFS473-COORD Coordinate {
									    point	[ 6 1 12.5,
											      -6 1 12.5,
											      6 0 12.5,
											      -6 0 12.5,
											      6 0 12.5,
											      -6 1 12.5 ]
								    }

								    ccw	TRUE
								    solid	FALSE
								    coordIndex	[ 0, 1, 2, -1, 3, 4, 5, -1 ]
							    }

						    }
					    }
				    }

				    DEF VSep06 Transform {
					    translation	0 0 0
					    children DEF VIFS474 Transform {
						    translation	0 0 0
						    children Shape {
							    appearance	Appearance {
								    material	Material {
									    ambientIntensity	1
									    diffuseColor	0.5882 0.5882 0.5882
									    shininess	0.145
								    }

							    }

							    geometry	DEF VIFS474-FACES IndexedFaceSet {
								    coord	DEF VIFS474-COORD Coordinate {
									    point	[ 6 1 -12.5,
											      6 1 12.5,
											      6 0 -12.5,
											      6 0 12.5,
											      6 0 -12.5,
											      6 1 12.5 ]
								    }

								    ccw	TRUE
								    solid	FALSE
								    coordIndex	[ 0, 1, 2, -1, 3, 4, 5, -1 ]
							    }

						    }
					    }
				    }

				    DEF VSep07 Transform {
					    translation	0 0 0
					    children DEF VIFS475 Transform {
						    translation	0 0 0
						    children Shape {
							    appearance	Appearance {
								    material	Material {
									    ambientIntensity	1
									    diffuseColor	0.5882 0.5882 0.5882
									    shininess	0.145
								    }

							    }

							    geometry	DEF VIFS475-FACES IndexedFaceSet {
								    coord	DEF VIFS475-COORD Coordinate {
									    point	[ -6 1 -12.5,
											      6 1 -12.5,
											      -6 0 -12.5,
											      6 0 -12.5,
											      -6 0 -12.5,
											      6 1 -12.5 ]
								    }

								    ccw	TRUE
								    solid	FALSE
								    coordIndex	[ 0, 1, 2, -1, 3, 4, 5, -1 ]
							    }

						    }
					    }
				    }
				]
			}
		}
	}
}
DEF group03 Transform {
	translation	-0.04424 3.045 32.11
	rotation	1 0 0  3.142
	scale	0.593 1 1
	children [ 
	    DEF group03-TIMER TimeSensor {
		    cycleInterval	3.333
		    loop	TRUE
	    }

	    DEF VIFS489 Transform {
		    translation	0.04963 -0.8097 -10
		    rotation	1 0 0  1.571
		    children Shape {
			    appearance	Appearance {
				    material	Material {
					    ambientIntensity	1
					    diffuseColor	0.5882 0.5882 0.5882
					    shininess	0.145
				    }

			    }

			    geometry	DEF VIFS489-FACES IndexedFaceSet {
				    coord	DEF VIFS489-COORD Coordinate {
					    point	[ -25 0 -2.5,
							      -25 20 -2.5,
							      -25.16 0 -2.5,
							      -25.16 20 -2.5,
							      -25.16 0 -2.5,
							      -25 20 -2.5 ]
				    }

				    ccw	TRUE
				    solid	FALSE
				    coordIndex	[ 0, 1, 2, -1, 3, 4, 5, -1 ]
			    }

		    }
	    }

	    DEF VIFS488 Transform {
		    translation	0.04963 -0.8097 -10
		    rotation	1 0 0  1.571
		    children Shape {
			    appearance	Appearance {
				    material	Material {
					    ambientIntensity	1
					    diffuseColor	0.5882 0.5882 0.5882
					    shininess	0.145
				    }

			    }

			    geometry	DEF VIFS488-FACES IndexedFaceSet {
				    coord	DEF VIFS488-COORD Coordinate {
					    point	[ -13.55 0 -4.119,
							      -13.55 20 -4.119,
							      -13.55 0 -2.5,
							      -13.55 20 -2.5,
							      -13.55 0 -2.5,
							      -13.55 20 -4.119 ]
				    }

				    ccw	TRUE
				    solid	FALSE
				    coordIndex	[ 0, 1, 2, -1, 3, 4, 5, -1 ]
			    }

		    }
	    }

	    DEF VIFS487 Transform {
		    translation	0.04963 -0.8097 -10
		    rotation	1 0 0  1.571
		    children Shape {
			    appearance	Appearance {
				    material	Material {
					    ambientIntensity	1
					    diffuseColor	0.5882 0.5882 0.5882
					    shininess	0.145
				    }

			    }

			    geometry	DEF VIFS487-FACES IndexedFaceSet {
				    coord	DEF VIFS487-COORD Coordinate {
					    point	[ -25.16 0 -4.119,
							      -25.16 20 -4.119,
							      -13.55 0 -4.119,
							      -13.55 20 -4.119,
							      -13.55 0 -4.119,
							      -25.16 20 -4.119 ]
				    }

				    ccw	TRUE
				    solid	FALSE
				    coordIndex	[ 0, 1, 2, -1, 3, 4, 5, -1 ]
			    }

		    }
	    }

	    DEF VIFS486 Transform {
		    translation	0.04963 -0.8097 -10
		    rotation	1 0 0  1.571
		    children Shape {
			    appearance	Appearance {
				    material	Material {
					    ambientIntensity	1
					    diffuseColor	0.5882 0.5882 0.5882
					    shininess	0.145
				    }

			    }

			    geometry	DEF VIFS486-FACES IndexedFaceSet {
				    coord	DEF VIFS486-COORD Coordinate {
					    point	[ -25.16 0 -2.5,
							      -25.16 20 -2.5,
							      -25.16 0 -4.119,
							      -25.16 20 -4.119,
							      -25.16 0 -4.119,
							      -25.16 20 -2.5 ]
				    }

				    ccw	TRUE
				    solid	FALSE
				    coordIndex	[ 0, 1, 2, -1, 3, 4, 5, -1 ]
			    }

		    }
	    }

	    DEF VIFS485 Transform {
		    translation	0.04963 -0.8097 -10
		    rotation	1 0 0  1.571
		    children Shape {
			    appearance	Appearance {
				    material	Material {
					    ambientIntensity	1
					    diffuseColor	0.5882 0.5882 0.5882
					    shininess	0.145
				    }

			    }

			    geometry	DEF VIFS485-FACES IndexedFaceSet {
				    coord	DEF VIFS485-COORD Coordinate {
					    point	[ 25.06 0 -4.119,
							      25.06 20 -4.119,
							      25.06 0 -2.5,
							      25.06 20 -2.5,
							      25.06 0 -2.5,
							      25.06 20 -4.119 ]
				    }

				    ccw	TRUE
				    solid	FALSE
				    coordIndex	[ 0, 1, 2, -1, 3, 4, 5, -1 ]
			    }

		    }
	    }

	    DEF VIFS484 Transform {
		    translation	0.04963 -0.8097 -10
		    rotation	1 0 0  1.571
		    children Shape {
			    appearance	Appearance {
				    material	Material {
					    ambientIntensity	1
					    diffuseColor	0.5882 0.5882 0.5882
					    shininess	0.145
				    }

			    }

			    geometry	DEF VIFS484-FACES IndexedFaceSet {
				    coord	DEF VIFS484-COORD Coordinate {
					    point	[ 13.45 0 -4.119,
							      13.45 20 -4.119,
							      25.06 0 -4.119,
							      25.06 20 -4.119,
							      25.06 0 -4.119,
							      13.45 20 -4.119 ]
				    }

				    ccw	TRUE
				    solid	FALSE
				    coordIndex	[ 0, 1, 2, -1, 3, 4, 5, -1 ]
			    }

		    }
	    }

	    DEF VIFS483 Transform {
		    translation	0.04963 -0.8097 -10
		    rotation	1 0 0  1.571
		    children Shape {
			    appearance	Appearance {
				    material	Material {
					    ambientIntensity	1
					    diffuseColor	0.5882 0.5882 0.5882
					    shininess	0.145
				    }

			    }

			    geometry	DEF VIFS483-FACES IndexedFaceSet {
				    coord	DEF VIFS483-COORD Coordinate {
					    point	[ 13.45 0 -2.5,
							      13.45 20 -2.5,
							      13.45 0 -4.119,
							      13.45 20 -4.119,
							      13.45 0 -4.119,
							      13.45 20 -2.5 ]
				    }

				    ccw	TRUE
				    solid	FALSE
				    coordIndex	[ 0, 1, 2, -1, 3, 4, 5, -1 ]
			    }

		    }
	    }

	    DEF VIFS482 Transform {
		    translation	0.04963 -0.8097 -10
		    rotation	1 0 0  1.571
		    children Shape {
			    appearance	Appearance {
				    material	Material {
					    ambientIntensity	1
					    diffuseColor	0.5882 0.5882 0.5882
					    shininess	0.145
				    }

			    }

			    geometry	DEF VIFS482-FACES IndexedFaceSet {
				    coord	DEF VIFS482-COORD Coordinate {
					    point	[ 25.06 0 -2.5,
							      25.06 20 -2.5,
							      25 0 -2.5,
							      25 20 -2.5,
							      25 0 -2.5,
							      25.06 20 -2.5 ]
				    }

				    ccw	TRUE
				    solid	FALSE
				    coordIndex	[ 0, 1, 2, -1, 3, 4, 5, -1 ]
			    }

		    }
	    }

	    DEF VIFS481 Transform {
		    translation	0.04963 -0.8097 -10
		    rotation	1 0 0  1.571
		    children Shape {
			    appearance	Appearance {
				    material	Material {
					    ambientIntensity	1
					    diffuseColor	0.5882 0.5882 0.5882
					    shininess	0.145
				    }

			    }

			    geometry	DEF VIFS481-FACES IndexedFaceSet {
				    coord	DEF VIFS481-COORD Coordinate {
					    point	[ -13.55 20 -2.5,
							      13.45 20 -2.5,
							      -13.55 0 -2.5,
							      13.45 0 -2.5,
							      -13.55 0 -2.5,
							      13.45 20 -2.5 ]
				    }

				    ccw	TRUE
				    solid	FALSE
				    coordIndex	[ 0, 1, 2, -1, 3, 4, 5, -1 ]
			    }

		    }
	    }

	    DEF VIFS480 Transform {
		    translation	0.04963 -0.8097 -10
		    rotation	1 0 0  1.571
		    children Shape {
			    appearance	Appearance {
				    material	Material {
					    ambientIntensity	1
					    diffuseColor	0.5882 0.5882 0.5882
					    shininess	0.145
				    }

			    }

			    geometry	DEF VIFS480-FACES IndexedFaceSet {
				    coord	DEF VIFS480-COORD Coordinate {
					    point	[ 25 20 2.5,
							      25 0 2.5,
							      25 20 -2.5,
							      25 0 -2.5,
							      25 20 -2.5,
							      25 0 2.5 ]
				    }

				    ccw	TRUE
				    solid	FALSE
				    coordIndex	[ 0, 1, 2, -1, 3, 4, 5, -1 ]
			    }

		    }
	    }

	    DEF VIFS479 Transform {
		    translation	0.04963 -0.8097 -10
		    rotation	1 0 0  1.571
		    children Shape {
			    appearance	Appearance {
				    material	Material {
					    ambientIntensity	1
					    diffuseColor	0.5882 0.5882 0.5882
					    shininess	0.145
				    }

			    }

			    geometry	DEF VIFS479-FACES IndexedFaceSet {
				    coord	DEF VIFS479-COORD Coordinate {
					    point	[ 25 20 2.5,
							      -25 20 2.5,
							      25 0 2.5,
							      -25 0 2.5,
							      25 0 2.5,
							      -25 20 2.5 ]
				    }

				    ccw	TRUE
				    solid	FALSE
				    coordIndex	[ 0, 1, 2, -1, 3, 4, 5, -1 ]
			    }

		    }
	    }

	    DEF VIFS478 Transform {
		    translation	0.04963 -0.8097 -10
		    rotation	1 0 0  1.571
		    children Shape {
			    appearance	Appearance {
				    material	Material {
					    ambientIntensity	1
					    diffuseColor	0.5882 0.5882 0.5882
					    shininess	0.145
				    }

			    }

			    geometry	DEF VIFS478-FACES IndexedFaceSet {
				    coord	DEF VIFS478-COORD Coordinate {
					    point	[ -25 20 -2.5,
							      -25 0 -2.5,
							      -25 20 2.5,
							      -25 0 2.5,
							      -25 20 2.5,
							      -25 0 -2.5 ]
				    }

				    ccw	TRUE
				    solid	FALSE
				    coordIndex	[ 0, 1, 2, -1, 3, 4, 5, -1 ]
			    }

		    }
	    }

	    DEF VIFS477 Transform {
		    translation	0.04963 -0.8097 -10
		    rotation	1 0 0  1.571
		    children Shape {
			    appearance	Appearance {
				    material	Material {
					    ambientIntensity	1
					    diffuseColor	0.5882 0.5882 0.5882
					    shininess	0.145
				    }

			    }

			    geometry	DEF VIFS477-FACES IndexedFaceSet {
				    coord	DEF VIFS477-COORD Coordinate {
					    point	[ 13.45 20 -4.119,
							      25 20 2.5,
							      25 20 -2.5,
							      13.45 20 -4.119,
							      25 20 -2.5,
							      25.06 20 -2.5,
							      25.06 20 -4.119,
							      13.45 20 -4.119,
							      25.06 20 -2.5,
							      25 20 2.5,
							      13.45 20 -4.119,
							      13.45 20 -2.5,
							      25 20 2.5,
							      13.45 20 -2.5,
							      -13.55 20 -2.5,
							      25 20 2.5,
							      -13.55 20 -2.5,
							      -25 20 -2.5,
							      -25 20 2.5,
							      25 20 2.5,
							      -25 20 -2.5,
							      -25.16 20 -4.119,
							      -25 20 -2.5,
							      -13.55 20 -2.5,
							      -13.55 20 -4.119,
							      -25.16 20 -4.119,
							      -13.55 20 -2.5,
							      -25.16 20 -2.5,
							      -25 20 -2.5,
							      -25.16 20 -4.119 ]
				    }

				    ccw	TRUE
				    solid	FALSE
				    coordIndex	[ 0, 1, 2, -1, 3, 4, 5, -1,
						      6, 7, 8, -1, 9, 10, 11, -1,
						      12, 13, 14, -1, 15, 16, 17, -1,
						      18, 19, 20, -1, 21, 22, 23, -1,
						      24, 25, 26, -1, 27, 28, 29, -1 ]
			    }

		    }
	    }

	    DEF VIFS476 Transform {
		    translation	0.04963 -0.8097 -10
		    rotation	1 0 0  1.571
		    children Shape {
			    appearance	Appearance {
				    material	Material {
					    ambientIntensity	1
					    diffuseColor	0.5882 0.5882 0.5882
					    shininess	0.145
				    }

			    }

			    geometry	DEF VIFS476-FACES IndexedFaceSet {
				    coord	DEF VIFS476-COORD Coordinate {
					    point	[ 25.06 0 -2.5,
							      25 0 -2.5,
							      25.06 0 -4.119,
							      25.06 0 -4.119,
							      25 0 -2.5,
							      13.45 0 -2.5,
							      13.45 0 -4.119,
							      25.06 0 -4.119,
							      13.45 0 -2.5,
							      -25 0 2.5,
							      -13.55 0 -4.119,
							      -13.55 0 -2.5,
							      -25 0 2.5,
							      -13.55 0 -2.5,
							      13.45 0 -2.5,
							      -25 0 2.5,
							      13.45 0 -2.5,
							      25 0 -2.5,
							      25 0 2.5,
							      -25 0 2.5,
							      25 0 -2.5,
							      -13.55 0 -4.119,
							      -25 0 2.5,
							      -25 0 -2.5,
							      -13.55 0 -4.119,
							      -25 0 -2.5,
							      -25.16 0 -2.5,
							      -25.16 0 -4.119,
							      -13.55 0 -4.119,
							      -25.16 0 -2.5 ]
				    }

				    ccw	TRUE
				    solid	FALSE
				    coordIndex	[ 0, 1, 2, -1, 3, 4, 5, -1,
						      6, 7, 8, -1, 9, 10, 11, -1,
						      12, 13, 14, -1, 15, 16, 17, -1,
						      18, 19, 20, -1, 21, 22, 23, -1,
						      24, 25, 26, -1, 27, 28, 29, -1 ]
			    }

		    }
	    }
	]
}
DEF group04 Transform {
	translation	-0.1685 14.92 25.58
	rotation	0.984816 0.173603 0  3.142
	children [ 
	    DEF group04-TIMER TimeSensor {
		    cycleInterval	0.2
		    loop	TRUE
	    }

	    DEF group04-ROT-INTERP OrientationInterpolator {
		    key	[ 0, 0.03, 0.06, 0.09,
				      0.12, 0.15, 0.18, 0.21,
				      0.24, 0.27, 0.3, 0.33,
				      0.36, 0.39, 0.42, 0.45,
				      0.48, 0.51, 0.54, 0.57,
				      0.6, 0.63, 0.66, 0.69,
				      0.72, 0.75, 0.78, 0.81,
				      0.84, 0.87, 0.9, 0.93,
				      0.96, 0.99, 1 ]
		    keyValue	[ 0.984816 0.173603 0  3.142,
				      0.988273 0.152696 0  3.142,
				      0.995499 0.0947699 0  3.142,
				      0.999971 0.00759978 0  3.142,
				      0.994948 -0.100395 0  3.142,
				      0.975612 -0.219503 0  3.142,
				      0.94053 -0.339711 0  3.142,
				      0.892317 -0.451409 0  3.142,
				      0.837396 -0.546597 0  3.142,
				      0.781503 -0.623902 0  3.142,
				      0.7193 -0.6947 0  3.142,
				      -0.650775 0.759271 0  3.142,
				      -0.576432 0.817145 0  3.142,
				      -0.496979 0.867763 0  3.142,
				      -0.413095 0.910688 0  3.142,
				      -0.325602 0.945507 0  3.142,
				      -0.235093 0.971973 0  3.142,
				      -0.142597 0.989781 0  3.142,
				      -0.0488503 0.998806 0  3.142,
				      0.0453587 0.998971 0  3.142,
				      0.139195 0.990265 0  3.142,
				      0.231697 0.972788 0  3.142,
				      0.322311 0.946634 0  3.142,
				      0.409911 0.912125 0  3.142,
				      0.493908 0.869514 0  3.142,
				      0.57357 0.819157 0  3.142,
				      0.655711 0.755012 0  3.142,
				      0.740478 0.67208 0  3.142,
				      0.818503 0.574502 0  3.142,
				      0.882884 0.469591 0  3.142,
				      0.9303 0.3668 0  3.142,
				      0.960925 0.276807 0  3.142,
				      0.977701 0.21 0  3.142,
				      0.984373 0.176095 0  3.142,
				      0.984816 0.173603 0  3.142 ]
	    }

	    DEF VIFS715 Transform {
		    translation	0 0 -0.5
		    rotation	1 0 0  1.571
		    children Shape {
			    appearance	Appearance {
				    material	Material {
					    ambientIntensity	1
					    diffuseColor	0.8745 0.6824 0.5882
					    shininess	0.62
					    specularColor	0.9 0.9 0.9
				    }

			    }

			    geometry	DEF VIFS715-FACES IndexedFaceSet {
				    coord	DEF VIFS715-COORD Coordinate {
					    point	[ -2.37 -2 -2.927,
							      -2.514 -2 -2.898,
							      -2.37 0 -2.927,
							      -2.514 0 -2.898,
							      -2.37 0 -2.927,
							      -2.514 -2 -2.898,
							      -2.514 -2 -2.898,
							      -2.636 -2 -2.817,
							      -2.514 0 -2.898,
							      -2.636 0 -2.817,
							      -2.514 0 -2.898,
							      -2.636 -2 -2.817,
							      -2.636 -2 -2.817,
							      -2.717 -2 -2.696,
							      -2.636 0 -2.817,
							      -2.717 0 -2.695,
							      -2.636 0 -2.817,
							      -2.717 -2 -2.696,
							      -2.717 -2 -2.696,
							      -2.745 -2 -2.552,
							      -2.717 0 -2.695,
							      -2.745 0 -2.552,
							      -2.717 0 -2.695,
							      -2.745 -2 -2.552,
							      -2.745 -2 -2.552,
							      -2.717 -2 -2.408,
							      -2.745 0 -2.552,
							      -2.717 0 -2.408,
							      -2.745 0 -2.552,
							      -2.717 -2 -2.408,
							      -2.717 -2 -2.408,
							      -2.636 -2 -2.287,
							      -2.717 0 -2.408,
							      -2.636 0 -2.287,
							      -2.717 0 -2.408,
							      -2.636 -2 -2.287,
							      -2.636 -2 -2.287,
							      -2.514 -2 -2.205,
							      -2.636 0 -2.287,
							      -2.514 0 -2.206,
							      -2.636 0 -2.287,
							      -2.514 -2 -2.205,
							      -2.514 -2 -2.205,
							      -2.37 -2 -2.177,
							      -2.514 0 -2.206,
							      -2.37 0 -2.177,
							      -2.514 0 -2.206,
							      -2.37 -2 -2.177 ]
				    }

				    ccw	TRUE
				    solid	FALSE
				    coordIndex	[ 0, 1, 2, -1, 3, 4, 5, -1,
						      6, 7, 8, -1, 9, 10, 11, -1,
						      12, 13, 14, -1, 15, 16, 17, -1,
						      18, 19, 20, -1, 21, 22, 23, -1,
						      24, 25, 26, -1, 27, 28, 29, -1,
						      30, 31, 32, -1, 33, 34, 35, -1,
						      36, 37, 38, -1, 39, 40, 41, -1,
						      42, 43, 44, -1, 45, 46, 47, -1 ]
			    }

		    }
	    }

	    DEF VIFS714 Transform {
		    translation	0 0 -0.5
		    rotation	1 0 0  1.571
		    children Shape {
			    appearance	Appearance {
				    material	Material {
					    ambientIntensity	1
					    diffuseColor	0.8745 0.6824 0.5882
					    shininess	0.62
					    specularColor	0.9 0.9 0.9
				    }

			    }

			    geometry	DEF VIFS714-FACES IndexedFaceSet {
				    coord	DEF VIFS714-COORD Coordinate {
					    point	[ -2.37 -2 -2.177,
							      -2.227 -2 -2.205,
							      -2.37 0 -2.177,
							      -2.227 0 -2.206,
							      -2.37 0 -2.177,
							      -2.227 -2 -2.205,
							      -2.227 -2 -2.205,
							      -2.105 -2 -2.287,
							      -2.227 0 -2.206,
							      -2.105 0 -2.287,
							      -2.227 0 -2.206,
							      -2.105 -2 -2.287,
							      -2.105 -2 -2.287,
							      -2.024 -2 -2.408,
							      -2.105 0 -2.287,
							      -2.024 0 -2.408,
							      -2.105 0 -2.287,
							      -2.024 -2 -2.408,
							      -2.024 -2 -2.408,
							      -1.996 -2 -2.552,
							      -2.024 0 -2.408,
							      -1.995 0 -2.552,
							      -2.024 0 -2.408,
							      -1.996 -2 -2.552,
							      -1.996 -2 -2.552,
							      -2.024 -2 -2.696,
							      -1.995 0 -2.552,
							      -2.024 0 -2.695,
							      -1.995 0 -2.552,
							      -2.024 -2 -2.696,
							      -2.024 -2 -2.696,
							      -2.105 -2 -2.817,
							      -2.024 0 -2.695,
							      -2.105 0 -2.817,
							      -2.024 0 -2.695,
							      -2.105 -2 -2.817,
							      -2.105 -2 -2.817,
							      -2.227 -2 -2.898,
							      -2.105 0 -2.817,
							      -2.227 0 -2.898,
							      -2.105 0 -2.817,
							      -2.227 -2 -2.898,
							      -2.227 -2 -2.898,
							      -2.37 -2 -2.927,
							      -2.227 0 -2.898,
							      -2.37 0 -2.927,
							      -2.227 0 -2.898,
							      -2.37 -2 -2.927 ]
				    }

				    ccw	TRUE
				    solid	FALSE
				    coordIndex	[ 0, 1, 2, -1, 3, 4, 5, -1,
						      6, 7, 8, -1, 9, 10, 11, -1,
						      12, 13, 14, -1, 15, 16, 17, -1,
						      18, 19, 20, -1, 21, 22, 23, -1,
						      24, 25, 26, -1, 27, 28, 29, -1,
						      30, 31, 32, -1, 33, 34, 35, -1,
						      36, 37, 38, -1, 39, 40, 41, -1,
						      42, 43, 44, -1, 45, 46, 47, -1 ]
			    }

		    }
	    }

	    DEF VIFS713 Transform {
		    translation	0 0 -0.5
		    rotation	1 0 0  1.571
		    children Shape {
			    appearance	Appearance {
				    material	Material {
					    ambientIntensity	1
					    diffuseColor	0.8745 0.6824 0.5882
					    shininess	0.62
					    specularColor	0.9 0.9 0.9
				    }

			    }

			    geometry	DEF VIFS713-FACES IndexedFaceSet {
				    coord	DEF VIFS713-COORD Coordinate {
					    point	[ -2.024 -2 -2.696,
							      -1.996 -2 -2.552,
							      -2.024 -2 -2.408,
							      -2.024 -2 -2.408,
							      -2.105 -2 -2.287,
							      -2.024 -2 -2.696,
							      -2.105 -2 -2.817,
							      -2.024 -2 -2.696,
							      -2.105 -2 -2.287,
							      -2.105 -2 -2.287,
							      -2.227 -2 -2.205,
							      -2.105 -2 -2.817,
							      -2.227 -2 -2.898,
							      -2.105 -2 -2.817,
							      -2.227 -2 -2.205,
							      -2.227 -2 -2.205,
							      -2.37 -2 -2.177,
							      -2.227 -2 -2.898,
							      -2.37 -2 -2.927,
							      -2.227 -2 -2.898,
							      -2.37 -2 -2.177,
							      -2.37 -2 -2.177,
							      -2.514 -2 -2.205,
							      -2.37 -2 -2.927,
							      -2.514 -2 -2.898,
							      -2.37 -2 -2.927,
							      -2.514 -2 -2.205,
							      -2.514 -2 -2.205,
							      -2.636 -2 -2.287,
							      -2.514 -2 -2.898,
							      -2.636 -2 -2.817,
							      -2.514 -2 -2.898,
							      -2.636 -2 -2.287,
							      -2.636 -2 -2.287,
							      -2.717 -2 -2.408,
							      -2.636 -2 -2.817,
							      -2.717 -2 -2.696,
							      -2.636 -2 -2.817,
							      -2.717 -2 -2.408,
							      -2.717 -2 -2.408,
							      -2.745 -2 -2.552,
							      -2.717 -2 -2.696 ]
				    }

				    ccw	TRUE
				    solid	FALSE
				    coordIndex	[ 0, 1, 2, -1, 3, 4, 5, -1,
						      6, 7, 8, -1, 9, 10, 11, -1,
						      12, 13, 14, -1, 15, 16, 17, -1,
						      18, 19, 20, -1, 21, 22, 23, -1,
						      24, 25, 26, -1, 27, 28, 29, -1,
						      30, 31, 32, -1, 33, 34, 35, -1,
						      36, 37, 38, -1, 39, 40, 41, -1 ]
			    }

		    }
	    }

	    DEF VIFS712 Transform {
		    translation	0 0 -0.5
		    rotation	1 0 0  1.571
		    children Shape {
			    appearance	Appearance {
				    material	Material {
					    ambientIntensity	1
					    diffuseColor	0.8745 0.6824 0.5882
					    shininess	0.62
					    specularColor	0.9 0.9 0.9
				    }

			    }

			    geometry	DEF VIFS712-FACES IndexedFaceSet {
				    coord	DEF VIFS712-COORD Coordinate {
					    point	[ 4.177 0 1.021,
							      4.598 0.7526 1.191,
							      4.563 1.5 1.321,
							      4.154 1.5 1.285,
							      4.177 0 1.021,
							      4.563 1.5 1.321,
							      4.63 0 1.061,
							      4.598 0.7526 1.191,
							      4.177 0 1.021 ]
				    }

				    ccw	TRUE
				    solid	FALSE
				    coordIndex	[ 0, 1, 2, -1, 3, 4, 5, -1,
						      6, 7, 8, -1 ]
			    }

		    }
	    }

	    DEF VIFS711 Transform {
		    translation	0 0 -0.5
		    rotation	1 0 0  1.571
		    children Shape {
			    appearance	Appearance {
				    material	Material {
					    ambientIntensity	1
					    diffuseColor	0.8745 0.6824 0.5882
					    shininess	0.62
					    specularColor	0.9 0.9 0.9
				    }

			    }

			    geometry	DEF VIFS711-FACES IndexedFaceSet {
				    coord	DEF VIFS711-COORD Coordinate {
					    point	[ 4.136 1.5 1.484,
							      4.543 0.7534 1.387,
							      4.581 0 1.257,
							      4.159 0 1.22,
							      4.136 1.5 1.484,
							      4.581 0 1.257,
							      4.502 1.5 1.516,
							      4.543 0.7534 1.387,
							      4.136 1.5 1.484 ]
				    }

				    ccw	TRUE
				    solid	FALSE
				    coordIndex	[ 0, 1, 2, -1, 3, 4, 5, -1,
						      6, 7, 8, -1 ]
			    }

		    }
	    }

	    DEF VIFS710 Transform {
		    translation	0 0 -0.5
		    rotation	1 0 0  1.571
		    children Shape {
			    appearance	Appearance {
				    material	Material {
					    ambientIntensity	1
					    diffuseColor	0.8745 0.6824 0.5882
					    shininess	0.62
					    specularColor	0.9 0.9 0.9
				    }

			    }

			    geometry	DEF VIFS710-FACES IndexedFaceSet {
				    coord	DEF VIFS710-COORD Coordinate {
					    point	[ 4.136 1.5 1.484,
							      4.159 0 1.22,
							      4.154 1.5 1.285,
							      4.177 0 1.021,
							      4.154 1.5 1.285,
							      4.159 0 1.22 ]
				    }

				    ccw	TRUE
				    solid	FALSE
				    coordIndex	[ 0, 1, 2, -1, 3, 4, 5, -1 ]
			    }

		    }
	    }

	    DEF VIFS709 Transform {
		    translation	0 0 -0.5
		    rotation	1 0 0  1.571
		    children Shape {
			    appearance	Appearance {
				    material	Material {
					    ambientIntensity	1
					    diffuseColor	0.8745 0.6824 0.5882
					    shininess	0.62
					    specularColor	0.9 0.9 0.9
				    }

			    }

			    geometry	DEF VIFS709-FACES IndexedFaceSet {
				    coord	DEF VIFS709-COORD Coordinate {
					    point	[ 4.072 0 1.381,
							      4.477 0.7526 1.588,
							      4.43 1.5 1.713,
							      4.026 1.5 1.642,
							      4.072 0 1.381,
							      4.43 1.5 1.713,
							      4.52 0 1.46,
							      4.477 0.7526 1.588,
							      4.072 0 1.381 ]
				    }

				    ccw	TRUE
				    solid	FALSE
				    coordIndex	[ 0, 1, 2, -1, 3, 4, 5, -1,
						      6, 7, 8, -1 ]
			    }

		    }
	    }

	    DEF VIFS708 Transform {
		    translation	0 0 -0.5
		    rotation	1 0 0  1.571
		    children Shape {
			    appearance	Appearance {
				    material	Material {
					    ambientIntensity	1
					    diffuseColor	0.8745 0.6824 0.5882
					    shininess	0.62
					    specularColor	0.9 0.9 0.9
				    }

			    }

			    geometry	DEF VIFS708-FACES IndexedFaceSet {
				    coord	DEF VIFS708-COORD Coordinate {
					    point	[ 3.991 1.5 1.839,
							      4.405 0.7534 1.778,
							      4.454 0 1.651,
							      4.037 0 1.578,
							      3.991 1.5 1.839,
							      4.454 0 1.651,
							      4.352 1.5 1.903,
							      4.405 0.7534 1.778,
							      3.991 1.5 1.839 ]
				    }

				    ccw	TRUE
				    solid	FALSE
				    coordIndex	[ 0, 1, 2, -1, 3, 4, 5, -1,
						      6, 7, 8, -1 ]
			    }

		    }
	    }

	    DEF VIFS707 Transform {
		    translation	0 0 -0.5
		    rotation	1 0 0  1.571
		    children Shape {
			    appearance	Appearance {
				    material	Material {
					    ambientIntensity	1
					    diffuseColor	0.8745 0.6824 0.5882
					    shininess	0.62
					    specularColor	0.9 0.9 0.9
				    }

			    }

			    geometry	DEF VIFS707-FACES IndexedFaceSet {
				    coord	DEF VIFS707-COORD Coordinate {
					    point	[ 3.991 1.5 1.839,
							      4.037 0 1.578,
							      4.026 1.5 1.642,
							      4.072 0 1.381,
							      4.026 1.5 1.642,
							      4.037 0 1.578 ]
				    }

				    ccw	TRUE
				    solid	FALSE
				    coordIndex	[ 0, 1, 2, -1, 3, 4, 5, -1 ]
			    }

		    }
	    }

	    DEF VIFS706 Transform {
		    translation	0 0 -0.5
		    rotation	1 0 0  1.571
		    children Shape {
			    appearance	Appearance {
				    material	Material {
					    ambientIntensity	1
					    diffuseColor	0.8745 0.6824 0.5882
					    shininess	0.62
					    specularColor	0.9 0.9 0.9
				    }

			    }

			    geometry	DEF VIFS706-FACES IndexedFaceSet {
				    coord	DEF VIFS706-COORD Coordinate {
					    point	[ 3.936 0 1.731,
							      4.321 0.7526 1.972,
							      4.264 1.5 2.093,
							      3.868 1.5 1.987,
							      3.936 0 1.731,
							      4.264 1.5 2.093,
							      4.376 0 1.849,
							      4.321 0.7526 1.972,
							      3.936 0 1.731 ]
				    }

				    ccw	TRUE
				    solid	FALSE
				    coordIndex	[ 0, 1, 2, -1, 3, 4, 5, -1,
						      6, 7, 8, -1 ]
			    }

		    }
	    }

	    DEF VIFS705 Transform {
		    translation	0 0 -0.5
		    rotation	1 0 0  1.571
		    children Shape {
			    appearance	Appearance {
				    material	Material {
					    ambientIntensity	1
					    diffuseColor	0.8745 0.6824 0.5882
					    shininess	0.62
					    specularColor	0.9 0.9 0.9
				    }

			    }

			    geometry	DEF VIFS705-FACES IndexedFaceSet {
				    coord	DEF VIFS705-COORD Coordinate {
					    point	[ 3.816 1.5 2.18,
							      4.233 0.7534 2.155,
							      4.293 0 2.033,
							      3.884 0 1.924,
							      3.816 1.5 2.18,
							      4.293 0 2.033,
							      4.17 1.5 2.275,
							      4.233 0.7534 2.155,
							      3.816 1.5 2.18 ]
				    }

				    ccw	TRUE
				    solid	FALSE
				    coordIndex	[ 0, 1, 2, -1, 3, 4, 5, -1,
						      6, 7, 8, -1 ]
			    }

		    }
	    }

	    DEF VIFS704 Transform {
		    translation	0 0 -0.5
		    rotation	1 0 0  1.571
		    children Shape {
			    appearance	Appearance {
				    material	Material {
					    ambientIntensity	1
					    diffuseColor	0.8745 0.6824 0.5882
					    shininess	0.62
					    specularColor	0.9 0.9 0.9
				    }

			    }

			    geometry	DEF VIFS704-FACES IndexedFaceSet {
				    coord	DEF VIFS704-COORD Coordinate {
					    point	[ 3.816 1.5 2.18,
							      3.884 0 1.924,
							      3.868 1.5 1.987,
							      3.936 0 1.731,
							      3.868 1.5 1.987,
							      3.884 0 1.924 ]
				    }

				    ccw	TRUE
				    solid	FALSE
				    coordIndex	[ 0, 1, 2, -1, 3, 4, 5, -1 ]
			    }

		    }
	    }

	    DEF VIFS703 Transform {
		    translation	0 0 -0.5
		    rotation	1 0 0  1.571
		    children Shape {
			    appearance	Appearance {
				    material	Material {
					    ambientIntensity	1
					    diffuseColor	0.8745 0.6824 0.5882
					    shininess	0.62
					    specularColor	0.9 0.9 0.9
				    }

			    }

			    geometry	DEF VIFS703-FACES IndexedFaceSet {
				    coord	DEF VIFS703-COORD Coordinate {
					    point	[ 3.77 0 2.067,
							      4.133 0.7526 2.341,
							      4.065 1.5 2.457,
							      3.68 1.5 2.316,
							      3.77 0 2.067,
							      4.065 1.5 2.457,
							      4.198 0 2.223,
							      4.133 0.7526 2.341,
							      3.77 0 2.067 ]
				    }

				    ccw	TRUE
				    solid	FALSE
				    coordIndex	[ 0, 1, 2, -1, 3, 4, 5, -1,
						      6, 7, 8, -1 ]
			    }

		    }
	    }

	    DEF VIFS702 Transform {
		    translation	0 0 -0.5
		    rotation	1 0 0  1.571
		    children Shape {
			    appearance	Appearance {
				    material	Material {
					    ambientIntensity	1
					    diffuseColor	0.8745 0.6824 0.5882
					    shininess	0.62
					    specularColor	0.9 0.9 0.9
				    }

			    }

			    geometry	DEF VIFS702-FACES IndexedFaceSet {
				    coord	DEF VIFS702-COORD Coordinate {
					    point	[ 3.611 1.5 2.504,
							      4.029 0.7534 2.516,
							      4.099 0 2.4,
							      3.702 0 2.255,
							      3.611 1.5 2.504,
							      4.099 0 2.4,
							      3.956 1.5 2.63,
							      4.029 0.7534 2.516,
							      3.611 1.5 2.504 ]
				    }

				    ccw	TRUE
				    solid	FALSE
				    coordIndex	[ 0, 1, 2, -1, 3, 4, 5, -1,
						      6, 7, 8, -1 ]
			    }

		    }
	    }

	    DEF VIFS701 Transform {
		    translation	0 0 -0.5
		    rotation	1 0 0  1.571
		    children Shape {
			    appearance	Appearance {
				    material	Material {
					    ambientIntensity	1
					    diffuseColor	0.8745 0.6824 0.5882
					    shininess	0.62
					    specularColor	0.9 0.9 0.9
				    }

			    }

			    geometry	DEF VIFS701-FACES IndexedFaceSet {
				    coord	DEF VIFS701-COORD Coordinate {
					    point	[ 3.611 1.5 2.504,
							      3.702 0 2.255,
							      3.68 1.5 2.316,
							      3.77 0 2.067,
							      3.68 1.5 2.316,
							      3.702 0 2.255 ]
				    }

				    ccw	TRUE
				    solid	FALSE
				    coordIndex	[ 0, 1, 2, -1, 3, 4, 5, -1 ]
			    }

		    }
	    }

	    DEF VIFS700 Transform {
		    translation	0 0 -0.5
		    rotation	1 0 0  1.571
		    children Shape {
			    appearance	Appearance {
				    material	Material {
					    ambientIntensity	1
					    diffuseColor	0.8745 0.6824 0.5882
					    shininess	0.62
					    specularColor	0.9 0.9 0.9
				    }

			    }

			    geometry	DEF VIFS700-FACES IndexedFaceSet {
				    coord	DEF VIFS700-COORD Coordinate {
					    point	[ 3.576 0 2.388,
							      3.913 0.7526 2.692,
							      3.836 1.5 2.802,
							      3.464 1.5 2.628,
							      3.576 0 2.388,
							      3.836 1.5 2.802,
							      3.988 0 2.58,
							      3.913 0.7526 2.692,
							      3.576 0 2.388 ]
				    }

				    ccw	TRUE
				    solid	FALSE
				    coordIndex	[ 0, 1, 2, -1, 3, 4, 5, -1,
						      6, 7, 8, -1 ]
			    }

		    }
	    }

	    DEF VIFS699 Transform {
		    translation	0 0 -0.5
		    rotation	1 0 0  1.571
		    children Shape {
			    appearance	Appearance {
				    material	Material {
					    ambientIntensity	1
					    diffuseColor	0.8745 0.6824 0.5882
					    shininess	0.62
					    specularColor	0.9 0.9 0.9
				    }

			    }

			    geometry	DEF VIFS699-FACES IndexedFaceSet {
				    coord	DEF VIFS699-COORD Coordinate {
					    point	[ 3.379 1.5 2.809,
							      3.794 0.7534 2.857,
							      3.874 0 2.748,
							      3.491 0 2.569,
							      3.379 1.5 2.809,
							      3.874 0 2.748,
							      3.711 1.5 2.964,
							      3.794 0.7534 2.857,
							      3.379 1.5 2.809 ]
				    }

				    ccw	TRUE
				    solid	FALSE
				    coordIndex	[ 0, 1, 2, -1, 3, 4, 5, -1,
						      6, 7, 8, -1 ]
			    }

		    }
	    }

	    DEF VIFS698 Transform {
		    translation	0 0 -0.5
		    rotation	1 0 0  1.571
		    children Shape {
			    appearance	Appearance {
				    material	Material {
					    ambientIntensity	1
					    diffuseColor	0.8745 0.6824 0.5882
					    shininess	0.62
					    specularColor	0.9 0.9 0.9
				    }

			    }

			    geometry	DEF VIFS698-FACES IndexedFaceSet {
				    coord	DEF VIFS698-COORD Coordinate {
					    point	[ 3.379 1.5 2.809,
							      3.491 0 2.569,
							      3.464 1.5 2.628,
							      3.576 0 2.388,
							      3.464 1.5 2.628,
							      3.491 0 2.569 ]
				    }

				    ccw	TRUE
				    solid	FALSE
				    coordIndex	[ 0, 1, 2, -1, 3, 4, 5, -1 ]
			    }

		    }
	    }

	    DEF VIFS697 Transform {
		    translation	0 0 -0.5
		    rotation	1 0 0  1.571
		    children Shape {
			    appearance	Appearance {
				    material	Material {
					    ambientIntensity	1
					    diffuseColor	0.8745 0.6824 0.5882
					    shininess	0.62
					    specularColor	0.9 0.9 0.9
				    }

			    }

			    geometry	DEF VIFS697-FACES IndexedFaceSet {
				    coord	DEF VIFS697-COORD Coordinate {
					    point	[ 3.354 0 2.691,
							      3.664 0.7526 3.023,
							      3.577 1.5 3.125,
							      3.222 1.5 2.92,
							      3.354 0 2.691,
							      3.577 1.5 3.125,
							      3.748 0 2.918,
							      3.664 0.7526 3.023,
							      3.354 0 2.691 ]
				    }

				    ccw	TRUE
				    solid	FALSE
				    coordIndex	[ 0, 1, 2, -1, 3, 4, 5, -1,
						      6, 7, 8, -1 ]
			    }

		    }
	    }

	    DEF VIFS696 Transform {
		    translation	0 0 -0.5
		    rotation	1 0 0  1.571
		    children Shape {
			    appearance	Appearance {
				    material	Material {
					    ambientIntensity	1
					    diffuseColor	0.8745 0.6824 0.5882
					    shininess	0.62
					    specularColor	0.9 0.9 0.9
				    }

			    }

			    geometry	DEF VIFS696-FACES IndexedFaceSet {
				    coord	DEF VIFS696-COORD Coordinate {
					    point	[ 3.122 1.5 3.093,
							      3.531 0.7534 3.177,
							      3.62 0 3.075,
							      3.254 0 2.864,
							      3.122 1.5 3.093,
							      3.62 0 3.075,
							      3.439 1.5 3.277,
							      3.531 0.7534 3.177,
							      3.122 1.5 3.093 ]
				    }

				    ccw	TRUE
				    solid	FALSE
				    coordIndex	[ 0, 1, 2, -1, 3, 4, 5, -1,
						      6, 7, 8, -1 ]
			    }

		    }
	    }

	    DEF VIFS695 Transform {
		    translation	0 0 -0.5
		    rotation	1 0 0  1.571
		    children Shape {
			    appearance	Appearance {
				    material	Material {
					    ambientIntensity	1
					    diffuseColor	0.8745 0.6824 0.5882
					    shininess	0.62
					    specularColor	0.9 0.9 0.9
				    }

			    }

			    geometry	DEF VIFS695-FACES IndexedFaceSet {
				    coord	DEF VIFS695-COORD Coordinate {
					    point	[ 3.122 1.5 3.093,
							      3.254 0 2.864,
							      3.222 1.5 2.92,
							      3.354 0 2.691,
							      3.222 1.5 2.92,
							      3.254 0 2.864 ]
				    }

				    ccw	TRUE
				    solid	FALSE
				    coordIndex	[ 0, 1, 2, -1, 3, 4, 5, -1 ]
			    }

		    }
	    }

	    DEF VIFS694 Transform {
		    translation	0 0 -0.5
		    rotation	1 0 0  1.571
		    children Shape {
			    appearance	Appearance {
				    material	Material {
					    ambientIntensity	1
					    diffuseColor	0.8745 0.6824 0.5882
					    shininess	0.62
					    specularColor	0.9 0.9 0.9
				    }

			    }

			    geometry	DEF VIFS694-FACES IndexedFaceSet {
				    coord	DEF VIFS694-COORD Coordinate {
					    point	[ 3.107 0 2.973,
							      3.386 0.7526 3.331,
							      3.291 1.5 3.425,
							      2.955 1.5 3.19,
							      3.107 0 2.973,
							      3.291 1.5 3.425,
							      3.479 0 3.234,
							      3.386 0.7526 3.331,
							      3.107 0 2.973 ]
				    }

				    ccw	TRUE
				    solid	FALSE
				    coordIndex	[ 0, 1, 2, -1, 3, 4, 5, -1,
						      6, 7, 8, -1 ]
			    }

		    }
	    }

	    DEF VIFS693 Transform {
		    translation	0 0 -0.5
		    rotation	1 0 0  1.571
		    children Shape {
			    appearance	Appearance {
				    material	Material {
					    ambientIntensity	1
					    diffuseColor	0.8745 0.6824 0.5882
					    shininess	0.62
					    specularColor	0.9 0.9 0.9
				    }

			    }

			    geometry	DEF VIFS693-FACES IndexedFaceSet {
				    coord	DEF VIFS693-COORD Coordinate {
					    point	[ 2.84 1.5 3.354,
							      3.241 0.7534 3.473,
							      3.338 0 3.379,
							      2.992 0 3.136,
							      2.84 1.5 3.354,
							      3.338 0 3.379,
							      3.14 1.5 3.564,
							      3.241 0.7534 3.473,
							      2.84 1.5 3.354 ]
				    }

				    ccw	TRUE
				    solid	FALSE
				    coordIndex	[ 0, 1, 2, -1, 3, 4, 5, -1,
						      6, 7, 8, -1 ]
			    }

		    }
	    }

	    DEF VIFS692 Transform {
		    translation	0 0 -0.5
		    rotation	1 0 0  1.571
		    children Shape {
			    appearance	Appearance {
				    material	Material {
					    ambientIntensity	1
					    diffuseColor	0.8745 0.6824 0.5882
					    shininess	0.62
					    specularColor	0.9 0.9 0.9
				    }

			    }

			    geometry	DEF VIFS692-FACES IndexedFaceSet {
				    coord	DEF VIFS692-COORD Coordinate {
					    point	[ 2.84 1.5 3.354,
							      2.992 0 3.136,
							      2.955 1.5 3.19,
							      3.107 0 2.973,
							      2.955 1.5 3.19,
							      2.992 0 3.136 ]
				    }

				    ccw	TRUE
				    solid	FALSE
				    coordIndex	[ 0, 1, 2, -1, 3, 4, 5, -1 ]
			    }

		    }
	    }

	    DEF VIFS691 Transform {
		    translation	0 0 -0.5
		    rotation	1 0 0  1.571
		    children Shape {
			    appearance	Appearance {
				    material	Material {
					    ambientIntensity	1
					    diffuseColor	0.8745 0.6824 0.5882
					    shininess	0.62
					    specularColor	0.9 0.9 0.9
				    }

			    }

			    geometry	DEF VIFS691-FACES IndexedFaceSet {
				    coord	DEF VIFS691-COORD Coordinate {
					    point	[ 2.836 0 3.232,
							      3.083 0.7526 3.613,
							      2.98 1.5 3.699,
							      2.666 1.5 3.435,
							      2.836 0 3.232,
							      2.98 1.5 3.699,
							      3.184 0 3.524,
							      3.083 0.7526 3.613,
							      2.836 0 3.232 ]
				    }

				    ccw	TRUE
				    solid	FALSE
				    coordIndex	[ 0, 1, 2, -1, 3, 4, 5, -1,
						      6, 7, 8, -1 ]
			    }

		    }
	    }

	    DEF VIFS690 Transform {
		    translation	0 0 -0.5
		    rotation	1 0 0  1.571
		    children Shape {
			    appearance	Appearance {
				    material	Material {
					    ambientIntensity	1
					    diffuseColor	0.8745 0.6824 0.5882
					    shininess	0.62
					    specularColor	0.9 0.9 0.9
				    }

			    }

			    geometry	DEF VIFS690-FACES IndexedFaceSet {
				    coord	DEF VIFS690-COORD Coordinate {
					    point	[ 2.537 1.5 3.588,
							      2.926 0.7534 3.742,
							      3.031 0 3.657,
							      2.707 0 3.385,
							      2.537 1.5 3.588,
							      3.031 0 3.657,
							      2.818 1.5 3.824,
							      2.926 0.7534 3.742,
							      2.537 1.5 3.588 ]
				    }

				    ccw	TRUE
				    solid	FALSE
				    coordIndex	[ 0, 1, 2, -1, 3, 4, 5, -1,
						      6, 7, 8, -1 ]
			    }

		    }
	    }

	    DEF VIFS689 Transform {
		    translation	0 0 -0.5
		    rotation	1 0 0  1.571
		    children Shape {
			    appearance	Appearance {
				    material	Material {
					    ambientIntensity	1
					    diffuseColor	0.8745 0.6824 0.5882
					    shininess	0.62
					    specularColor	0.9 0.9 0.9
				    }

			    }

			    geometry	DEF VIFS689-FACES IndexedFaceSet {
				    coord	DEF VIFS689-COORD Coordinate {
					    point	[ 2.537 1.5 3.588,
							      2.707 0 3.385,
							      2.666 1.5 3.435,
							      2.836 0 3.232,
							      2.666 1.5 3.435,
							      2.707 0 3.385 ]
				    }

				    ccw	TRUE
				    solid	FALSE
				    coordIndex	[ 0, 1, 2, -1, 3, 4, 5, -1 ]
			    }

		    }
	    }

	    DEF VIFS688 Transform {
		    translation	0 0 -0.5
		    rotation	1 0 0  1.571
		    children Shape {
			    appearance	Appearance {
				    material	Material {
					    ambientIntensity	1
					    diffuseColor	0.8745 0.6824 0.5882
					    shininess	0.62
					    specularColor	0.9 0.9 0.9
				    }

			    }

			    geometry	DEF VIFS688-FACES IndexedFaceSet {
				    coord	DEF VIFS688-COORD Coordinate {
					    point	[ 2.543 0 3.467,
							      2.757 0.7526 3.868,
							      2.646 1.5 3.945,
							      2.356 1.5 3.654,
							      2.543 0 3.467,
							      2.646 1.5 3.945,
							      2.865 0 3.789,
							      2.757 0.7526 3.868,
							      2.543 0 3.467 ]
				    }

				    ccw	TRUE
				    solid	FALSE
				    coordIndex	[ 0, 1, 2, -1, 3, 4, 5, -1,
						      6, 7, 8, -1 ]
			    }

		    }
	    }

	    DEF VIFS687 Transform {
		    translation	0 0 -0.5
		    rotation	1 0 0  1.571
		    children Shape {
			    appearance	Appearance {
				    material	Material {
					    ambientIntensity	1
					    diffuseColor	0.8745 0.6824 0.5882
					    shininess	0.62
					    specularColor	0.9 0.9 0.9
				    }

			    }

			    geometry	DEF VIFS687-FACES IndexedFaceSet {
				    coord	DEF VIFS687-COORD Coordinate {
					    point	[ 2.215 1.5 3.796,
							      2.588 0.7534 3.983,
							      2.701 0 3.907,
							      2.402 0 3.608,
							      2.215 1.5 3.796,
							      2.701 0 3.907,
							      2.474 1.5 4.055,
							      2.588 0.7534 3.983,
							      2.215 1.5 3.796 ]
				    }

				    ccw	TRUE
				    solid	FALSE
				    coordIndex	[ 0, 1, 2, -1, 3, 4, 5, -1,
						      6, 7, 8, -1 ]
			    }

		    }
	    }

	    DEF VIFS686 Transform {
		    translation	0 0 -0.5
		    rotation	1 0 0  1.571
		    children Shape {
			    appearance	Appearance {
				    material	Material {
					    ambientIntensity	1
					    diffuseColor	0.8745 0.6824 0.5882
					    shininess	0.62
					    specularColor	0.9 0.9 0.9
				    }

			    }

			    geometry	DEF VIFS686-FACES IndexedFaceSet {
				    coord	DEF VIFS686-COORD Coordinate {
					    point	[ 2.215 1.5 3.796,
							      2.402 0 3.608,
							      2.356 1.5 3.654,
							      2.543 0 3.467,
							      2.356 1.5 3.654,
							      2.402 0 3.608 ]
				    }

				    ccw	TRUE
				    solid	FALSE
				    coordIndex	[ 0, 1, 2, -1, 3, 4, 5, -1 ]
			    }

		    }
	    }

	    DEF VIFS685 Transform {
		    translation	0 0 -0.5
		    rotation	1 0 0  1.571
		    children Shape {
			    appearance	Appearance {
				    material	Material {
					    ambientIntensity	1
					    diffuseColor	0.8745 0.6824 0.5882
					    shininess	0.62
					    specularColor	0.9 0.9 0.9
				    }

			    }

			    geometry	DEF VIFS685-FACES IndexedFaceSet {
				    coord	DEF VIFS685-COORD Coordinate {
					    point	[ 2.232 0 3.675,
							      2.409 0.7526 4.094,
							      2.292 1.5 4.16,
							      2.029 1.5 3.846,
							      2.232 0 3.675,
							      2.292 1.5 4.16,
							      2.524 0 4.024,
							      2.409 0.7526 4.094,
							      2.232 0 3.675 ]
				    }

				    ccw	TRUE
				    solid	FALSE
				    coordIndex	[ 0, 1, 2, -1, 3, 4, 5, -1,
						      6, 7, 8, -1 ]
			    }

		    }
	    }

	    DEF VIFS684 Transform {
		    translation	0 0 -0.5
		    rotation	1 0 0  1.571
		    children Shape {
			    appearance	Appearance {
				    material	Material {
					    ambientIntensity	1
					    diffuseColor	0.8745 0.6824 0.5882
					    shininess	0.62
					    specularColor	0.9 0.9 0.9
				    }

			    }

			    geometry	DEF VIFS684-FACES IndexedFaceSet {
				    coord	DEF VIFS684-COORD Coordinate {
					    point	[ 1.875 1.5 3.974,
							      2.231 0.7534 4.193,
							      2.35 0 4.128,
							      2.078 0 3.804,
							      1.875 1.5 3.974,
							      2.35 0 4.128,
							      2.111 1.5 4.255,
							      2.231 0.7534 4.193,
							      1.875 1.5 3.974 ]
				    }

				    ccw	TRUE
				    solid	FALSE
				    coordIndex	[ 0, 1, 2, -1, 3, 4, 5, -1,
						      6, 7, 8, -1 ]
			    }

		    }
	    }

	    DEF VIFS683 Transform {
		    translation	0 0 -0.5
		    rotation	1 0 0  1.571
		    children Shape {
			    appearance	Appearance {
				    material	Material {
					    ambientIntensity	1
					    diffuseColor	0.8745 0.6824 0.5882
					    shininess	0.62
					    specularColor	0.9 0.9 0.9
				    }

			    }

			    geometry	DEF VIFS683-FACES IndexedFaceSet {
				    coord	DEF VIFS683-COORD Coordinate {
					    point	[ 1.875 1.5 3.974,
							      2.078 0 3.804,
							      2.029 1.5 3.846,
							      2.232 0 3.675,
							      2.029 1.5 3.846,
							      2.078 0 3.804 ]
				    }

				    ccw	TRUE
				    solid	FALSE
				    coordIndex	[ 0, 1, 2, -1, 3, 4, 5, -1 ]
			    }

		    }
	    }

	    DEF VIFS682 Transform {
		    translation	0 0 -0.5
		    rotation	1 0 0  1.571
		    children Shape {
			    appearance	Appearance {
				    material	Material {
					    ambientIntensity	1
					    diffuseColor	0.8745 0.6824 0.5882
					    shininess	0.62
					    specularColor	0.9 0.9 0.9
				    }

			    }

			    geometry	DEF VIFS682-FACES IndexedFaceSet {
				    coord	DEF VIFS682-COORD Coordinate {
					    point	[ 1.903 0 3.856,
							      2.043 0.7526 4.288,
							      1.921 1.5 4.344,
							      1.686 1.5 4.008,
							      1.903 0 3.856,
							      1.921 1.5 4.344,
							      2.164 0 4.229,
							      2.043 0.7526 4.288,
							      1.903 0 3.856 ]
				    }

				    ccw	TRUE
				    solid	FALSE
				    coordIndex	[ 0, 1, 2, -1, 3, 4, 5, -1,
						      6, 7, 8, -1 ]
			    }

		    }
	    }

	    DEF VIFS681 Transform {
		    translation	0 0 -0.5
		    rotation	1 0 0  1.571
		    children Shape {
			    appearance	Appearance {
				    material	Material {
					    ambientIntensity	1
					    diffuseColor	0.8745 0.6824 0.5882
					    shininess	0.62
					    specularColor	0.9 0.9 0.9
				    }

			    }

			    geometry	DEF VIFS681-FACES IndexedFaceSet {
				    coord	DEF VIFS681-COORD Coordinate {
					    point	[ 1.522 1.5 4.123,
							      1.857 0.7534 4.372,
							      1.981 0 4.317,
							      1.739 0 3.971,
							      1.522 1.5 4.123,
							      1.981 0 4.317,
							      1.732 1.5 4.423,
							      1.857 0.7534 4.372,
							      1.522 1.5 4.123 ]
				    }

				    ccw	TRUE
				    solid	FALSE
				    coordIndex	[ 0, 1, 2, -1, 3, 4, 5, -1,
						      6, 7, 8, -1 ]
			    }

		    }
	    }

	    DEF VIFS680 Transform {
		    translation	0 0 -0.5
		    rotation	1 0 0  1.571
		    children Shape {
			    appearance	Appearance {
				    material	Material {
					    ambientIntensity	1
					    diffuseColor	0.8745 0.6824 0.5882
					    shininess	0.62
					    specularColor	0.9 0.9 0.9
				    }

			    }

			    geometry	DEF VIFS680-FACES IndexedFaceSet {
				    coord	DEF VIFS680-COORD Coordinate {
					    point	[ 1.522 1.5 4.123,
							      1.739 0 3.971,
							      1.686 1.5 4.008,
							      1.903 0 3.856,
							      1.686 1.5 4.008,
							      1.739 0 3.971 ]
				    }

				    ccw	TRUE
				    solid	FALSE
				    coordIndex	[ 0, 1, 2, -1, 3, 4, 5, -1 ]
			    }

		    }
	    }

	    DEF VIFS679 Transform {
		    translation	0 0 -0.5
		    rotation	1 0 0  1.571
		    children Shape {
			    appearance	Appearance {
				    material	Material {
					    ambientIntensity	1
					    diffuseColor	0.8745 0.6824 0.5882
					    shininess	0.62
					    specularColor	0.9 0.9 0.9
				    }

			    }

			    geometry	DEF VIFS679-FACES IndexedFaceSet {
				    coord	DEF VIFS679-COORD Coordinate {
					    point	[ 1.559 0 4.007,
							      1.662 0.7526 4.45,
							      1.535 1.5 4.495,
							      1.33 1.5 4.14,
							      1.559 0 4.007,
							      1.535 1.5 4.495,
							      1.787 0 4.401,
							      1.662 0.7526 4.45,
							      1.559 0 4.007 ]
				    }

				    ccw	TRUE
				    solid	FALSE
				    coordIndex	[ 0, 1, 2, -1, 3, 4, 5, -1,
						      6, 7, 8, -1 ]
			    }

		    }
	    }

	    DEF VIFS678 Transform {
		    translation	0 0 -0.5
		    rotation	1 0 0  1.571
		    children Shape {
			    appearance	Appearance {
				    material	Material {
					    ambientIntensity	1
					    diffuseColor	0.8745 0.6824 0.5882
					    shininess	0.62
					    specularColor	0.9 0.9 0.9
				    }

			    }

			    geometry	DEF VIFS678-FACES IndexedFaceSet {
				    coord	DEF VIFS678-COORD Coordinate {
					    point	[ 1.157 1.5 4.24,
							      1.469 0.7534 4.517,
							      1.598 0 4.473,
							      1.386 0 4.107,
							      1.157 1.5 4.24,
							      1.598 0 4.473,
							      1.34 1.5 4.557,
							      1.469 0.7534 4.517,
							      1.157 1.5 4.24 ]
				    }

				    ccw	TRUE
				    solid	FALSE
				    coordIndex	[ 0, 1, 2, -1, 3, 4, 5, -1,
						      6, 7, 8, -1 ]
			    }

		    }
	    }

	    DEF VIFS677 Transform {
		    translation	0 0 -0.5
		    rotation	1 0 0  1.571
		    children Shape {
			    appearance	Appearance {
				    material	Material {
					    ambientIntensity	1
					    diffuseColor	0.8745 0.6824 0.5882
					    shininess	0.62
					    specularColor	0.9 0.9 0.9
				    }

			    }

			    geometry	DEF VIFS677-FACES IndexedFaceSet {
				    coord	DEF VIFS677-COORD Coordinate {
					    point	[ 1.157 1.5 4.24,
							      1.386 0 4.107,
							      1.33 1.5 4.14,
							      1.559 0 4.007,
							      1.33 1.5 4.14,
							      1.386 0 4.107 ]
				    }

				    ccw	TRUE
				    solid	FALSE
				    coordIndex	[ 0, 1, 2, -1, 3, 4, 5, -1 ]
			    }

		    }
	    }

	    DEF VIFS676 Transform {
		    translation	0 0 -0.5
		    rotation	1 0 0  1.571
		    children Shape {
			    appearance	Appearance {
				    material	Material {
					    ambientIntensity	1
					    diffuseColor	0.8745 0.6824 0.5882
					    shininess	0.62
					    specularColor	0.9 0.9 0.9
				    }

			    }

			    geometry	DEF VIFS676-FACES IndexedFaceSet {
				    coord	DEF VIFS676-COORD Coordinate {
					    point	[ 1.204 0 4.128,
							      1.267 0.7526 4.578,
							      1.138 1.5 4.612,
							      0.9641 1.5 4.24,
							      1.204 0 4.128,
							      1.138 1.5 4.612,
							      1.397 0 4.54,
							      1.267 0.7526 4.578,
							      1.204 0 4.128 ]
				    }

				    ccw	TRUE
				    solid	FALSE
				    coordIndex	[ 0, 1, 2, -1, 3, 4, 5, -1,
						      6, 7, 8, -1 ]
			    }

		    }
	    }

	    DEF VIFS675 Transform {
		    translation	0 0 -0.5
		    rotation	1 0 0  1.571
		    children Shape {
			    appearance	Appearance {
				    material	Material {
					    ambientIntensity	1
					    diffuseColor	0.8745 0.6824 0.5882
					    shininess	0.62
					    specularColor	0.9 0.9 0.9
				    }

			    }

			    geometry	DEF VIFS675-FACES IndexedFaceSet {
				    coord	DEF VIFS675-COORD Coordinate {
					    point	[ 0.7828 1.5 4.324,
							      1.07 0.7534 4.628,
							      1.202 0 4.595,
							      1.023 0 4.212,
							      0.7828 1.5 4.324,
							      1.202 0 4.595,
							      0.9377 1.5 4.657,
							      1.07 0.7534 4.628,
							      0.7828 1.5 4.324 ]
				    }

				    ccw	TRUE
				    solid	FALSE
				    coordIndex	[ 0, 1, 2, -1, 3, 4, 5, -1,
						      6, 7, 8, -1 ]
			    }

		    }
	    }

	    DEF VIFS674 Transform {
		    translation	0 0 -0.5
		    rotation	1 0 0  1.571
		    children Shape {
			    appearance	Appearance {
				    material	Material {
					    ambientIntensity	1
					    diffuseColor	0.8745 0.6824 0.5882
					    shininess	0.62
					    specularColor	0.9 0.9 0.9
				    }

			    }

			    geometry	DEF VIFS674-FACES IndexedFaceSet {
				    coord	DEF VIFS674-COORD Coordinate {
					    point	[ 0.7828 1.5 4.324,
							      1.023 0 4.212,
							      0.9641 1.5 4.24,
							      1.204 0 4.128,
							      0.9641 1.5 4.24,
							      1.023 0 4.212 ]
				    }

				    ccw	TRUE
				    solid	FALSE
				    coordIndex	[ 0, 1, 2, -1, 3, 4, 5, -1 ]
			    }

		    }
	    }

	    DEF VIFS673 Transform {
		    translation	0 0 -0.5
		    rotation	1 0 0  1.571
		    children Shape {
			    appearance	Appearance {
				    material	Material {
					    ambientIntensity	1
					    diffuseColor	0.8745 0.6824 0.5882
					    shininess	0.62
					    specularColor	0.9 0.9 0.9
				    }

			    }

			    geometry	DEF VIFS673-FACES IndexedFaceSet {
				    coord	DEF VIFS673-COORD Coordinate {
					    point	[ 0.8399 0 4.217,
							      0.8636 0.7526 4.671,
							      0.7313 1.5 4.693,
							      0.5909 1.5 4.308,
							      0.8399 0 4.217,
							      0.7313 1.5 4.693,
							      0.9955 0 4.644,
							      0.8636 0.7526 4.671,
							      0.8399 0 4.217 ]
				    }

				    ccw	TRUE
				    solid	FALSE
				    coordIndex	[ 0, 1, 2, -1, 3, 4, 5, -1,
						      6, 7, 8, -1 ]
			    }

		    }
	    }

	    DEF VIFS672 Transform {
		    translation	0 0 -0.5
		    rotation	1 0 0  1.571
		    children Shape {
			    appearance	Appearance {
				    material	Material {
					    ambientIntensity	1
					    diffuseColor	0.8745 0.6824 0.5882
					    shininess	0.62
					    specularColor	0.9 0.9 0.9
				    }

			    }

			    geometry	DEF VIFS672-FACES IndexedFaceSet {
				    coord	DEF VIFS672-COORD Coordinate {
					    point	[ 0.403 1.5 4.376,
							      0.6625 0.7534 4.704,
							      0.7966 0 4.683,
							      0.652 0 4.285,
							      0.403 1.5 4.376,
							      0.7966 0 4.683,
							      0.5283 1.5 4.721,
							      0.6625 0.7534 4.704,
							      0.403 1.5 4.376 ]
				    }

				    ccw	TRUE
				    solid	FALSE
				    coordIndex	[ 0, 1, 2, -1, 3, 4, 5, -1,
						      6, 7, 8, -1 ]
			    }

		    }
	    }

	    DEF VIFS671 Transform {
		    translation	0 0 -0.5
		    rotation	1 0 0  1.571
		    children Shape {
			    appearance	Appearance {
				    material	Material {
					    ambientIntensity	1
					    diffuseColor	0.8745 0.6824 0.5882
					    shininess	0.62
					    specularColor	0.9 0.9 0.9
				    }

			    }

			    geometry	DEF VIFS671-FACES IndexedFaceSet {
				    coord	DEF VIFS671-COORD Coordinate {
					    point	[ 0.403 1.5 4.376,
							      0.652 0 4.285,
							      0.5909 1.5 4.308,
							      0.8399 0 4.217,
							      0.5909 1.5 4.308,
							      0.652 0 4.285 ]
				    }

				    ccw	TRUE
				    solid	FALSE
				    coordIndex	[ 0, 1, 2, -1, 3, 4, 5, -1 ]
			    }

		    }
	    }

	    DEF VIFS670 Transform {
		    translation	0 0 -0.5
		    rotation	1 0 0  1.571
		    children Shape {
			    appearance	Appearance {
				    material	Material {
					    ambientIntensity	1
					    diffuseColor	0.8745 0.6824 0.5882
					    shininess	0.62
					    specularColor	0.9 0.9 0.9
				    }

			    }

			    geometry	DEF VIFS670-FACES IndexedFaceSet {
				    coord	DEF VIFS670-COORD Coordinate {
					    point	[ 0.4692 0 4.274,
							      0.4532 0.7526 4.728,
							      0.3194 1.5 4.739,
							      0.2132 1.5 4.343,
							      0.4692 0 4.274,
							      0.3194 1.5 4.739,
							      0.5869 0 4.714,
							      0.4532 0.7526 4.728,
							      0.4692 0 4.274 ]
				    }

				    ccw	TRUE
				    solid	FALSE
				    coordIndex	[ 0, 1, 2, -1, 3, 4, 5, -1,
						      6, 7, 8, -1 ]
			    }

		    }
	    }

	    DEF VIFS669 Transform {
		    translation	0 0 -0.5
		    rotation	1 0 0  1.571
		    children Shape {
			    appearance	Appearance {
				    material	Material {
					    ambientIntensity	1
					    diffuseColor	0.8745 0.6824 0.5882
					    shininess	0.62
					    specularColor	0.9 0.9 0.9
				    }

			    }

			    geometry	DEF VIFS669-FACES IndexedFaceSet {
				    coord	DEF VIFS669-COORD Coordinate {
					    point	[ 0.02003 1.5 4.395,
							      0.2501 0.7534 4.743,
							      0.3854 0 4.734,
							      0.276 0 4.326,
							      0.02003 1.5 4.395,
							      0.3854 0 4.734,
							      0.1149 1.5 4.749,
							      0.2501 0.7534 4.743,
							      0.02003 1.5 4.395 ]
				    }

				    ccw	TRUE
				    solid	FALSE
				    coordIndex	[ 0, 1, 2, -1, 3, 4, 5, -1,
						      6, 7, 8, -1 ]
			    }

		    }
	    }

	    DEF VIFS668 Transform {
		    translation	0 0 -0.5
		    rotation	1 0 0  1.571
		    children Shape {
			    appearance	Appearance {
				    material	Material {
					    ambientIntensity	1
					    diffuseColor	0.8745 0.6824 0.5882
					    shininess	0.62
					    specularColor	0.9 0.9 0.9
				    }

			    }

			    geometry	DEF VIFS668-FACES IndexedFaceSet {
				    coord	DEF VIFS668-COORD Coordinate {
					    point	[ 0.02003 1.5 4.395,
							      0.276 0 4.326,
							      0.2132 1.5 4.343,
							      0.4692 0 4.274,
							      0.2132 1.5 4.343,
							      0.276 0 4.326 ]
				    }

				    ccw	TRUE
				    solid	FALSE
				    coordIndex	[ 0, 1, 2, -1, 3, 4, 5, -1 ]
			    }

		    }
	    }

	    DEF VIFS667 Transform {
		    translation	0 0 -0.5
		    rotation	1 0 0  1.571
		    children Shape {
			    appearance	Appearance {
				    material	Material {
					    ambientIntensity	1
					    diffuseColor	0.8745 0.6824 0.5882
					    shininess	0.62
					    specularColor	0.9 0.9 0.9
				    }

			    }

			    geometry	DEF VIFS667-FACES IndexedFaceSet {
				    coord	DEF VIFS667-COORD Coordinate {
					    point	[ 0.09488 0 4.299,
							      0.03939 0.7526 4.75,
							      -0.09481 1.5 4.749,
							      -0.1661 1.5 4.345,
							      0.09488 0 4.299,
							      -0.09481 1.5 4.749,
							      0.1739 0 4.747,
							      0.03939 0.7526 4.75,
							      0.09488 0 4.299 ]
				    }

				    ccw	TRUE
				    solid	FALSE
				    coordIndex	[ 0, 1, 2, -1, 3, 4, 5, -1,
						      6, 7, 8, -1 ]
			    }

		    }
	    }

	    DEF VIFS666 Transform {
		    translation	0 0 -0.5
		    rotation	1 0 0  1.571
		    children Shape {
			    appearance	Appearance {
				    material	Material {
					    ambientIntensity	1
					    diffuseColor	0.8745 0.6824 0.5882
					    shininess	0.62
					    specularColor	0.9 0.9 0.9
				    }

			    }

			    geometry	DEF VIFS666-FACES IndexedFaceSet {
				    coord	DEF VIFS666-COORD Coordinate {
					    point	[ -0.3631 1.5 4.38,
							      -0.1643 0.7534 4.747,
							      -0.02866 0 4.75,
							      -0.1021 0 4.334,
							      -0.3631 1.5 4.38,
							      -0.02866 0 4.75,
							      -0.2994 1.5 4.741,
							      -0.1643 0.7534 4.747,
							      -0.3631 1.5 4.38 ]
				    }

				    ccw	TRUE
				    solid	FALSE
				    coordIndex	[ 0, 1, 2, -1, 3, 4, 5, -1,
						      6, 7, 8, -1 ]
			    }

		    }
	    }

	    DEF VIFS665 Transform {
		    translation	0 0 -0.5
		    rotation	1 0 0  1.571
		    children Shape {
			    appearance	Appearance {
				    material	Material {
					    ambientIntensity	1
					    diffuseColor	0.8745 0.6824 0.5882
					    shininess	0.62
					    specularColor	0.9 0.9 0.9
				    }

			    }

			    geometry	DEF VIFS665-FACES IndexedFaceSet {
				    coord	DEF VIFS665-COORD Coordinate {
					    point	[ -0.3631 1.5 4.38,
							      -0.1021 0 4.334,
							      -0.1661 1.5 4.345,
							      0.09488 0 4.299,
							      -0.1661 1.5 4.345,
							      -0.1021 0 4.334 ]
				    }

				    ccw	TRUE
				    solid	FALSE
				    coordIndex	[ 0, 1, 2, -1, 3, 4, 5, -1 ]
			    }

		    }
	    }

	    DEF VIFS664 Transform {
		    translation	0 0 -0.5
		    rotation	1 0 0  1.571
		    children Shape {
			    appearance	Appearance {
				    material	Material {
					    ambientIntensity	1
					    diffuseColor	0.8745 0.6824 0.5882
					    shininess	0.62
					    specularColor	0.9 0.9 0.9
				    }

			    }

			    geometry	DEF VIFS664-FACES IndexedFaceSet {
				    coord	DEF VIFS664-COORD Coordinate {
					    point	[ -0.2801 0 4.291,
							      -0.3747 0.7526 4.735,
							      -0.5084 1.5 4.723,
							      -0.5441 1.5 4.314,
							      -0.2801 0 4.291,
							      -0.5084 1.5 4.723,
							      -0.2405 0 4.744,
							      -0.3747 0.7526 4.735,
							      -0.2801 0 4.291 ]
				    }

				    ccw	TRUE
				    solid	FALSE
				    coordIndex	[ 0, 1, 2, -1, 3, 4, 5, -1,
						      6, 7, 8, -1 ]
			    }

		    }
	    }

	    DEF VIFS663 Transform {
		    translation	0 0 -0.5
		    rotation	1 0 0  1.571
		    children Shape {
			    appearance	Appearance {
				    material	Material {
					    ambientIntensity	1
					    diffuseColor	0.8745 0.6824 0.5882
					    shininess	0.62
					    specularColor	0.9 0.9 0.9
				    }

			    }

			    geometry	DEF VIFS663-FACES IndexedFaceSet {
				    coord	DEF VIFS663-COORD Coordinate {
					    point	[ -0.7434 1.5 4.331,
							      -0.5774 0.7534 4.715,
							      -0.4425 0 4.729,
							      -0.4794 0 4.308,
							      -0.7434 1.5 4.331,
							      -0.4425 0 4.729,
							      -0.7114 1.5 4.696,
							      -0.5774 0.7534 4.715,
							      -0.7434 1.5 4.331 ]
				    }

				    ccw	TRUE
				    solid	FALSE
				    coordIndex	[ 0, 1, 2, -1, 3, 4, 5, -1,
						      6, 7, 8, -1 ]
			    }

		    }
	    }

	    DEF VIFS662 Transform {
		    translation	0 0 -0.5
		    rotation	1 0 0  1.571
		    children Shape {
			    appearance	Appearance {
				    material	Material {
					    ambientIntensity	1
					    diffuseColor	0.8745 0.6824 0.5882
					    shininess	0.62
					    specularColor	0.9 0.9 0.9
				    }

			    }

			    geometry	DEF VIFS662-FACES IndexedFaceSet {
				    coord	DEF VIFS662-COORD Coordinate {
					    point	[ -0.7434 1.5 4.331,
							      -0.4794 0 4.308,
							      -0.5441 1.5 4.314,
							      -0.2801 0 4.291,
							      -0.5441 1.5 4.314,
							      -0.4794 0 4.308 ]
				    }

				    ccw	TRUE
				    solid	FALSE
				    coordIndex	[ 0, 1, 2, -1, 3, 4, 5, -1 ]
			    }

		    }
	    }

	    DEF VIFS661 Transform {
		    translation	0 0 -0.5
		    rotation	1 0 0  1.571
		    children Shape {
			    appearance	Appearance {
				    material	Material {
					    ambientIntensity	1
					    diffuseColor	0.8745 0.6824 0.5882
					    shininess	0.62
					    specularColor	0.9 0.9 0.9
				    }

			    }

			    geometry	DEF VIFS661-FACES IndexedFaceSet {
				    coord	DEF VIFS661-COORD Coordinate {
					    point	[ -0.653 0 4.25,
							      -0.786 0.7526 4.685,
							      -0.918 1.5 4.66,
							      -0.918 1.5 4.25,
							      -0.653 0 4.25,
							      -0.918 1.5 4.66,
							      -0.653 0 4.705,
							      -0.786 0.7526 4.685,
							      -0.653 0 4.25 ]
				    }

				    ccw	TRUE
				    solid	FALSE
				    coordIndex	[ 0, 1, 2, -1, 3, 4, 5, -1,
						      6, 7, 8, -1 ]
			    }

		    }
	    }

	    DEF VIFS660 Transform {
		    translation	0 0 -0.5
		    rotation	1 0 0  1.571
		    children Shape {
			    appearance	Appearance {
				    material	Material {
					    ambientIntensity	1
					    diffuseColor	0.8745 0.6824 0.5882
					    shininess	0.62
					    specularColor	0.9 0.9 0.9
				    }

			    }

			    geometry	DEF VIFS660-FACES IndexedFaceSet {
				    coord	DEF VIFS660-COORD Coordinate {
					    point	[ -1.118 1.5 4.25,
							      -0.9861 0.7534 4.647,
							      -0.853 0 4.673,
							      -0.853 0 4.25,
							      -1.118 1.5 4.25,
							      -0.853 0 4.673,
							      -1.118 1.5 4.617,
							      -0.9861 0.7534 4.647,
							      -1.118 1.5 4.25 ]
				    }

				    ccw	TRUE
				    solid	FALSE
				    coordIndex	[ 0, 1, 2, -1, 3, 4, 5, -1,
						      6, 7, 8, -1 ]
			    }

		    }
	    }

	    DEF VIFS659 Transform {
		    translation	0 0 -0.5
		    rotation	1 0 0  1.571
		    children Shape {
			    appearance	Appearance {
				    material	Material {
					    ambientIntensity	1
					    diffuseColor	0.8745 0.6824 0.5882
					    shininess	0.62
					    specularColor	0.9 0.9 0.9
				    }

			    }

			    geometry	DEF VIFS659-FACES IndexedFaceSet {
				    coord	DEF VIFS659-COORD Coordinate {
					    point	[ -1.118 1.5 4.25,
							      -0.853 0 4.25,
							      -0.918 1.5 4.25,
							      -0.653 0 4.25,
							      -0.918 1.5 4.25,
							      -0.853 0 4.25 ]
				    }

				    ccw	TRUE
				    solid	FALSE
				    coordIndex	[ 0, 1, 2, -1, 3, 4, 5, -1 ]
			    }

		    }
	    }

	    DEF VIFS658 Transform {
		    translation	0 0 -0.5
		    rotation	1 0 0  1.571
		    children Shape {
			    appearance	Appearance {
				    material	Material {
					    ambientIntensity	1
					    diffuseColor	0.8745 0.6824 0.5882
					    shininess	0.62
					    specularColor	0.9 0.9 0.9
				    }

			    }

			    geometry	DEF VIFS658-FACES IndexedFaceSet {
				    coord	DEF VIFS658-COORD Coordinate {
					    point	[ -1.021 0 4.177,
							      -1.191 0.7526 4.598,
							      -1.321 1.5 4.563,
							      -1.285 1.5 4.154,
							      -1.021 0 4.177,
							      -1.321 1.5 4.563,
							      -1.061 0 4.63,
							      -1.191 0.7526 4.598,
							      -1.021 0 4.177 ]
				    }

				    ccw	TRUE
				    solid	FALSE
				    coordIndex	[ 0, 1, 2, -1, 3, 4, 5, -1,
						      6, 7, 8, -1 ]
			    }

		    }
	    }

	    DEF VIFS657 Transform {
		    translation	0 0 -0.5
		    rotation	1 0 0  1.571
		    children Shape {
			    appearance	Appearance {
				    material	Material {
					    ambientIntensity	1
					    diffuseColor	0.8745 0.6824 0.5882
					    shininess	0.62
					    specularColor	0.9 0.9 0.9
				    }

			    }

			    geometry	DEF VIFS657-FACES IndexedFaceSet {
				    coord	DEF VIFS657-COORD Coordinate {
					    point	[ -1.484 1.5 4.136,
							      -1.387 0.7534 4.543,
							      -1.257 0 4.581,
							      -1.22 0 4.159,
							      -1.484 1.5 4.136,
							      -1.257 0 4.581,
							      -1.516 1.5 4.502,
							      -1.387 0.7534 4.543,
							      -1.484 1.5 4.136 ]
				    }

				    ccw	TRUE
				    solid	FALSE
				    coordIndex	[ 0, 1, 2, -1, 3, 4, 5, -1,
						      6, 7, 8, -1 ]
			    }

		    }
	    }

	    DEF VIFS656 Transform {
		    translation	0 0 -0.5
		    rotation	1 0 0  1.571
		    children Shape {
			    appearance	Appearance {
				    material	Material {
					    ambientIntensity	1
					    diffuseColor	0.8745 0.6824 0.5882
					    shininess	0.62
					    specularColor	0.9 0.9 0.9
				    }

			    }

			    geometry	DEF VIFS656-FACES IndexedFaceSet {
				    coord	DEF VIFS656-COORD Coordinate {
					    point	[ -1.484 1.5 4.136,
							      -1.22 0 4.159,
							      -1.285 1.5 4.154,
							      -1.021 0 4.177,
							      -1.285 1.5 4.154,
							      -1.22 0 4.159 ]
				    }

				    ccw	TRUE
				    solid	FALSE
				    coordIndex	[ 0, 1, 2, -1, 3, 4, 5, -1 ]
			    }

		    }
	    }

	    DEF VIFS655 Transform {
		    translation	0 0 -0.5
		    rotation	1 0 0  1.571
		    children Shape {
			    appearance	Appearance {
				    material	Material {
					    ambientIntensity	1
					    diffuseColor	0.8745 0.6824 0.5882
					    shininess	0.62
					    specularColor	0.9 0.9 0.9
				    }

			    }

			    geometry	DEF VIFS655-FACES IndexedFaceSet {
				    coord	DEF VIFS655-COORD Coordinate {
					    point	[ -1.381 0 4.072,
							      -1.588 0.7526 4.477,
							      -1.713 1.5 4.43,
							      -1.642 1.5 4.026,
							      -1.381 0 4.072,
							      -1.713 1.5 4.43,
							      -1.46 0 4.52,
							      -1.588 0.7526 4.477,
							      -1.381 0 4.072 ]
				    }

				    ccw	TRUE
				    solid	FALSE
				    coordIndex	[ 0, 1, 2, -1, 3, 4, 5, -1,
						      6, 7, 8, -1 ]
			    }

		    }
	    }

	    DEF VIFS654 Transform {
		    translation	0 0 -0.5
		    rotation	1 0 0  1.571
		    children Shape {
			    appearance	Appearance {
				    material	Material {
					    ambientIntensity	1
					    diffuseColor	0.8745 0.6824 0.5882
					    shininess	0.62
					    specularColor	0.9 0.9 0.9
				    }

			    }

			    geometry	DEF VIFS654-FACES IndexedFaceSet {
				    coord	DEF VIFS654-COORD Coordinate {
					    point	[ -1.839 1.5 3.991,
							      -1.778 0.7534 4.405,
							      -1.651 0 4.454,
							      -1.578 0 4.037,
							      -1.839 1.5 3.991,
							      -1.651 0 4.454,
							      -1.903 1.5 4.352,
							      -1.778 0.7534 4.405,
							      -1.839 1.5 3.991 ]
				    }

				    ccw	TRUE
				    solid	FALSE
				    coordIndex	[ 0, 1, 2, -1, 3, 4, 5, -1,
						      6, 7, 8, -1 ]
			    }

		    }
	    }

	    DEF VIFS653 Transform {
		    translation	0 0 -0.5
		    rotation	1 0 0  1.571
		    children Shape {
			    appearance	Appearance {
				    material	Material {
					    ambientIntensity	1
					    diffuseColor	0.8745 0.6824 0.5882
					    shininess	0.62
					    specularColor	0.9 0.9 0.9
				    }

			    }

			    geometry	DEF VIFS653-FACES IndexedFaceSet {
				    coord	DEF VIFS653-COORD Coordinate {
					    point	[ -1.839 1.5 3.991,
							      -1.578 0 4.037,
							      -1.642 1.5 4.026,
							      -1.381 0 4.072,
							      -1.642 1.5 4.026,
							      -1.578 0 4.037 ]
				    }

				    ccw	TRUE
				    solid	FALSE
				    coordIndex	[ 0, 1, 2, -1, 3, 4, 5, -1 ]
			    }

		    }
	    }

	    DEF VIFS652 Transform {
		    translation	0 0 -0.5
		    rotation	1 0 0  1.571
		    children Shape {
			    appearance	Appearance {
				    material	Material {
					    ambientIntensity	1
					    diffuseColor	0.8745 0.6824 0.5882
					    shininess	0.62
					    specularColor	0.9 0.9 0.9
				    }

			    }

			    geometry	DEF VIFS652-FACES IndexedFaceSet {
				    coord	DEF VIFS652-COORD Coordinate {
					    point	[ -1.731 0 3.936,
							      -1.972 0.7526 4.321,
							      -2.093 1.5 4.264,
							      -1.987 1.5 3.868,
							      -1.731 0 3.936,
							      -2.093 1.5 4.264,
							      -1.849 0 4.376,
							      -1.972 0.7526 4.321,
							      -1.731 0 3.936 ]
				    }

				    ccw	TRUE
				    solid	FALSE
				    coordIndex	[ 0, 1, 2, -1, 3, 4, 5, -1,
						      6, 7, 8, -1 ]
			    }

		    }
	    }

	    DEF VIFS651 Transform {
		    translation	0 0 -0.5
		    rotation	1 0 0  1.571
		    children Shape {
			    appearance	Appearance {
				    material	Material {
					    ambientIntensity	1
					    diffuseColor	0.8745 0.6824 0.5882
					    shininess	0.62
					    specularColor	0.9 0.9 0.9
				    }

			    }

			    geometry	DEF VIFS651-FACES IndexedFaceSet {
				    coord	DEF VIFS651-COORD Coordinate {
					    point	[ -2.18 1.5 3.816,
							      -2.155 0.7534 4.233,
							      -2.033 0 4.293,
							      -1.924 0 3.884,
							      -2.18 1.5 3.816,
							      -2.033 0 4.293,
							      -2.275 1.5 4.17,
							      -2.155 0.7534 4.233,
							      -2.18 1.5 3.816 ]
				    }

				    ccw	TRUE
				    solid	FALSE
				    coordIndex	[ 0, 1, 2, -1, 3, 4, 5, -1,
						      6, 7, 8, -1 ]
			    }

		    }
	    }

	    DEF VIFS650 Transform {
		    translation	0 0 -0.5
		    rotation	1 0 0  1.571
		    children Shape {
			    appearance	Appearance {
				    material	Material {
					    ambientIntensity	1
					    diffuseColor	0.8745 0.6824 0.5882
					    shininess	0.62
					    specularColor	0.9 0.9 0.9
				    }

			    }

			    geometry	DEF VIFS650-FACES IndexedFaceSet {
				    coord	DEF VIFS650-COORD Coordinate {
					    point	[ -2.18 1.5 3.816,
							      -1.924 0 3.884,
							      -1.987 1.5 3.868,
							      -1.731 0 3.936,
							      -1.987 1.5 3.868,
							      -1.924 0 3.884 ]
				    }

				    ccw	TRUE
				    solid	FALSE
				    coordIndex	[ 0, 1, 2, -1, 3, 4, 5, -1 ]
			    }

		    }
	    }

	    DEF VIFS649 Transform {
		    translation	0 0 -0.5
		    rotation	1 0 0  1.571
		    children Shape {
			    appearance	Appearance {
				    material	Material {
					    ambientIntensity	1
					    diffuseColor	0.8745 0.6824 0.5882
					    shininess	0.62
					    specularColor	0.9 0.9 0.9
				    }

			    }

			    geometry	DEF VIFS649-FACES IndexedFaceSet {
				    coord	DEF VIFS649-COORD Coordinate {
					    point	[ -2.067 0 3.77,
							      -2.341 0.7526 4.133,
							      -2.457 1.5 4.065,
							      -2.316 1.5 3.68,
							      -2.067 0 3.77,
							      -2.457 1.5 4.065,
							      -2.223 0 4.198,
							      -2.341 0.7526 4.133,
							      -2.067 0 3.77 ]
				    }

				    ccw	TRUE
				    solid	FALSE
				    coordIndex	[ 0, 1, 2, -1, 3, 4, 5, -1,
						      6, 7, 8, -1 ]
			    }

		    }
	    }

	    DEF VIFS648 Transform {
		    translation	0 0 -0.5
		    rotation	1 0 0  1.571
		    children Shape {
			    appearance	Appearance {
				    material	Material {
					    ambientIntensity	1
					    diffuseColor	0.8745 0.6824 0.5882
					    shininess	0.62
					    specularColor	0.9 0.9 0.9
				    }

			    }

			    geometry	DEF VIFS648-FACES IndexedFaceSet {
				    coord	DEF VIFS648-COORD Coordinate {
					    point	[ -2.504 1.5 3.611,
							      -2.516 0.7534 4.029,
							      -2.4 0 4.099,
							      -2.255 0 3.702,
							      -2.504 1.5 3.611,
							      -2.4 0 4.099,
							      -2.63 1.5 3.956,
							      -2.516 0.7534 4.029,
							      -2.504 1.5 3.611 ]
				    }

				    ccw	TRUE
				    solid	FALSE
				    coordIndex	[ 0, 1, 2, -1, 3, 4, 5, -1,
						      6, 7, 8, -1 ]
			    }

		    }
	    }

	    DEF VIFS647 Transform {
		    translation	0 0 -0.5
		    rotation	1 0 0  1.571
		    children Shape {
			    appearance	Appearance {
				    material	Material {
					    ambientIntensity	1
					    diffuseColor	0.8745 0.6824 0.5882
					    shininess	0.62
					    specularColor	0.9 0.9 0.9
				    }

			    }

			    geometry	DEF VIFS647-FACES IndexedFaceSet {
				    coord	DEF VIFS647-COORD Coordinate {
					    point	[ -2.504 1.5 3.611,
							      -2.255 0 3.702,
							      -2.316 1.5 3.68,
							      -2.067 0 3.77,
							      -2.316 1.5 3.68,
							      -2.255 0 3.702 ]
				    }

				    ccw	TRUE
				    solid	FALSE
				    coordIndex	[ 0, 1, 2, -1, 3, 4, 5, -1 ]
			    }

		    }
	    }

	    DEF VIFS646 Transform {
		    translation	0 0 -0.5
		    rotation	1 0 0  1.571
		    children Shape {
			    appearance	Appearance {
				    material	Material {
					    ambientIntensity	1
					    diffuseColor	0.8745 0.6824 0.5882
					    shininess	0.62
					    specularColor	0.9 0.9 0.9
				    }

			    }

			    geometry	DEF VIFS646-FACES IndexedFaceSet {
				    coord	DEF VIFS646-COORD Coordinate {
					    point	[ -2.388 0 3.576,
							      -2.692 0.7526 3.913,
							      -2.802 1.5 3.836,
							      -2.628 1.5 3.464,
							      -2.388 0 3.576,
							      -2.802 1.5 3.836,
							      -2.58 0 3.988,
							      -2.692 0.7526 3.913,
							      -2.388 0 3.576 ]
				    }

				    ccw	TRUE
				    solid	FALSE
				    coordIndex	[ 0, 1, 2, -1, 3, 4, 5, -1,
						      6, 7, 8, -1 ]
			    }

		    }
	    }

	    DEF VIFS645 Transform {
		    translation	0 0 -0.5
		    rotation	1 0 0  1.571
		    children Shape {
			    appearance	Appearance {
				    material	Material {
					    ambientIntensity	1
					    diffuseColor	0.8745 0.6824 0.5882
					    shininess	0.62
					    specularColor	0.9 0.9 0.9
				    }

			    }

			    geometry	DEF VIFS645-FACES IndexedFaceSet {
				    coord	DEF VIFS645-COORD Coordinate {
					    point	[ -2.809 1.5 3.379,
							      -2.857 0.7534 3.794,
							      -2.748 0 3.874,
							      -2.569 0 3.491,
							      -2.809 1.5 3.379,
							      -2.748 0 3.874,
							      -2.964 1.5 3.711,
							      -2.857 0.7534 3.794,
							      -2.809 1.5 3.379 ]
				    }

				    ccw	TRUE
				    solid	FALSE
				    coordIndex	[ 0, 1, 2, -1, 3, 4, 5, -1,
						      6, 7, 8, -1 ]
			    }

		    }
	    }

	    DEF VIFS644 Transform {
		    translation	0 0 -0.5
		    rotation	1 0 0  1.571
		    children Shape {
			    appearance	Appearance {
				    material	Material {
					    ambientIntensity	1
					    diffuseColor	0.8745 0.6824 0.5882
					    shininess	0.62
					    specularColor	0.9 0.9 0.9
				    }

			    }

			    geometry	DEF VIFS644-FACES IndexedFaceSet {
				    coord	DEF VIFS644-COORD Coordinate {
					    point	[ -2.809 1.5 3.379,
							      -2.569 0 3.491,
							      -2.628 1.5 3.464,
							      -2.388 0 3.576,
							      -2.628 1.5 3.464,
							      -2.569 0 3.491 ]
				    }

				    ccw	TRUE
				    solid	FALSE
				    coordIndex	[ 0, 1, 2, -1, 3, 4, 5, -1 ]
			    }

		    }
	    }

	    DEF VIFS643 Transform {
		    translation	0 0 -0.5
		    rotation	1 0 0  1.571
		    children Shape {
			    appearance	Appearance {
				    material	Material {
					    ambientIntensity	1
					    diffuseColor	0.8745 0.6824 0.5882
					    shininess	0.62
					    specularColor	0.9 0.9 0.9
				    }

			    }

			    geometry	DEF VIFS643-FACES IndexedFaceSet {
				    coord	DEF VIFS643-COORD Coordinate {
					    point	[ -2.691 0 3.354,
							      -3.023 0.7526 3.664,
							      -3.125 1.5 3.577,
							      -2.92 1.5 3.222,
							      -2.691 0 3.354,
							      -3.125 1.5 3.577,
							      -2.918 0 3.748,
							      -3.023 0.7526 3.664,
							      -2.691 0 3.354 ]
				    }

				    ccw	TRUE
				    solid	FALSE
				    coordIndex	[ 0, 1, 2, -1, 3, 4, 5, -1,
						      6, 7, 8, -1 ]
			    }

		    }
	    }

	    DEF VIFS642 Transform {
		    translation	0 0 -0.5
		    rotation	1 0 0  1.571
		    children Shape {
			    appearance	Appearance {
				    material	Material {
					    ambientIntensity	1
					    diffuseColor	0.8745 0.6824 0.5882
					    shininess	0.62
					    specularColor	0.9 0.9 0.9
				    }

			    }

			    geometry	DEF VIFS642-FACES IndexedFaceSet {
				    coord	DEF VIFS642-COORD Coordinate {
					    point	[ -3.093 1.5 3.122,
							      -3.177 0.7534 3.531,
							      -3.075 0 3.62,
							      -2.864 0 3.254,
							      -3.093 1.5 3.122,
							      -3.075 0 3.62,
							      -3.277 1.5 3.439,
							      -3.177 0.7534 3.531,
							      -3.093 1.5 3.122 ]
				    }

				    ccw	TRUE
				    solid	FALSE
				    coordIndex	[ 0, 1, 2, -1, 3, 4, 5, -1,
						      6, 7, 8, -1 ]
			    }

		    }
	    }

	    DEF VIFS641 Transform {
		    translation	0 0 -0.5
		    rotation	1 0 0  1.571
		    children Shape {
			    appearance	Appearance {
				    material	Material {
					    ambientIntensity	1
					    diffuseColor	0.8745 0.6824 0.5882
					    shininess	0.62
					    specularColor	0.9 0.9 0.9
				    }

			    }

			    geometry	DEF VIFS641-FACES IndexedFaceSet {
				    coord	DEF VIFS641-COORD Coordinate {
					    point	[ -3.093 1.5 3.122,
							      -2.864 0 3.254,
							      -2.92 1.5 3.222,
							      -2.691 0 3.354,
							      -2.92 1.5 3.222,
							      -2.864 0 3.254 ]
				    }

				    ccw	TRUE
				    solid	FALSE
				    coordIndex	[ 0, 1, 2, -1, 3, 4, 5, -1 ]
			    }

		    }
	    }

	    DEF VIFS640 Transform {
		    translation	0 0 -0.5
		    rotation	1 0 0  1.571
		    children Shape {
			    appearance	Appearance {
				    material	Material {
					    ambientIntensity	1
					    diffuseColor	0.8745 0.6824 0.5882
					    shininess	0.62
					    specularColor	0.9 0.9 0.9
				    }

			    }

			    geometry	DEF VIFS640-FACES IndexedFaceSet {
				    coord	DEF VIFS640-COORD Coordinate {
					    point	[ -2.973 0 3.107,
							      -3.331 0.7526 3.386,
							      -3.425 1.5 3.291,
							      -3.19 1.5 2.955,
							      -2.973 0 3.107,
							      -3.425 1.5 3.291,
							      -3.234 0 3.479,
							      -3.331 0.7526 3.386,
							      -2.973 0 3.107 ]
				    }

				    ccw	TRUE
				    solid	FALSE
				    coordIndex	[ 0, 1, 2, -1, 3, 4, 5, -1,
						      6, 7, 8, -1 ]
			    }

		    }
	    }

	    DEF VIFS639 Transform {
		    translation	0 0 -0.5
		    rotation	1 0 0  1.571
		    children Shape {
			    appearance	Appearance {
				    material	Material {
					    ambientIntensity	1
					    diffuseColor	0.8745 0.6824 0.5882
					    shininess	0.62
					    specularColor	0.9 0.9 0.9
				    }

			    }

			    geometry	DEF VIFS639-FACES IndexedFaceSet {
				    coord	DEF VIFS639-COORD Coordinate {
					    point	[ -3.354 1.5 2.84,
							      -3.473 0.7534 3.241,
							      -3.379 0 3.338,
							      -3.136 0 2.992,
							      -3.354 1.5 2.84,
							      -3.379 0 3.338,
							      -3.564 1.5 3.14,
							      -3.473 0.7534 3.241,
							      -3.354 1.5 2.84 ]
				    }

				    ccw	TRUE
				    solid	FALSE
				    coordIndex	[ 0, 1, 2, -1, 3, 4, 5, -1,
						      6, 7, 8, -1 ]
			    }

		    }
	    }

	    DEF VIFS638 Transform {
		    translation	0 0 -0.5
		    rotation	1 0 0  1.571
		    children Shape {
			    appearance	Appearance {
				    material	Material {
					    ambientIntensity	1
					    diffuseColor	0.8745 0.6824 0.5882
					    shininess	0.62
					    specularColor	0.9 0.9 0.9
				    }

			    }

			    geometry	DEF VIFS638-FACES IndexedFaceSet {
				    coord	DEF VIFS638-COORD Coordinate {
					    point	[ -3.354 1.5 2.84,
							      -3.136 0 2.992,
							      -3.19 1.5 2.955,
							      -2.973 0 3.107,
							      -3.19 1.5 2.955,
							      -3.136 0 2.992 ]
				    }

				    ccw	TRUE
				    solid	FALSE
				    coordIndex	[ 0, 1, 2, -1, 3, 4, 5, -1 ]
			    }

		    }
	    }

	    DEF VIFS637 Transform {
		    translation	0 0 -0.5
		    rotation	1 0 0  1.571
		    children Shape {
			    appearance	Appearance {
				    material	Material {
					    ambientIntensity	1
					    diffuseColor	0.8745 0.6824 0.5882
					    shininess	0.62
					    specularColor	0.9 0.9 0.9
				    }

			    }

			    geometry	DEF VIFS637-FACES IndexedFaceSet {
				    coord	DEF VIFS637-COORD Coordinate {
					    point	[ -3.232 0 2.836,
							      -3.613 0.7526 3.083,
							      -3.699 1.5 2.98,
							      -3.435 1.5 2.666,
							      -3.232 0 2.836,
							      -3.699 1.5 2.98,
							      -3.524 0 3.184,
							      -3.613 0.7526 3.083,
							      -3.232 0 2.836 ]
				    }

				    ccw	TRUE
				    solid	FALSE
				    coordIndex	[ 0, 1, 2, -1, 3, 4, 5, -1,
						      6, 7, 8, -1 ]
			    }

		    }
	    }

	    DEF VIFS636 Transform {
		    translation	0 0 -0.5
		    rotation	1 0 0  1.571
		    children Shape {
			    appearance	Appearance {
				    material	Material {
					    ambientIntensity	1
					    diffuseColor	0.8745 0.6824 0.5882
					    shininess	0.62
					    specularColor	0.9 0.9 0.9
				    }

			    }

			    geometry	DEF VIFS636-FACES IndexedFaceSet {
				    coord	DEF VIFS636-COORD Coordinate {
					    point	[ -3.588 1.5 2.537,
							      -3.742 0.7534 2.926,
							      -3.657 0 3.031,
							      -3.385 0 2.707,
							      -3.588 1.5 2.537,
							      -3.657 0 3.031,
							      -3.824 1.5 2.818,
							      -3.742 0.7534 2.926,
							      -3.588 1.5 2.537 ]
				    }

				    ccw	TRUE
				    solid	FALSE
				    coordIndex	[ 0, 1, 2, -1, 3, 4, 5, -1,
						      6, 7, 8, -1 ]
			    }

		    }
	    }

	    DEF VIFS635 Transform {
		    translation	0 0 -0.5
		    rotation	1 0 0  1.571
		    children Shape {
			    appearance	Appearance {
				    material	Material {
					    ambientIntensity	1
					    diffuseColor	0.8745 0.6824 0.5882
					    shininess	0.62
					    specularColor	0.9 0.9 0.9
				    }

			    }

			    geometry	DEF VIFS635-FACES IndexedFaceSet {
				    coord	DEF VIFS635-COORD Coordinate {
					    point	[ -3.588 1.5 2.537,
							      -3.385 0 2.707,
							      -3.435 1.5 2.666,
							      -3.232 0 2.836,
							      -3.435 1.5 2.666,
							      -3.385 0 2.707 ]
				    }

				    ccw	TRUE
				    solid	FALSE
				    coordIndex	[ 0, 1, 2, -1, 3, 4, 5, -1 ]
			    }

		    }
	    }

	    DEF VIFS634 Transform {
		    translation	0 0 -0.5
		    rotation	1 0 0  1.571
		    children Shape {
			    appearance	Appearance {
				    material	Material {
					    ambientIntensity	1
					    diffuseColor	0.8745 0.6824 0.5882
					    shininess	0.62
					    specularColor	0.9 0.9 0.9
				    }

			    }

			    geometry	DEF VIFS634-FACES IndexedFaceSet {
				    coord	DEF VIFS634-COORD Coordinate {
					    point	[ -3.467 0 2.543,
							      -3.868 0.7526 2.757,
							      -3.945 1.5 2.646,
							      -3.654 1.5 2.356,
							      -3.467 0 2.543,
							      -3.945 1.5 2.646,
							      -3.789 0 2.865,
							      -3.868 0.7526 2.757,
							      -3.467 0 2.543 ]
				    }

				    ccw	TRUE
				    solid	FALSE
				    coordIndex	[ 0, 1, 2, -1, 3, 4, 5, -1,
						      6, 7, 8, -1 ]
			    }

		    }
	    }

	    DEF VIFS633 Transform {
		    translation	0 0 -0.5
		    rotation	1 0 0  1.571
		    children Shape {
			    appearance	Appearance {
				    material	Material {
					    ambientIntensity	1
					    diffuseColor	0.8745 0.6824 0.5882
					    shininess	0.62
					    specularColor	0.9 0.9 0.9
				    }

			    }

			    geometry	DEF VIFS633-FACES IndexedFaceSet {
				    coord	DEF VIFS633-COORD Coordinate {
					    point	[ -3.796 1.5 2.215,
							      -3.983 0.7534 2.588,
							      -3.907 0 2.701,
							      -3.608 0 2.402,
							      -3.796 1.5 2.215,
							      -3.907 0 2.701,
							      -4.055 1.5 2.474,
							      -3.983 0.7534 2.588,
							      -3.796 1.5 2.215 ]
				    }

				    ccw	TRUE
				    solid	FALSE
				    coordIndex	[ 0, 1, 2, -1, 3, 4, 5, -1,
						      6, 7, 8, -1 ]
			    }

		    }
	    }

	    DEF VIFS632 Transform {
		    translation	0 0 -0.5
		    rotation	1 0 0  1.571
		    children Shape {
			    appearance	Appearance {
				    material	Material {
					    ambientIntensity	1
					    diffuseColor	0.8745 0.6824 0.5882
					    shininess	0.62
					    specularColor	0.9 0.9 0.9
				    }

			    }

			    geometry	DEF VIFS632-FACES IndexedFaceSet {
				    coord	DEF VIFS632-COORD Coordinate {
					    point	[ -3.796 1.5 2.215,
							      -3.608 0 2.402,
							      -3.654 1.5 2.356,
							      -3.467 0 2.543,
							      -3.654 1.5 2.356,
							      -3.608 0 2.402 ]
				    }

				    ccw	TRUE
				    solid	FALSE
				    coordIndex	[ 0, 1, 2, -1, 3, 4, 5, -1 ]
			    }

		    }
	    }

	    DEF VIFS631 Transform {
		    translation	0 0 -0.5
		    rotation	1 0 0  1.571
		    children Shape {
			    appearance	Appearance {
				    material	Material {
					    ambientIntensity	1
					    diffuseColor	0.8745 0.6824 0.5882
					    shininess	0.62
					    specularColor	0.9 0.9 0.9
				    }

			    }

			    geometry	DEF VIFS631-FACES IndexedFaceSet {
				    coord	DEF VIFS631-COORD Coordinate {
					    point	[ -3.675 0 2.232,
							      -4.094 0.7526 2.409,
							      -4.16 1.5 2.292,
							      -3.846 1.5 2.029,
							      -3.675 0 2.232,
							      -4.16 1.5 2.292,
							      -4.024 0 2.524,
							      -4.094 0.7526 2.409,
							      -3.675 0 2.232 ]
				    }

				    ccw	TRUE
				    solid	FALSE
				    coordIndex	[ 0, 1, 2, -1, 3, 4, 5, -1,
						      6, 7, 8, -1 ]
			    }

		    }
	    }

	    DEF VIFS630 Transform {
		    translation	0 0 -0.5
		    rotation	1 0 0  1.571
		    children Shape {
			    appearance	Appearance {
				    material	Material {
					    ambientIntensity	1
					    diffuseColor	0.8745 0.6824 0.5882
					    shininess	0.62
					    specularColor	0.9 0.9 0.9
				    }

			    }

			    geometry	DEF VIFS630-FACES IndexedFaceSet {
				    coord	DEF VIFS630-COORD Coordinate {
					    point	[ -3.974 1.5 1.875,
							      -4.193 0.7534 2.231,
							      -4.128 0 2.35,
							      -3.804 0 2.078,
							      -3.974 1.5 1.875,
							      -4.128 0 2.35,
							      -4.255 1.5 2.111,
							      -4.193 0.7534 2.231,
							      -3.974 1.5 1.875 ]
				    }

				    ccw	TRUE
				    solid	FALSE
				    coordIndex	[ 0, 1, 2, -1, 3, 4, 5, -1,
						      6, 7, 8, -1 ]
			    }

		    }
	    }

	    DEF VIFS629 Transform {
		    translation	0 0 -0.5
		    rotation	1 0 0  1.571
		    children Shape {
			    appearance	Appearance {
				    material	Material {
					    ambientIntensity	1
					    diffuseColor	0.8745 0.6824 0.5882
					    shininess	0.62
					    specularColor	0.9 0.9 0.9
				    }

			    }

			    geometry	DEF VIFS629-FACES IndexedFaceSet {
				    coord	DEF VIFS629-COORD Coordinate {
					    point	[ -3.974 1.5 1.875,
							      -3.804 0 2.078,
							      -3.846 1.5 2.029,
							      -3.675 0 2.232,
							      -3.846 1.5 2.029,
							      -3.804 0 2.078 ]
				    }

				    ccw	TRUE
				    solid	FALSE
				    coordIndex	[ 0, 1, 2, -1, 3, 4, 5, -1 ]
			    }

		    }
	    }

	    DEF VIFS628 Transform {
		    translation	0 0 -0.5
		    rotation	1 0 0  1.571
		    children Shape {
			    appearance	Appearance {
				    material	Material {
					    ambientIntensity	1
					    diffuseColor	0.8745 0.6824 0.5882
					    shininess	0.62
					    specularColor	0.9 0.9 0.9
				    }

			    }

			    geometry	DEF VIFS628-FACES IndexedFaceSet {
				    coord	DEF VIFS628-COORD Coordinate {
					    point	[ -3.856 0 1.903,
							      -4.288 0.7526 2.043,
							      -4.344 1.5 1.921,
							      -4.008 1.5 1.686,
							      -3.856 0 1.903,
							      -4.344 1.5 1.921,
							      -4.229 0 2.164,
							      -4.288 0.7526 2.043,
							      -3.856 0 1.903 ]
				    }

				    ccw	TRUE
				    solid	FALSE
				    coordIndex	[ 0, 1, 2, -1, 3, 4, 5, -1,
						      6, 7, 8, -1 ]
			    }

		    }
	    }

	    DEF VIFS627 Transform {
		    translation	0 0 -0.5
		    rotation	1 0 0  1.571
		    children Shape {
			    appearance	Appearance {
				    material	Material {
					    ambientIntensity	1
					    diffuseColor	0.8745 0.6824 0.5882
					    shininess	0.62
					    specularColor	0.9 0.9 0.9
				    }

			    }

			    geometry	DEF VIFS627-FACES IndexedFaceSet {
				    coord	DEF VIFS627-COORD Coordinate {
					    point	[ -4.123 1.5 1.522,
							      -4.372 0.7534 1.857,
							      -4.317 0 1.981,
							      -3.971 0 1.739,
							      -4.123 1.5 1.522,
							      -4.317 0 1.981,
							      -4.423 1.5 1.732,
							      -4.372 0.7534 1.857,
							      -4.123 1.5 1.522 ]
				    }

				    ccw	TRUE
				    solid	FALSE
				    coordIndex	[ 0, 1, 2, -1, 3, 4, 5, -1,
						      6, 7, 8, -1 ]
			    }

		    }
	    }

	    DEF VIFS626 Transform {
		    translation	0 0 -0.5
		    rotation	1 0 0  1.571
		    children Shape {
			    appearance	Appearance {
				    material	Material {
					    ambientIntensity	1
					    diffuseColor	0.8745 0.6824 0.5882
					    shininess	0.62
					    specularColor	0.9 0.9 0.9
				    }

			    }

			    geometry	DEF VIFS626-FACES IndexedFaceSet {
				    coord	DEF VIFS626-COORD Coordinate {
					    point	[ -4.123 1.5 1.522,
							      -3.971 0 1.739,
							      -4.008 1.5 1.686,
							      -3.856 0 1.903,
							      -4.008 1.5 1.686,
							      -3.971 0 1.739 ]
				    }

				    ccw	TRUE
				    solid	FALSE
				    coordIndex	[ 0, 1, 2, -1, 3, 4, 5, -1 ]
			    }

		    }
	    }

	    DEF VIFS625 Transform {
		    translation	0 0 -0.5
		    rotation	1 0 0  1.571
		    children Shape {
			    appearance	Appearance {
				    material	Material {
					    ambientIntensity	1
					    diffuseColor	0.8745 0.6824 0.5882
					    shininess	0.62
					    specularColor	0.9 0.9 0.9
				    }

			    }

			    geometry	DEF VIFS625-FACES IndexedFaceSet {
				    coord	DEF VIFS625-COORD Coordinate {
					    point	[ -4.007 0 1.559,
							      -4.45 0.7526 1.662,
							      -4.495 1.5 1.535,
							      -4.14 1.5 1.33,
							      -4.007 0 1.559,
							      -4.495 1.5 1.535,
							      -4.401 0 1.787,
							      -4.45 0.7526 1.662,
							      -4.007 0 1.559 ]
				    }

				    ccw	TRUE
				    solid	FALSE
				    coordIndex	[ 0, 1, 2, -1, 3, 4, 5, -1,
						      6, 7, 8, -1 ]
			    }

		    }
	    }

	    DEF VIFS624 Transform {
		    translation	0 0 -0.5
		    rotation	1 0 0  1.571
		    children Shape {
			    appearance	Appearance {
				    material	Material {
					    ambientIntensity	1
					    diffuseColor	0.8745 0.6824 0.5882
					    shininess	0.62
					    specularColor	0.9 0.9 0.9
				    }

			    }

			    geometry	DEF VIFS624-FACES IndexedFaceSet {
				    coord	DEF VIFS624-COORD Coordinate {
					    point	[ -4.24 1.5 1.157,
							      -4.517 0.7534 1.469,
							      -4.473 0 1.598,
							      -4.107 0 1.386,
							      -4.24 1.5 1.157,
							      -4.473 0 1.598,
							      -4.557 1.5 1.34,
							      -4.517 0.7534 1.469,
							      -4.24 1.5 1.157 ]
				    }

				    ccw	TRUE
				    solid	FALSE
				    coordIndex	[ 0, 1, 2, -1, 3, 4, 5, -1,
						      6, 7, 8, -1 ]
			    }

		    }
	    }

	    DEF VIFS623 Transform {
		    translation	0 0 -0.5
		    rotation	1 0 0  1.571
		    children Shape {
			    appearance	Appearance {
				    material	Material {
					    ambientIntensity	1
					    diffuseColor	0.8745 0.6824 0.5882
					    shininess	0.62
					    specularColor	0.9 0.9 0.9
				    }

			    }

			    geometry	DEF VIFS623-FACES IndexedFaceSet {
				    coord	DEF VIFS623-COORD Coordinate {
					    point	[ -4.24 1.5 1.157,
							      -4.107 0 1.386,
							      -4.14 1.5 1.33,
							      -4.007 0 1.559,
							      -4.14 1.5 1.33,
							      -4.107 0 1.386 ]
				    }

				    ccw	TRUE
				    solid	FALSE
				    coordIndex	[ 0, 1, 2, -1, 3, 4, 5, -1 ]
			    }

		    }
	    }

	    DEF VIFS622 Transform {
		    translation	0 0 -0.5
		    rotation	1 0 0  1.571
		    children Shape {
			    appearance	Appearance {
				    material	Material {
					    ambientIntensity	1
					    diffuseColor	0.8745 0.6824 0.5882
					    shininess	0.62
					    specularColor	0.9 0.9 0.9
				    }

			    }

			    geometry	DEF VIFS622-FACES IndexedFaceSet {
				    coord	DEF VIFS622-COORD Coordinate {
					    point	[ -4.128 0 1.204,
							      -4.578 0.7526 1.267,
							      -4.612 1.5 1.138,
							      -4.24 1.5 0.9641,
							      -4.128 0 1.204,
							      -4.612 1.5 1.138,
							      -4.54 0 1.397,
							      -4.578 0.7526 1.267,
							      -4.128 0 1.204 ]
				    }

				    ccw	TRUE
				    solid	FALSE
				    coordIndex	[ 0, 1, 2, -1, 3, 4, 5, -1,
						      6, 7, 8, -1 ]
			    }

		    }
	    }

	    DEF VIFS621 Transform {
		    translation	0 0 -0.5
		    rotation	1 0 0  1.571
		    children Shape {
			    appearance	Appearance {
				    material	Material {
					    ambientIntensity	1
					    diffuseColor	0.8745 0.6824 0.5882
					    shininess	0.62
					    specularColor	0.9 0.9 0.9
				    }

			    }

			    geometry	DEF VIFS621-FACES IndexedFaceSet {
				    coord	DEF VIFS621-COORD Coordinate {
					    point	[ -4.324 1.5 0.7828,
							      -4.628 0.7534 1.07,
							      -4.595 0 1.202,
							      -4.212 0 1.023,
							      -4.324 1.5 0.7828,
							      -4.595 0 1.202,
							      -4.657 1.5 0.9377,
							      -4.628 0.7534 1.07,
							      -4.324 1.5 0.7828 ]
				    }

				    ccw	TRUE
				    solid	FALSE
				    coordIndex	[ 0, 1, 2, -1, 3, 4, 5, -1,
						      6, 7, 8, -1 ]
			    }

		    }
	    }

	    DEF VIFS620 Transform {
		    translation	0 0 -0.5
		    rotation	1 0 0  1.571
		    children Shape {
			    appearance	Appearance {
				    material	Material {
					    ambientIntensity	1
					    diffuseColor	0.8745 0.6824 0.5882
					    shininess	0.62
					    specularColor	0.9 0.9 0.9
				    }

			    }

			    geometry	DEF VIFS620-FACES IndexedFaceSet {
				    coord	DEF VIFS620-COORD Coordinate {
					    point	[ -4.324 1.5 0.7828,
							      -4.212 0 1.023,
							      -4.24 1.5 0.9641,
							      -4.128 0 1.204,
							      -4.24 1.5 0.9641,
							      -4.212 0 1.023 ]
				    }

				    ccw	TRUE
				    solid	FALSE
				    coordIndex	[ 0, 1, 2, -1, 3, 4, 5, -1 ]
			    }

		    }
	    }

	    DEF VIFS619 Transform {
		    translation	0 0 -0.5
		    rotation	1 0 0  1.571
		    children Shape {
			    appearance	Appearance {
				    material	Material {
					    ambientIntensity	1
					    diffuseColor	0.8745 0.6824 0.5882
					    shininess	0.62
					    specularColor	0.9 0.9 0.9
				    }

			    }

			    geometry	DEF VIFS619-FACES IndexedFaceSet {
				    coord	DEF VIFS619-COORD Coordinate {
					    point	[ -4.217 0 0.8399,
							      -4.671 0.7526 0.8636,
							      -4.693 1.5 0.7313,
							      -4.308 1.5 0.5909,
							      -4.217 0 0.8399,
							      -4.693 1.5 0.7313,
							      -4.644 0 0.9955,
							      -4.671 0.7526 0.8636,
							      -4.217 0 0.8399 ]
				    }

				    ccw	TRUE
				    solid	FALSE
				    coordIndex	[ 0, 1, 2, -1, 3, 4, 5, -1,
						      6, 7, 8, -1 ]
			    }

		    }
	    }

	    DEF VIFS618 Transform {
		    translation	0 0 -0.5
		    rotation	1 0 0  1.571
		    children Shape {
			    appearance	Appearance {
				    material	Material {
					    ambientIntensity	1
					    diffuseColor	0.8745 0.6824 0.5882
					    shininess	0.62
					    specularColor	0.9 0.9 0.9
				    }

			    }

			    geometry	DEF VIFS618-FACES IndexedFaceSet {
				    coord	DEF VIFS618-COORD Coordinate {
					    point	[ -4.376 1.5 0.403,
							      -4.704 0.7534 0.6625,
							      -4.683 0 0.7966,
							      -4.285 0 0.652,
							      -4.376 1.5 0.403,
							      -4.683 0 0.7966,
							      -4.721 1.5 0.5283,
							      -4.704 0.7534 0.6625,
							      -4.376 1.5 0.403 ]
				    }

				    ccw	TRUE
				    solid	FALSE
				    coordIndex	[ 0, 1, 2, -1, 3, 4, 5, -1,
						      6, 7, 8, -1 ]
			    }

		    }
	    }

	    DEF VIFS617 Transform {
		    translation	0 0 -0.5
		    rotation	1 0 0  1.571
		    children Shape {
			    appearance	Appearance {
				    material	Material {
					    ambientIntensity	1
					    diffuseColor	0.8745 0.6824 0.5882
					    shininess	0.62
					    specularColor	0.9 0.9 0.9
				    }

			    }

			    geometry	DEF VIFS617-FACES IndexedFaceSet {
				    coord	DEF VIFS617-COORD Coordinate {
					    point	[ -4.376 1.5 0.403,
							      -4.285 0 0.652,
							      -4.308 1.5 0.5909,
							      -4.217 0 0.8399,
							      -4.308 1.5 0.5909,
							      -4.285 0 0.652 ]
				    }

				    ccw	TRUE
				    solid	FALSE
				    coordIndex	[ 0, 1, 2, -1, 3, 4, 5, -1 ]
			    }

		    }
	    }

	    DEF VIFS616 Transform {
		    translation	0 0 -0.5
		    rotation	1 0 0  1.571
		    children Shape {
			    appearance	Appearance {
				    material	Material {
					    ambientIntensity	1
					    diffuseColor	0.8745 0.6824 0.5882
					    shininess	0.62
					    specularColor	0.9 0.9 0.9
				    }

			    }

			    geometry	DEF VIFS616-FACES IndexedFaceSet {
				    coord	DEF VIFS616-COORD Coordinate {
					    point	[ -4.274 0 0.4692,
							      -4.728 0.7526 0.4532,
							      -4.739 1.5 0.3194,
							      -4.343 1.5 0.2132,
							      -4.274 0 0.4692,
							      -4.739 1.5 0.3194,
							      -4.714 0 0.5869,
							      -4.728 0.7526 0.4532,
							      -4.274 0 0.4692 ]
				    }

				    ccw	TRUE
				    solid	FALSE
				    coordIndex	[ 0, 1, 2, -1, 3, 4, 5, -1,
						      6, 7, 8, -1 ]
			    }

		    }
	    }

	    DEF VIFS615 Transform {
		    translation	0 0 -0.5
		    rotation	1 0 0  1.571
		    children Shape {
			    appearance	Appearance {
				    material	Material {
					    ambientIntensity	1
					    diffuseColor	0.8745 0.6824 0.5882
					    shininess	0.62
					    specularColor	0.9 0.9 0.9
				    }

			    }

			    geometry	DEF VIFS615-FACES IndexedFaceSet {
				    coord	DEF VIFS615-COORD Coordinate {
					    point	[ -4.395 1.5 0.02003,
							      -4.743 0.7534 0.2501,
							      -4.734 0 0.3854,
							      -4.326 0 0.276,
							      -4.395 1.5 0.02003,
							      -4.734 0 0.3854,
							      -4.749 1.5 0.1149,
							      -4.743 0.7534 0.2501,
							      -4.395 1.5 0.02003 ]
				    }

				    ccw	TRUE
				    solid	FALSE
				    coordIndex	[ 0, 1, 2, -1, 3, 4, 5, -1,
						      6, 7, 8, -1 ]
			    }

		    }
	    }

	    DEF VIFS614 Transform {
		    translation	0 0 -0.5
		    rotation	1 0 0  1.571
		    children Shape {
			    appearance	Appearance {
				    material	Material {
					    ambientIntensity	1
					    diffuseColor	0.8745 0.6824 0.5882
					    shininess	0.62
					    specularColor	0.9 0.9 0.9
				    }

			    }

			    geometry	DEF VIFS614-FACES IndexedFaceSet {
				    coord	DEF VIFS614-COORD Coordinate {
					    point	[ -4.395 1.5 0.02003,
							      -4.326 0 0.276,
							      -4.343 1.5 0.2132,
							      -4.274 0 0.4692,
							      -4.343 1.5 0.2132,
							      -4.326 0 0.276 ]
				    }

				    ccw	TRUE
				    solid	FALSE
				    coordIndex	[ 0, 1, 2, -1, 3, 4, 5, -1 ]
			    }

		    }
	    }

	    DEF VIFS613 Transform {
		    translation	0 0 -0.5
		    rotation	1 0 0  1.571
		    children Shape {
			    appearance	Appearance {
				    material	Material {
					    ambientIntensity	1
					    diffuseColor	0.8745 0.6824 0.5882
					    shininess	0.62
					    specularColor	0.9 0.9 0.9
				    }

			    }

			    geometry	DEF VIFS613-FACES IndexedFaceSet {
				    coord	DEF VIFS613-COORD Coordinate {
					    point	[ -4.299 0 0.09488,
							      -4.75 0.7526 0.03939,
							      -4.749 1.5 -0.09481,
							      -4.345 1.5 -0.1661,
							      -4.299 0 0.09488,
							      -4.749 1.5 -0.09481,
							      -4.747 0 0.1739,
							      -4.75 0.7526 0.03939,
							      -4.299 0 0.09488 ]
				    }

				    ccw	TRUE
				    solid	FALSE
				    coordIndex	[ 0, 1, 2, -1, 3, 4, 5, -1,
						      6, 7, 8, -1 ]
			    }

		    }
	    }

	    DEF VIFS612 Transform {
		    translation	0 0 -0.5
		    rotation	1 0 0  1.571
		    children Shape {
			    appearance	Appearance {
				    material	Material {
					    ambientIntensity	1
					    diffuseColor	0.8745 0.6824 0.5882
					    shininess	0.62
					    specularColor	0.9 0.9 0.9
				    }

			    }

			    geometry	DEF VIFS612-FACES IndexedFaceSet {
				    coord	DEF VIFS612-COORD Coordinate {
					    point	[ -4.38 1.5 -0.3631,
							      -4.747 0.7534 -0.1643,
							      -4.75 0 -0.02866,
							      -4.334 0 -0.1021,
							      -4.38 1.5 -0.3631,
							      -4.75 0 -0.02866,
							      -4.741 1.5 -0.2994,
							      -4.747 0.7534 -0.1643,
							      -4.38 1.5 -0.3631 ]
				    }

				    ccw	TRUE
				    solid	FALSE
				    coordIndex	[ 0, 1, 2, -1, 3, 4, 5, -1,
						      6, 7, 8, -1 ]
			    }

		    }
	    }

	    DEF VIFS611 Transform {
		    translation	0 0 -0.5
		    rotation	1 0 0  1.571
		    children Shape {
			    appearance	Appearance {
				    material	Material {
					    ambientIntensity	1
					    diffuseColor	0.8745 0.6824 0.5882
					    shininess	0.62
					    specularColor	0.9 0.9 0.9
				    }

			    }

			    geometry	DEF VIFS611-FACES IndexedFaceSet {
				    coord	DEF VIFS611-COORD Coordinate {
					    point	[ -4.38 1.5 -0.3631,
							      -4.334 0 -0.1021,
							      -4.345 1.5 -0.1661,
							      -4.299 0 0.09488,
							      -4.345 1.5 -0.1661,
							      -4.334 0 -0.1021 ]
				    }

				    ccw	TRUE
				    solid	FALSE
				    coordIndex	[ 0, 1, 2, -1, 3, 4, 5, -1 ]
			    }

		    }
	    }

	    DEF VIFS610 Transform {
		    translation	0 0 -0.5
		    rotation	1 0 0  1.571
		    children Shape {
			    appearance	Appearance {
				    material	Material {
					    ambientIntensity	1
					    diffuseColor	0.8745 0.6824 0.5882
					    shininess	0.62
					    specularColor	0.9 0.9 0.9
				    }

			    }

			    geometry	DEF VIFS610-FACES IndexedFaceSet {
				    coord	DEF VIFS610-COORD Coordinate {
					    point	[ -4.291 0 -0.2801,
							      -4.735 0.7526 -0.3747,
							      -4.723 1.5 -0.5084,
							      -4.314 1.5 -0.5441,
							      -4.291 0 -0.2801,
							      -4.723 1.5 -0.5084,
							      -4.744 0 -0.2405,
							      -4.735 0.7526 -0.3747,
							      -4.291 0 -0.2801 ]
				    }

				    ccw	TRUE
				    solid	FALSE
				    coordIndex	[ 0, 1, 2, -1, 3, 4, 5, -1,
						      6, 7, 8, -1 ]
			    }

		    }
	    }

	    DEF VIFS609 Transform {
		    translation	0 0 -0.5
		    rotation	1 0 0  1.571
		    children Shape {
			    appearance	Appearance {
				    material	Material {
					    ambientIntensity	1
					    diffuseColor	0.8745 0.6824 0.5882
					    shininess	0.62
					    specularColor	0.9 0.9 0.9
				    }

			    }

			    geometry	DEF VIFS609-FACES IndexedFaceSet {
				    coord	DEF VIFS609-COORD Coordinate {
					    point	[ -4.331 1.5 -0.7434,
							      -4.715 0.7534 -0.5774,
							      -4.729 0 -0.4425,
							      -4.308 0 -0.4794,
							      -4.331 1.5 -0.7434,
							      -4.729 0 -0.4425,
							      -4.696 1.5 -0.7114,
							      -4.715 0.7534 -0.5774,
							      -4.331 1.5 -0.7434 ]
				    }

				    ccw	TRUE
				    solid	FALSE
				    coordIndex	[ 0, 1, 2, -1, 3, 4, 5, -1,
						      6, 7, 8, -1 ]
			    }

		    }
	    }

	    DEF VIFS608 Transform {
		    translation	0 0 -0.5
		    rotation	1 0 0  1.571
		    children Shape {
			    appearance	Appearance {
				    material	Material {
					    ambientIntensity	1
					    diffuseColor	0.8745 0.6824 0.5882
					    shininess	0.62
					    specularColor	0.9 0.9 0.9
				    }

			    }

			    geometry	DEF VIFS608-FACES IndexedFaceSet {
				    coord	DEF VIFS608-COORD Coordinate {
					    point	[ -4.331 1.5 -0.7434,
							      -4.308 0 -0.4794,
							      -4.314 1.5 -0.5441,
							      -4.291 0 -0.2801,
							      -4.314 1.5 -0.5441,
							      -4.308 0 -0.4794 ]
				    }

				    ccw	TRUE
				    solid	FALSE
				    coordIndex	[ 0, 1, 2, -1, 3, 4, 5, -1 ]
			    }

		    }
	    }

	    DEF VIFS607 Transform {
		    translation	0 0 -0.5
		    rotation	1 0 0  1.571
		    children Shape {
			    appearance	Appearance {
				    material	Material {
					    ambientIntensity	1
					    diffuseColor	0.8745 0.6824 0.5882
					    shininess	0.62
					    specularColor	0.9 0.9 0.9
				    }

			    }

			    geometry	DEF VIFS607-FACES IndexedFaceSet {
				    coord	DEF VIFS607-COORD Coordinate {
					    point	[ -4.25 0 -0.653,
							      -4.685 0.7526 -0.786,
							      -4.66 1.5 -0.918,
							      -4.25 1.5 -0.918,
							      -4.25 0 -0.653,
							      -4.66 1.5 -0.918,
							      -4.705 0 -0.653,
							      -4.685 0.7526 -0.786,
							      -4.25 0 -0.653 ]
				    }

				    ccw	TRUE
				    solid	FALSE
				    coordIndex	[ 0, 1, 2, -1, 3, 4, 5, -1,
						      6, 7, 8, -1 ]
			    }

		    }
	    }

	    DEF VIFS606 Transform {
		    translation	0 0 -0.5
		    rotation	1 0 0  1.571
		    children Shape {
			    appearance	Appearance {
				    material	Material {
					    ambientIntensity	1
					    diffuseColor	0.8745 0.6824 0.5882
					    shininess	0.62
					    specularColor	0.9 0.9 0.9
				    }

			    }

			    geometry	DEF VIFS606-FACES IndexedFaceSet {
				    coord	DEF VIFS606-COORD Coordinate {
					    point	[ -4.25 1.5 -1.118,
							      -4.647 0.7534 -0.9861,
							      -4.673 0 -0.853,
							      -4.25 0 -0.853,
							      -4.25 1.5 -1.118,
							      -4.673 0 -0.853,
							      -4.617 1.5 -1.118,
							      -4.647 0.7534 -0.9861,
							      -4.25 1.5 -1.118 ]
				    }

				    ccw	TRUE
				    solid	FALSE
				    coordIndex	[ 0, 1, 2, -1, 3, 4, 5, -1,
						      6, 7, 8, -1 ]
			    }

		    }
	    }

	    DEF VIFS605 Transform {
		    translation	0 0 -0.5
		    rotation	1 0 0  1.571
		    children Shape {
			    appearance	Appearance {
				    material	Material {
					    ambientIntensity	1
					    diffuseColor	0.8745 0.6824 0.5882
					    shininess	0.62
					    specularColor	0.9 0.9 0.9
				    }

			    }

			    geometry	DEF VIFS605-FACES IndexedFaceSet {
				    coord	DEF VIFS605-COORD Coordinate {
					    point	[ -4.25 1.5 -1.118,
							      -4.25 0 -0.853,
							      -4.25 1.5 -0.918,
							      -4.25 0 -0.653,
							      -4.25 1.5 -0.918,
							      -4.25 0 -0.853 ]
				    }

				    ccw	TRUE
				    solid	FALSE
				    coordIndex	[ 0, 1, 2, -1, 3, 4, 5, -1 ]
			    }

		    }
	    }

	    DEF VIFS604 Transform {
		    translation	0 0 -0.5
		    rotation	1 0 0  1.571
		    children Shape {
			    appearance	Appearance {
				    material	Material {
					    ambientIntensity	1
					    diffuseColor	0.8745 0.6824 0.5882
					    shininess	0.62
					    specularColor	0.9 0.9 0.9
				    }

			    }

			    geometry	DEF VIFS604-FACES IndexedFaceSet {
				    coord	DEF VIFS604-COORD Coordinate {
					    point	[ -4.177 0 -1.021,
							      -4.598 0.7526 -1.191,
							      -4.563 1.5 -1.321,
							      -4.154 1.5 -1.285,
							      -4.177 0 -1.021,
							      -4.563 1.5 -1.321,
							      -4.63 0 -1.061,
							      -4.598 0.7526 -1.191,
							      -4.177 0 -1.021 ]
				    }

				    ccw	TRUE
				    solid	FALSE
				    coordIndex	[ 0, 1, 2, -1, 3, 4, 5, -1,
						      6, 7, 8, -1 ]
			    }

		    }
	    }

	    DEF VIFS603 Transform {
		    translation	0 0 -0.5
		    rotation	1 0 0  1.571
		    children Shape {
			    appearance	Appearance {
				    material	Material {
					    ambientIntensity	1
					    diffuseColor	0.8745 0.6824 0.5882
					    shininess	0.62
					    specularColor	0.9 0.9 0.9
				    }

			    }

			    geometry	DEF VIFS603-FACES IndexedFaceSet {
				    coord	DEF VIFS603-COORD Coordinate {
					    point	[ -4.136 1.5 -1.484,
							      -4.543 0.7534 -1.387,
							      -4.581 0 -1.257,
							      -4.159 0 -1.22,
							      -4.136 1.5 -1.484,
							      -4.581 0 -1.257,
							      -4.502 1.5 -1.516,
							      -4.543 0.7534 -1.387,
							      -4.136 1.5 -1.484 ]
				    }

				    ccw	TRUE
				    solid	FALSE
				    coordIndex	[ 0, 1, 2, -1, 3, 4, 5, -1,
						      6, 7, 8, -1 ]
			    }

		    }
	    }

	    DEF VIFS602 Transform {
		    translation	0 0 -0.5
		    rotation	1 0 0  1.571
		    children Shape {
			    appearance	Appearance {
				    material	Material {
					    ambientIntensity	1
					    diffuseColor	0.8745 0.6824 0.5882
					    shininess	0.62
					    specularColor	0.9 0.9 0.9
				    }

			    }

			    geometry	DEF VIFS602-FACES IndexedFaceSet {
				    coord	DEF VIFS602-COORD Coordinate {
					    point	[ -4.136 1.5 -1.484,
							      -4.159 0 -1.22,
							      -4.154 1.5 -1.285,
							      -4.177 0 -1.021,
							      -4.154 1.5 -1.285,
							      -4.159 0 -1.22 ]
				    }

				    ccw	TRUE
				    solid	FALSE
				    coordIndex	[ 0, 1, 2, -1, 3, 4, 5, -1 ]
			    }

		    }
	    }

	    DEF VIFS601 Transform {
		    translation	0 0 -0.5
		    rotation	1 0 0  1.571
		    children Shape {
			    appearance	Appearance {
				    material	Material {
					    ambientIntensity	1
					    diffuseColor	0.8745 0.6824 0.5882
					    shininess	0.62
					    specularColor	0.9 0.9 0.9
				    }

			    }

			    geometry	DEF VIFS601-FACES IndexedFaceSet {
				    coord	DEF VIFS601-COORD Coordinate {
					    point	[ -4.072 0 -1.381,
							      -4.477 0.7526 -1.588,
							      -4.43 1.5 -1.713,
							      -4.026 1.5 -1.642,
							      -4.072 0 -1.381,
							      -4.43 1.5 -1.713,
							      -4.52 0 -1.46,
							      -4.477 0.7526 -1.588,
							      -4.072 0 -1.381 ]
				    }

				    ccw	TRUE
				    solid	FALSE
				    coordIndex	[ 0, 1, 2, -1, 3, 4, 5, -1,
						      6, 7, 8, -1 ]
			    }

		    }
	    }

	    DEF VIFS600 Transform {
		    translation	0 0 -0.5
		    rotation	1 0 0  1.571
		    children Shape {
			    appearance	Appearance {
				    material	Material {
					    ambientIntensity	1
					    diffuseColor	0.8745 0.6824 0.5882
					    shininess	0.62
					    specularColor	0.9 0.9 0.9
				    }

			    }

			    geometry	DEF VIFS600-FACES IndexedFaceSet {
				    coord	DEF VIFS600-COORD Coordinate {
					    point	[ -3.991 1.5 -1.839,
							      -4.405 0.7534 -1.778,
							      -4.454 0 -1.651,
							      -4.037 0 -1.578,
							      -3.991 1.5 -1.839,
							      -4.454 0 -1.651,
							      -4.352 1.5 -1.903,
							      -4.405 0.7534 -1.778,
							      -3.991 1.5 -1.839 ]
				    }

				    ccw	TRUE
				    solid	FALSE
				    coordIndex	[ 0, 1, 2, -1, 3, 4, 5, -1,
						      6, 7, 8, -1 ]
			    }

		    }
	    }

	    DEF VIFS599 Transform {
		    translation	0 0 -0.5
		    rotation	1 0 0  1.571
		    children Shape {
			    appearance	Appearance {
				    material	Material {
					    ambientIntensity	1
					    diffuseColor	0.8745 0.6824 0.5882
					    shininess	0.62
					    specularColor	0.9 0.9 0.9
				    }

			    }

			    geometry	DEF VIFS599-FACES IndexedFaceSet {
				    coord	DEF VIFS599-COORD Coordinate {
					    point	[ -3.991 1.5 -1.839,
							      -4.037 0 -1.578,
							      -4.026 1.5 -1.642,
							      -4.072 0 -1.381,
							      -4.026 1.5 -1.642,
							      -4.037 0 -1.578 ]
				    }

				    ccw	TRUE
				    solid	FALSE
				    coordIndex	[ 0, 1, 2, -1, 3, 4, 5, -1 ]
			    }

		    }
	    }

	    DEF VIFS598 Transform {
		    translation	0 0 -0.5
		    rotation	1 0 0  1.571
		    children Shape {
			    appearance	Appearance {
				    material	Material {
					    ambientIntensity	1
					    diffuseColor	0.8745 0.6824 0.5882
					    shininess	0.62
					    specularColor	0.9 0.9 0.9
				    }

			    }

			    geometry	DEF VIFS598-FACES IndexedFaceSet {
				    coord	DEF VIFS598-COORD Coordinate {
					    point	[ -3.936 0 -1.731,
							      -4.321 0.7526 -1.972,
							      -4.264 1.5 -2.093,
							      -3.868 1.5 -1.987,
							      -3.936 0 -1.731,
							      -4.264 1.5 -2.093,
							      -4.376 0 -1.849,
							      -4.321 0.7526 -1.972,
							      -3.936 0 -1.731 ]
				    }

				    ccw	TRUE
				    solid	FALSE
				    coordIndex	[ 0, 1, 2, -1, 3, 4, 5, -1,
						      6, 7, 8, -1 ]
			    }

		    }
	    }

	    DEF VIFS597 Transform {
		    translation	0 0 -0.5
		    rotation	1 0 0  1.571
		    children Shape {
			    appearance	Appearance {
				    material	Material {
					    ambientIntensity	1
					    diffuseColor	0.8745 0.6824 0.5882
					    shininess	0.62
					    specularColor	0.9 0.9 0.9
				    }

			    }

			    geometry	DEF VIFS597-FACES IndexedFaceSet {
				    coord	DEF VIFS597-COORD Coordinate {
					    point	[ -3.816 1.5 -2.18,
							      -4.233 0.7534 -2.155,
							      -4.293 0 -2.033,
							      -3.884 0 -1.924,
							      -3.816 1.5 -2.18,
							      -4.293 0 -2.033,
							      -4.17 1.5 -2.275,
							      -4.233 0.7534 -2.155,
							      -3.816 1.5 -2.18 ]
				    }

				    ccw	TRUE
				    solid	FALSE
				    coordIndex	[ 0, 1, 2, -1, 3, 4, 5, -1,
						      6, 7, 8, -1 ]
			    }

		    }
	    }

	    DEF VIFS596 Transform {
		    translation	0 0 -0.5
		    rotation	1 0 0  1.571
		    children Shape {
			    appearance	Appearance {
				    material	Material {
					    ambientIntensity	1
					    diffuseColor	0.8745 0.6824 0.5882
					    shininess	0.62
					    specularColor	0.9 0.9 0.9
				    }

			    }

			    geometry	DEF VIFS596-FACES IndexedFaceSet {
				    coord	DEF VIFS596-COORD Coordinate {
					    point	[ -3.816 1.5 -2.18,
							      -3.884 0 -1.924,
							      -3.868 1.5 -1.987,
							      -3.936 0 -1.731,
							      -3.868 1.5 -1.987,
							      -3.884 0 -1.924 ]
				    }

				    ccw	TRUE
				    solid	FALSE
				    coordIndex	[ 0, 1, 2, -1, 3, 4, 5, -1 ]
			    }

		    }
	    }

	    DEF VIFS595 Transform {
		    translation	0 0 -0.5
		    rotation	1 0 0  1.571
		    children Shape {
			    appearance	Appearance {
				    material	Material {
					    ambientIntensity	1
					    diffuseColor	0.8745 0.6824 0.5882
					    shininess	0.62
					    specularColor	0.9 0.9 0.9
				    }

			    }

			    geometry	DEF VIFS595-FACES IndexedFaceSet {
				    coord	DEF VIFS595-COORD Coordinate {
					    point	[ -3.77 0 -2.067,
							      -4.133 0.7526 -2.341,
							      -4.065 1.5 -2.457,
							      -3.68 1.5 -2.316,
							      -3.77 0 -2.067,
							      -4.065 1.5 -2.457,
							      -4.198 0 -2.223,
							      -4.133 0.7526 -2.341,
							      -3.77 0 -2.067 ]
				    }

				    ccw	TRUE
				    solid	FALSE
				    coordIndex	[ 0, 1, 2, -1, 3, 4, 5, -1,
						      6, 7, 8, -1 ]
			    }

		    }
	    }

	    DEF VIFS594 Transform {
		    translation	0 0 -0.5
		    rotation	1 0 0  1.571
		    children Shape {
			    appearance	Appearance {
				    material	Material {
					    ambientIntensity	1
					    diffuseColor	0.8745 0.6824 0.5882
					    shininess	0.62
					    specularColor	0.9 0.9 0.9
				    }

			    }

			    geometry	DEF VIFS594-FACES IndexedFaceSet {
				    coord	DEF VIFS594-COORD Coordinate {
					    point	[ -3.611 1.5 -2.504,
							      -4.029 0.7534 -2.516,
							      -4.099 0 -2.4,
							      -3.702 0 -2.255,
							      -3.611 1.5 -2.504,
							      -4.099 0 -2.4,
							      -3.956 1.5 -2.63,
							      -4.029 0.7534 -2.516,
							      -3.611 1.5 -2.504 ]
				    }

				    ccw	TRUE
				    solid	FALSE
				    coordIndex	[ 0, 1, 2, -1, 3, 4, 5, -1,
						      6, 7, 8, -1 ]
			    }

		    }
	    }

	    DEF VIFS593 Transform {
		    translation	0 0 -0.5
		    rotation	1 0 0  1.571
		    children Shape {
			    appearance	Appearance {
				    material	Material {
					    ambientIntensity	1
					    diffuseColor	0.8745 0.6824 0.5882
					    shininess	0.62
					    specularColor	0.9 0.9 0.9
				    }

			    }

			    geometry	DEF VIFS593-FACES IndexedFaceSet {
				    coord	DEF VIFS593-COORD Coordinate {
					    point	[ -3.611 1.5 -2.504,
							      -3.702 0 -2.255,
							      -3.68 1.5 -2.316,
							      -3.77 0 -2.067,
							      -3.68 1.5 -2.316,
							      -3.702 0 -2.255 ]
				    }

				    ccw	TRUE
				    solid	FALSE
				    coordIndex	[ 0, 1, 2, -1, 3, 4, 5, -1 ]
			    }

		    }
	    }

	    DEF VIFS592 Transform {
		    translation	0 0 -0.5
		    rotation	1 0 0  1.571
		    children Shape {
			    appearance	Appearance {
				    material	Material {
					    ambientIntensity	1
					    diffuseColor	0.8745 0.6824 0.5882
					    shininess	0.62
					    specularColor	0.9 0.9 0.9
				    }

			    }

			    geometry	DEF VIFS592-FACES IndexedFaceSet {
				    coord	DEF VIFS592-COORD Coordinate {
					    point	[ -3.576 0 -2.388,
							      -3.913 0.7526 -2.692,
							      -3.836 1.5 -2.802,
							      -3.464 1.5 -2.628,
							      -3.576 0 -2.388,
							      -3.836 1.5 -2.802,
							      -3.988 0 -2.58,
							      -3.913 0.7526 -2.692,
							      -3.576 0 -2.388 ]
				    }

				    ccw	TRUE
				    solid	FALSE
				    coordIndex	[ 0, 1, 2, -1, 3, 4, 5, -1,
						      6, 7, 8, -1 ]
			    }

		    }
	    }

	    DEF VIFS591 Transform {
		    translation	0 0 -0.5
		    rotation	1 0 0  1.571
		    children Shape {
			    appearance	Appearance {
				    material	Material {
					    ambientIntensity	1
					    diffuseColor	0.8745 0.6824 0.5882
					    shininess	0.62
					    specularColor	0.9 0.9 0.9
				    }

			    }

			    geometry	DEF VIFS591-FACES IndexedFaceSet {
				    coord	DEF VIFS591-COORD Coordinate {
					    point	[ -3.379 1.5 -2.809,
							      -3.794 0.7534 -2.857,
							      -3.874 0 -2.748,
							      -3.491 0 -2.569,
							      -3.379 1.5 -2.809,
							      -3.874 0 -2.748,
							      -3.711 1.5 -2.964,
							      -3.794 0.7534 -2.857,
							      -3.379 1.5 -2.809 ]
				    }

				    ccw	TRUE
				    solid	FALSE
				    coordIndex	[ 0, 1, 2, -1, 3, 4, 5, -1,
						      6, 7, 8, -1 ]
			    }

		    }
	    }

	    DEF VIFS590 Transform {
		    translation	0 0 -0.5
		    rotation	1 0 0  1.571
		    children Shape {
			    appearance	Appearance {
				    material	Material {
					    ambientIntensity	1
					    diffuseColor	0.8745 0.6824 0.5882
					    shininess	0.62
					    specularColor	0.9 0.9 0.9
				    }

			    }

			    geometry	DEF VIFS590-FACES IndexedFaceSet {
				    coord	DEF VIFS590-COORD Coordinate {
					    point	[ -3.379 1.5 -2.809,
							      -3.491 0 -2.569,
							      -3.464 1.5 -2.628,
							      -3.576 0 -2.388,
							      -3.464 1.5 -2.628,
							      -3.491 0 -2.569 ]
				    }

				    ccw	TRUE
				    solid	FALSE
				    coordIndex	[ 0, 1, 2, -1, 3, 4, 5, -1 ]
			    }

		    }
	    }

	    DEF VIFS589 Transform {
		    translation	0 0 -0.5
		    rotation	1 0 0  1.571
		    children Shape {
			    appearance	Appearance {
				    material	Material {
					    ambientIntensity	1
					    diffuseColor	0.8745 0.6824 0.5882
					    shininess	0.62
					    specularColor	0.9 0.9 0.9
				    }

			    }

			    geometry	DEF VIFS589-FACES IndexedFaceSet {
				    coord	DEF VIFS589-COORD Coordinate {
					    point	[ -3.354 0 -2.691,
							      -3.664 0.7526 -3.023,
							      -3.577 1.5 -3.125,
							      -3.222 1.5 -2.92,
							      -3.354 0 -2.691,
							      -3.577 1.5 -3.125,
							      -3.748 0 -2.918,
							      -3.664 0.7526 -3.023,
							      -3.354 0 -2.691 ]
				    }

				    ccw	TRUE
				    solid	FALSE
				    coordIndex	[ 0, 1, 2, -1, 3, 4, 5, -1,
						      6, 7, 8, -1 ]
			    }

		    }
	    }

	    DEF VIFS588 Transform {
		    translation	0 0 -0.5
		    rotation	1 0 0  1.571
		    children Shape {
			    appearance	Appearance {
				    material	Material {
					    ambientIntensity	1
					    diffuseColor	0.8745 0.6824 0.5882
					    shininess	0.62
					    specularColor	0.9 0.9 0.9
				    }

			    }

			    geometry	DEF VIFS588-FACES IndexedFaceSet {
				    coord	DEF VIFS588-COORD Coordinate {
					    point	[ -3.122 1.5 -3.093,
							      -3.531 0.7534 -3.177,
							      -3.62 0 -3.075,
							      -3.254 0 -2.864,
							      -3.122 1.5 -3.093,
							      -3.62 0 -3.075,
							      -3.439 1.5 -3.277,
							      -3.531 0.7534 -3.177,
							      -3.122 1.5 -3.093 ]
				    }

				    ccw	TRUE
				    solid	FALSE
				    coordIndex	[ 0, 1, 2, -1, 3, 4, 5, -1,
						      6, 7, 8, -1 ]
			    }

		    }
	    }

	    DEF VIFS587 Transform {
		    translation	0 0 -0.5
		    rotation	1 0 0  1.571
		    children Shape {
			    appearance	Appearance {
				    material	Material {
					    ambientIntensity	1
					    diffuseColor	0.8745 0.6824 0.5882
					    shininess	0.62
					    specularColor	0.9 0.9 0.9
				    }

			    }

			    geometry	DEF VIFS587-FACES IndexedFaceSet {
				    coord	DEF VIFS587-COORD Coordinate {
					    point	[ -3.122 1.5 -3.093,
							      -3.254 0 -2.864,
							      -3.222 1.5 -2.92,
							      -3.354 0 -2.691,
							      -3.222 1.5 -2.92,
							      -3.254 0 -2.864 ]
				    }

				    ccw	TRUE
				    solid	FALSE
				    coordIndex	[ 0, 1, 2, -1, 3, 4, 5, -1 ]
			    }

		    }
	    }

	    DEF VIFS586 Transform {
		    translation	0 0 -0.5
		    rotation	1 0 0  1.571
		    children Shape {
			    appearance	Appearance {
				    material	Material {
					    ambientIntensity	1
					    diffuseColor	0.8745 0.6824 0.5882
					    shininess	0.62
					    specularColor	0.9 0.9 0.9
				    }

			    }

			    geometry	DEF VIFS586-FACES IndexedFaceSet {
				    coord	DEF VIFS586-COORD Coordinate {
					    point	[ -3.107 0 -2.973,
							      -3.386 0.7526 -3.331,
							      -3.291 1.5 -3.425,
							      -2.955 1.5 -3.19,
							      -3.107 0 -2.973,
							      -3.291 1.5 -3.425,
							      -3.479 0 -3.234,
							      -3.386 0.7526 -3.331,
							      -3.107 0 -2.973 ]
				    }

				    ccw	TRUE
				    solid	FALSE
				    coordIndex	[ 0, 1, 2, -1, 3, 4, 5, -1,
						      6, 7, 8, -1 ]
			    }

		    }
	    }

	    DEF VIFS585 Transform {
		    translation	0 0 -0.5
		    rotation	1 0 0  1.571
		    children Shape {
			    appearance	Appearance {
				    material	Material {
					    ambientIntensity	1
					    diffuseColor	0.8745 0.6824 0.5882
					    shininess	0.62
					    specularColor	0.9 0.9 0.9
				    }

			    }

			    geometry	DEF VIFS585-FACES IndexedFaceSet {
				    coord	DEF VIFS585-COORD Coordinate {
					    point	[ -2.84 1.5 -3.354,
							      -3.241 0.7534 -3.473,
							      -3.338 0 -3.379,
							      -2.992 0 -3.136,
							      -2.84 1.5 -3.354,
							      -3.338 0 -3.379,
							      -3.14 1.5 -3.564,
							      -3.241 0.7534 -3.473,
							      -2.84 1.5 -3.354 ]
				    }

				    ccw	TRUE
				    solid	FALSE
				    coordIndex	[ 0, 1, 2, -1, 3, 4, 5, -1,
						      6, 7, 8, -1 ]
			    }

		    }
	    }

	    DEF VIFS584 Transform {
		    translation	0 0 -0.5
		    rotation	1 0 0  1.571
		    children Shape {
			    appearance	Appearance {
				    material	Material {
					    ambientIntensity	1
					    diffuseColor	0.8745 0.6824 0.5882
					    shininess	0.62
					    specularColor	0.9 0.9 0.9
				    }

			    }

			    geometry	DEF VIFS584-FACES IndexedFaceSet {
				    coord	DEF VIFS584-COORD Coordinate {
					    point	[ -2.84 1.5 -3.354,
							      -2.992 0 -3.136,
							      -2.955 1.5 -3.19,
							      -3.107 0 -2.973,
							      -2.955 1.5 -3.19,
							      -2.992 0 -3.136 ]
				    }

				    ccw	TRUE
				    solid	FALSE
				    coordIndex	[ 0, 1, 2, -1, 3, 4, 5, -1 ]
			    }

		    }
	    }

	    DEF VIFS583 Transform {
		    translation	0 0 -0.5
		    rotation	1 0 0  1.571
		    children Shape {
			    appearance	Appearance {
				    material	Material {
					    ambientIntensity	1
					    diffuseColor	0.8745 0.6824 0.5882
					    shininess	0.62
					    specularColor	0.9 0.9 0.9
				    }

			    }

			    geometry	DEF VIFS583-FACES IndexedFaceSet {
				    coord	DEF VIFS583-COORD Coordinate {
					    point	[ -2.836 0 -3.232,
							      -3.083 0.7526 -3.613,
							      -2.98 1.5 -3.699,
							      -2.666 1.5 -3.435,
							      -2.836 0 -3.232,
							      -2.98 1.5 -3.699,
							      -3.184 0 -3.524,
							      -3.083 0.7526 -3.613,
							      -2.836 0 -3.232 ]
				    }

				    ccw	TRUE
				    solid	FALSE
				    coordIndex	[ 0, 1, 2, -1, 3, 4, 5, -1,
						      6, 7, 8, -1 ]
			    }

		    }
	    }

	    DEF VIFS582 Transform {
		    translation	0 0 -0.5
		    rotation	1 0 0  1.571
		    children Shape {
			    appearance	Appearance {
				    material	Material {
					    ambientIntensity	1
					    diffuseColor	0.8745 0.6824 0.5882
					    shininess	0.62
					    specularColor	0.9 0.9 0.9
				    }

			    }

			    geometry	DEF VIFS582-FACES IndexedFaceSet {
				    coord	DEF VIFS582-COORD Coordinate {
					    point	[ -2.537 1.5 -3.588,
							      -2.926 0.7534 -3.742,
							      -3.031 0 -3.657,
							      -2.707 0 -3.385,
							      -2.537 1.5 -3.588,
							      -3.031 0 -3.657,
							      -2.818 1.5 -3.824,
							      -2.926 0.7534 -3.742,
							      -2.537 1.5 -3.588 ]
				    }

				    ccw	TRUE
				    solid	FALSE
				    coordIndex	[ 0, 1, 2, -1, 3, 4, 5, -1,
						      6, 7, 8, -1 ]
			    }

		    }
	    }

	    DEF VIFS581 Transform {
		    translation	0 0 -0.5
		    rotation	1 0 0  1.571
		    children Shape {
			    appearance	Appearance {
				    material	Material {
					    ambientIntensity	1
					    diffuseColor	0.8745 0.6824 0.5882
					    shininess	0.62
					    specularColor	0.9 0.9 0.9
				    }

			    }

			    geometry	DEF VIFS581-FACES IndexedFaceSet {
				    coord	DEF VIFS581-COORD Coordinate {
					    point	[ -2.537 1.5 -3.588,
							      -2.707 0 -3.385,
							      -2.666 1.5 -3.435,
							      -2.836 0 -3.232,
							      -2.666 1.5 -3.435,
							      -2.707 0 -3.385 ]
				    }

				    ccw	TRUE
				    solid	FALSE
				    coordIndex	[ 0, 1, 2, -1, 3, 4, 5, -1 ]
			    }

		    }
	    }

	    DEF VIFS580 Transform {
		    translation	0 0 -0.5
		    rotation	1 0 0  1.571
		    children Shape {
			    appearance	Appearance {
				    material	Material {
					    ambientIntensity	1
					    diffuseColor	0.8745 0.6824 0.5882
					    shininess	0.62
					    specularColor	0.9 0.9 0.9
				    }

			    }

			    geometry	DEF VIFS580-FACES IndexedFaceSet {
				    coord	DEF VIFS580-COORD Coordinate {
					    point	[ -2.543 0 -3.467,
							      -2.757 0.7526 -3.868,
							      -2.646 1.5 -3.945,
							      -2.356 1.5 -3.654,
							      -2.543 0 -3.467,
							      -2.646 1.5 -3.945,
							      -2.865 0 -3.789,
							      -2.757 0.7526 -3.868,
							      -2.543 0 -3.467 ]
				    }

				    ccw	TRUE
				    solid	FALSE
				    coordIndex	[ 0, 1, 2, -1, 3, 4, 5, -1,
						      6, 7, 8, -1 ]
			    }

		    }
	    }

	    DEF VIFS579 Transform {
		    translation	0 0 -0.5
		    rotation	1 0 0  1.571
		    children Shape {
			    appearance	Appearance {
				    material	Material {
					    ambientIntensity	1
					    diffuseColor	0.8745 0.6824 0.5882
					    shininess	0.62
					    specularColor	0.9 0.9 0.9
				    }

			    }

			    geometry	DEF VIFS579-FACES IndexedFaceSet {
				    coord	DEF VIFS579-COORD Coordinate {
					    point	[ -2.215 1.5 -3.796,
							      -2.588 0.7534 -3.983,
							      -2.701 0 -3.907,
							      -2.402 0 -3.608,
							      -2.215 1.5 -3.796,
							      -2.701 0 -3.907,
							      -2.474 1.5 -4.055,
							      -2.588 0.7534 -3.983,
							      -2.215 1.5 -3.796 ]
				    }

				    ccw	TRUE
				    solid	FALSE
				    coordIndex	[ 0, 1, 2, -1, 3, 4, 5, -1,
						      6, 7, 8, -1 ]
			    }

		    }
	    }

	    DEF VIFS578 Transform {
		    translation	0 0 -0.5
		    rotation	1 0 0  1.571
		    children Shape {
			    appearance	Appearance {
				    material	Material {
					    ambientIntensity	1
					    diffuseColor	0.8745 0.6824 0.5882
					    shininess	0.62
					    specularColor	0.9 0.9 0.9
				    }

			    }

			    geometry	DEF VIFS578-FACES IndexedFaceSet {
				    coord	DEF VIFS578-COORD Coordinate {
					    point	[ -2.215 1.5 -3.796,
							      -2.402 0 -3.608,
							      -2.356 1.5 -3.654,
							      -2.543 0 -3.467,
							      -2.356 1.5 -3.654,
							      -2.402 0 -3.608 ]
				    }

				    ccw	TRUE
				    solid	FALSE
				    coordIndex	[ 0, 1, 2, -1, 3, 4, 5, -1 ]
			    }

		    }
	    }

	    DEF VIFS577 Transform {
		    translation	0 0 -0.5
		    rotation	1 0 0  1.571
		    children Shape {
			    appearance	Appearance {
				    material	Material {
					    ambientIntensity	1
					    diffuseColor	0.8745 0.6824 0.5882
					    shininess	0.62
					    specularColor	0.9 0.9 0.9
				    }

			    }

			    geometry	DEF VIFS577-FACES IndexedFaceSet {
				    coord	DEF VIFS577-COORD Coordinate {
					    point	[ -2.232 0 -3.675,
							      -2.409 0.7526 -4.094,
							      -2.292 1.5 -4.16,
							      -2.029 1.5 -3.846,
							      -2.232 0 -3.675,
							      -2.292 1.5 -4.16,
							      -2.524 0 -4.024,
							      -2.409 0.7526 -4.094,
							      -2.232 0 -3.675 ]
				    }

				    ccw	TRUE
				    solid	FALSE
				    coordIndex	[ 0, 1, 2, -1, 3, 4, 5, -1,
						      6, 7, 8, -1 ]
			    }

		    }
	    }

	    DEF VIFS576 Transform {
		    translation	0 0 -0.5
		    rotation	1 0 0  1.571
		    children Shape {
			    appearance	Appearance {
				    material	Material {
					    ambientIntensity	1
					    diffuseColor	0.8745 0.6824 0.5882
					    shininess	0.62
					    specularColor	0.9 0.9 0.9
				    }

			    }

			    geometry	DEF VIFS576-FACES IndexedFaceSet {
				    coord	DEF VIFS576-COORD Coordinate {
					    point	[ -1.875 1.5 -3.974,
							      -2.231 0.7534 -4.193,
							      -2.35 0 -4.128,
							      -2.078 0 -3.804,
							      -1.875 1.5 -3.974,
							      -2.35 0 -4.128,
							      -2.111 1.5 -4.255,
							      -2.231 0.7534 -4.193,
							      -1.875 1.5 -3.974 ]
				    }

				    ccw	TRUE
				    solid	FALSE
				    coordIndex	[ 0, 1, 2, -1, 3, 4, 5, -1,
						      6, 7, 8, -1 ]
			    }

		    }
	    }

	    DEF VIFS575 Transform {
		    translation	0 0 -0.5
		    rotation	1 0 0  1.571
		    children Shape {
			    appearance	Appearance {
				    material	Material {
					    ambientIntensity	1
					    diffuseColor	0.8745 0.6824 0.5882
					    shininess	0.62
					    specularColor	0.9 0.9 0.9
				    }

			    }

			    geometry	DEF VIFS575-FACES IndexedFaceSet {
				    coord	DEF VIFS575-COORD Coordinate {
					    point	[ -1.875 1.5 -3.974,
							      -2.078 0 -3.804,
							      -2.029 1.5 -3.846,
							      -2.232 0 -3.675,
							      -2.029 1.5 -3.846,
							      -2.078 0 -3.804 ]
				    }

				    ccw	TRUE
				    solid	FALSE
				    coordIndex	[ 0, 1, 2, -1, 3, 4, 5, -1 ]
			    }

		    }
	    }

	    DEF VIFS574 Transform {
		    translation	0 0 -0.5
		    rotation	1 0 0  1.571
		    children Shape {
			    appearance	Appearance {
				    material	Material {
					    ambientIntensity	1
					    diffuseColor	0.8745 0.6824 0.5882
					    shininess	0.62
					    specularColor	0.9 0.9 0.9
				    }

			    }

			    geometry	DEF VIFS574-FACES IndexedFaceSet {
				    coord	DEF VIFS574-COORD Coordinate {
					    point	[ -1.903 0 -3.856,
							      -2.043 0.7526 -4.288,
							      -1.921 1.5 -4.344,
							      -1.686 1.5 -4.008,
							      -1.903 0 -3.856,
							      -1.921 1.5 -4.344,
							      -2.164 0 -4.229,
							      -2.043 0.7526 -4.288,
							      -1.903 0 -3.856 ]
				    }

				    ccw	TRUE
				    solid	FALSE
				    coordIndex	[ 0, 1, 2, -1, 3, 4, 5, -1,
						      6, 7, 8, -1 ]
			    }

		    }
	    }

	    DEF VIFS573 Transform {
		    translation	0 0 -0.5
		    rotation	1 0 0  1.571
		    children Shape {
			    appearance	Appearance {
				    material	Material {
					    ambientIntensity	1
					    diffuseColor	0.8745 0.6824 0.5882
					    shininess	0.62
					    specularColor	0.9 0.9 0.9
				    }

			    }

			    geometry	DEF VIFS573-FACES IndexedFaceSet {
				    coord	DEF VIFS573-COORD Coordinate {
					    point	[ -1.522 1.5 -4.123,
							      -1.857 0.7534 -4.372,
							      -1.981 0 -4.317,
							      -1.739 0 -3.971,
							      -1.522 1.5 -4.123,
							      -1.981 0 -4.317,
							      -1.732 1.5 -4.423,
							      -1.857 0.7534 -4.372,
							      -1.522 1.5 -4.123 ]
				    }

				    ccw	TRUE
				    solid	FALSE
				    coordIndex	[ 0, 1, 2, -1, 3, 4, 5, -1,
						      6, 7, 8, -1 ]
			    }

		    }
	    }

	    DEF VIFS572 Transform {
		    translation	0 0 -0.5
		    rotation	1 0 0  1.571
		    children Shape {
			    appearance	Appearance {
				    material	Material {
					    ambientIntensity	1
					    diffuseColor	0.8745 0.6824 0.5882
					    shininess	0.62
					    specularColor	0.9 0.9 0.9
				    }

			    }

			    geometry	DEF VIFS572-FACES IndexedFaceSet {
				    coord	DEF VIFS572-COORD Coordinate {
					    point	[ -1.522 1.5 -4.123,
							      -1.739 0 -3.971,
							      -1.686 1.5 -4.008,
							      -1.903 0 -3.856,
							      -1.686 1.5 -4.008,
							      -1.739 0 -3.971 ]
				    }

				    ccw	TRUE
				    solid	FALSE
				    coordIndex	[ 0, 1, 2, -1, 3, 4, 5, -1 ]
			    }

		    }
	    }

	    DEF VIFS571 Transform {
		    translation	0 0 -0.5
		    rotation	1 0 0  1.571
		    children Shape {
			    appearance	Appearance {
				    material	Material {
					    ambientIntensity	1
					    diffuseColor	0.8745 0.6824 0.5882
					    shininess	0.62
					    specularColor	0.9 0.9 0.9
				    }

			    }

			    geometry	DEF VIFS571-FACES IndexedFaceSet {
				    coord	DEF VIFS571-COORD Coordinate {
					    point	[ -1.559 0 -4.007,
							      -1.662 0.7526 -4.45,
							      -1.535 1.5 -4.495,
							      -1.33 1.5 -4.14,
							      -1.559 0 -4.007,
							      -1.535 1.5 -4.495,
							      -1.787 0 -4.401,
							      -1.662 0.7526 -4.45,
							      -1.559 0 -4.007 ]
				    }

				    ccw	TRUE
				    solid	FALSE
				    coordIndex	[ 0, 1, 2, -1, 3, 4, 5, -1,
						      6, 7, 8, -1 ]
			    }

		    }
	    }

	    DEF VIFS570 Transform {
		    translation	0 0 -0.5
		    rotation	1 0 0  1.571
		    children Shape {
			    appearance	Appearance {
				    material	Material {
					    ambientIntensity	1
					    diffuseColor	0.8745 0.6824 0.5882
					    shininess	0.62
					    specularColor	0.9 0.9 0.9
				    }

			    }

			    geometry	DEF VIFS570-FACES IndexedFaceSet {
				    coord	DEF VIFS570-COORD Coordinate {
					    point	[ -1.157 1.5 -4.24,
							      -1.469 0.7534 -4.517,
							      -1.598 0 -4.473,
							      -1.386 0 -4.107,
							      -1.157 1.5 -4.24,
							      -1.598 0 -4.473,
							      -1.34 1.5 -4.557,
							      -1.469 0.7534 -4.517,
							      -1.157 1.5 -4.24 ]
				    }

				    ccw	TRUE
				    solid	FALSE
				    coordIndex	[ 0, 1, 2, -1, 3, 4, 5, -1,
						      6, 7, 8, -1 ]
			    }

		    }
	    }

	    DEF VIFS569 Transform {
		    translation	0 0 -0.5
		    rotation	1 0 0  1.571
		    children Shape {
			    appearance	Appearance {
				    material	Material {
					    ambientIntensity	1
					    diffuseColor	0.8745 0.6824 0.5882
					    shininess	0.62
					    specularColor	0.9 0.9 0.9
				    }

			    }

			    geometry	DEF VIFS569-FACES IndexedFaceSet {
				    coord	DEF VIFS569-COORD Coordinate {
					    point	[ -1.157 1.5 -4.24,
							      -1.386 0 -4.107,
							      -1.33 1.5 -4.14,
							      -1.559 0 -4.007,
							      -1.33 1.5 -4.14,
							      -1.386 0 -4.107 ]
				    }

				    ccw	TRUE
				    solid	FALSE
				    coordIndex	[ 0, 1, 2, -1, 3, 4, 5, -1 ]
			    }

		    }
	    }

	    DEF VIFS568 Transform {
		    translation	0 0 -0.5
		    rotation	1 0 0  1.571
		    children Shape {
			    appearance	Appearance {
				    material	Material {
					    ambientIntensity	1
					    diffuseColor	0.8745 0.6824 0.5882
					    shininess	0.62
					    specularColor	0.9 0.9 0.9
				    }

			    }

			    geometry	DEF VIFS568-FACES IndexedFaceSet {
				    coord	DEF VIFS568-COORD Coordinate {
					    point	[ -1.204 0 -4.128,
							      -1.267 0.7526 -4.578,
							      -1.138 1.5 -4.612,
							      -0.9641 1.5 -4.24,
							      -1.204 0 -4.128,
							      -1.138 1.5 -4.612,
							      -1.397 0 -4.54,
							      -1.267 0.7526 -4.578,
							      -1.204 0 -4.128 ]
				    }

				    ccw	TRUE
				    solid	FALSE
				    coordIndex	[ 0, 1, 2, -1, 3, 4, 5, -1,
						      6, 7, 8, -1 ]
			    }

		    }
	    }

	    DEF VIFS567 Transform {
		    translation	0 0 -0.5
		    rotation	1 0 0  1.571
		    children Shape {
			    appearance	Appearance {
				    material	Material {
					    ambientIntensity	1
					    diffuseColor	0.8745 0.6824 0.5882
					    shininess	0.62
					    specularColor	0.9 0.9 0.9
				    }

			    }

			    geometry	DEF VIFS567-FACES IndexedFaceSet {
				    coord	DEF VIFS567-COORD Coordinate {
					    point	[ -0.7828 1.5 -4.324,
							      -1.07 0.7534 -4.628,
							      -1.202 0 -4.595,
							      -1.023 0 -4.212,
							      -0.7828 1.5 -4.324,
							      -1.202 0 -4.595,
							      -0.9377 1.5 -4.657,
							      -1.07 0.7534 -4.628,
							      -0.7828 1.5 -4.324 ]
				    }

				    ccw	TRUE
				    solid	FALSE
				    coordIndex	[ 0, 1, 2, -1, 3, 4, 5, -1,
						      6, 7, 8, -1 ]
			    }

		    }
	    }

	    DEF VIFS566 Transform {
		    translation	0 0 -0.5
		    rotation	1 0 0  1.571
		    children Shape {
			    appearance	Appearance {
				    material	Material {
					    ambientIntensity	1
					    diffuseColor	0.8745 0.6824 0.5882
					    shininess	0.62
					    specularColor	0.9 0.9 0.9
				    }

			    }

			    geometry	DEF VIFS566-FACES IndexedFaceSet {
				    coord	DEF VIFS566-COORD Coordinate {
					    point	[ -0.7828 1.5 -4.324,
							      -1.023 0 -4.212,
							      -0.9641 1.5 -4.24,
							      -1.204 0 -4.128,
							      -0.9641 1.5 -4.24,
							      -1.023 0 -4.212 ]
				    }

				    ccw	TRUE
				    solid	FALSE
				    coordIndex	[ 0, 1, 2, -1, 3, 4, 5, -1 ]
			    }

		    }
	    }

	    DEF VIFS565 Transform {
		    translation	0 0 -0.5
		    rotation	1 0 0  1.571
		    children Shape {
			    appearance	Appearance {
				    material	Material {
					    ambientIntensity	1
					    diffuseColor	0.8745 0.6824 0.5882
					    shininess	0.62
					    specularColor	0.9 0.9 0.9
				    }

			    }

			    geometry	DEF VIFS565-FACES IndexedFaceSet {
				    coord	DEF VIFS565-COORD Coordinate {
					    point	[ -0.8399 0 -4.217,
							      -0.8636 0.7526 -4.671,
							      -0.7313 1.5 -4.693,
							      -0.5909 1.5 -4.308,
							      -0.8399 0 -4.217,
							      -0.7313 1.5 -4.693,
							      -0.9955 0 -4.644,
							      -0.8636 0.7526 -4.671,
							      -0.8399 0 -4.217 ]
				    }

				    ccw	TRUE
				    solid	FALSE
				    coordIndex	[ 0, 1, 2, -1, 3, 4, 5, -1,
						      6, 7, 8, -1 ]
			    }

		    }
	    }

	    DEF VIFS564 Transform {
		    translation	0 0 -0.5
		    rotation	1 0 0  1.571
		    children Shape {
			    appearance	Appearance {
				    material	Material {
					    ambientIntensity	1
					    diffuseColor	0.8745 0.6824 0.5882
					    shininess	0.62
					    specularColor	0.9 0.9 0.9
				    }

			    }

			    geometry	DEF VIFS564-FACES IndexedFaceSet {
				    coord	DEF VIFS564-COORD Coordinate {
					    point	[ -0.403 1.5 -4.376,
							      -0.6625 0.7534 -4.704,
							      -0.7966 0 -4.683,
							      -0.652 0 -4.285,
							      -0.403 1.5 -4.376,
							      -0.7966 0 -4.683,
							      -0.5283 1.5 -4.721,
							      -0.6625 0.7534 -4.704,
							      -0.403 1.5 -4.376 ]
				    }

				    ccw	TRUE
				    solid	FALSE
				    coordIndex	[ 0, 1, 2, -1, 3, 4, 5, -1,
						      6, 7, 8, -1 ]
			    }

		    }
	    }

	    DEF VIFS563 Transform {
		    translation	0 0 -0.5
		    rotation	1 0 0  1.571
		    children Shape {
			    appearance	Appearance {
				    material	Material {
					    ambientIntensity	1
					    diffuseColor	0.8745 0.6824 0.5882
					    shininess	0.62
					    specularColor	0.9 0.9 0.9
				    }

			    }

			    geometry	DEF VIFS563-FACES IndexedFaceSet {
				    coord	DEF VIFS563-COORD Coordinate {
					    point	[ -0.403 1.5 -4.376,
							      -0.652 0 -4.285,
							      -0.5909 1.5 -4.308,
							      -0.8399 0 -4.217,
							      -0.5909 1.5 -4.308,
							      -0.652 0 -4.285 ]
				    }

				    ccw	TRUE
				    solid	FALSE
				    coordIndex	[ 0, 1, 2, -1, 3, 4, 5, -1 ]
			    }

		    }
	    }

	    DEF VIFS562 Transform {
		    translation	0 0 -0.5
		    rotation	1 0 0  1.571
		    children Shape {
			    appearance	Appearance {
				    material	Material {
					    ambientIntensity	1
					    diffuseColor	0.8745 0.6824 0.5882
					    shininess	0.62
					    specularColor	0.9 0.9 0.9
				    }

			    }

			    geometry	DEF VIFS562-FACES IndexedFaceSet {
				    coord	DEF VIFS562-COORD Coordinate {
					    point	[ -0.4692 0 -4.274,
							      -0.4532 0.7526 -4.728,
							      -0.3194 1.5 -4.739,
							      -0.2132 1.5 -4.343,
							      -0.4692 0 -4.274,
							      -0.3194 1.5 -4.739,
							      -0.5869 0 -4.714,
							      -0.4532 0.7526 -4.728,
							      -0.4692 0 -4.274 ]
				    }

				    ccw	TRUE
				    solid	FALSE
				    coordIndex	[ 0, 1, 2, -1, 3, 4, 5, -1,
						      6, 7, 8, -1 ]
			    }

		    }
	    }

	    DEF VIFS561 Transform {
		    translation	0 0 -0.5
		    rotation	1 0 0  1.571
		    children Shape {
			    appearance	Appearance {
				    material	Material {
					    ambientIntensity	1
					    diffuseColor	0.8745 0.6824 0.5882
					    shininess	0.62
					    specularColor	0.9 0.9 0.9
				    }

			    }

			    geometry	DEF VIFS561-FACES IndexedFaceSet {
				    coord	DEF VIFS561-COORD Coordinate {
					    point	[ -0.02003 1.5 -4.395,
							      -0.2501 0.7534 -4.743,
							      -0.3854 0 -4.734,
							      -0.276 0 -4.326,
							      -0.02003 1.5 -4.395,
							      -0.3854 0 -4.734,
							      -0.1149 1.5 -4.749,
							      -0.2501 0.7534 -4.743,
							      -0.02003 1.5 -4.395 ]
				    }

				    ccw	TRUE
				    solid	FALSE
				    coordIndex	[ 0, 1, 2, -1, 3, 4, 5, -1,
						      6, 7, 8, -1 ]
			    }

		    }
	    }

	    DEF VIFS560 Transform {
		    translation	0 0 -0.5
		    rotation	1 0 0  1.571
		    children Shape {
			    appearance	Appearance {
				    material	Material {
					    ambientIntensity	1
					    diffuseColor	0.8745 0.6824 0.5882
					    shininess	0.62
					    specularColor	0.9 0.9 0.9
				    }

			    }

			    geometry	DEF VIFS560-FACES IndexedFaceSet {
				    coord	DEF VIFS560-COORD Coordinate {
					    point	[ -0.02003 1.5 -4.395,
							      -0.276 0 -4.326,
							      -0.2132 1.5 -4.343,
							      -0.4692 0 -4.274,
							      -0.2132 1.5 -4.343,
							      -0.276 0 -4.326 ]
				    }

				    ccw	TRUE
				    solid	FALSE
				    coordIndex	[ 0, 1, 2, -1, 3, 4, 5, -1 ]
			    }

		    }
	    }

	    DEF VIFS559 Transform {
		    translation	0 0 -0.5
		    rotation	1 0 0  1.571
		    children Shape {
			    appearance	Appearance {
				    material	Material {
					    ambientIntensity	1
					    diffuseColor	0.8745 0.6824 0.5882
					    shininess	0.62
					    specularColor	0.9 0.9 0.9
				    }

			    }

			    geometry	DEF VIFS559-FACES IndexedFaceSet {
				    coord	DEF VIFS559-COORD Coordinate {
					    point	[ -0.09488 0 -4.299,
							      -0.03939 0.7526 -4.75,
							      0.09481 1.5 -4.749,
							      0.1661 1.5 -4.345,
							      -0.09488 0 -4.299,
							      0.09481 1.5 -4.749,
							      -0.1739 0 -4.747,
							      -0.03939 0.7526 -4.75,
							      -0.09488 0 -4.299 ]
				    }

				    ccw	TRUE
				    solid	FALSE
				    coordIndex	[ 0, 1, 2, -1, 3, 4, 5, -1,
						      6, 7, 8, -1 ]
			    }

		    }
	    }

	    DEF VIFS558 Transform {
		    translation	0 0 -0.5
		    rotation	1 0 0  1.571
		    children Shape {
			    appearance	Appearance {
				    material	Material {
					    ambientIntensity	1
					    diffuseColor	0.8745 0.6824 0.5882
					    shininess	0.62
					    specularColor	0.9 0.9 0.9
				    }

			    }

			    geometry	DEF VIFS558-FACES IndexedFaceSet {
				    coord	DEF VIFS558-COORD Coordinate {
					    point	[ 0.3631 1.5 -4.38,
							      0.1643 0.7534 -4.747,
							      0.02866 0 -4.75,
							      0.1021 0 -4.334,
							      0.3631 1.5 -4.38,
							      0.02866 0 -4.75,
							      0.2994 1.5 -4.741,
							      0.1643 0.7534 -4.747,
							      0.3631 1.5 -4.38 ]
				    }

				    ccw	TRUE
				    solid	FALSE
				    coordIndex	[ 0, 1, 2, -1, 3, 4, 5, -1,
						      6, 7, 8, -1 ]
			    }

		    }
	    }

	    DEF VIFS557 Transform {
		    translation	0 0 -0.5
		    rotation	1 0 0  1.571
		    children Shape {
			    appearance	Appearance {
				    material	Material {
					    ambientIntensity	1
					    diffuseColor	0.8745 0.6824 0.5882
					    shininess	0.62
					    specularColor	0.9 0.9 0.9
				    }

			    }

			    geometry	DEF VIFS557-FACES IndexedFaceSet {
				    coord	DEF VIFS557-COORD Coordinate {
					    point	[ 0.3631 1.5 -4.38,
							      0.1021 0 -4.334,
							      0.1661 1.5 -4.345,
							      -0.09488 0 -4.299,
							      0.1661 1.5 -4.345,
							      0.1021 0 -4.334 ]
				    }

				    ccw	TRUE
				    solid	FALSE
				    coordIndex	[ 0, 1, 2, -1, 3, 4, 5, -1 ]
			    }

		    }
	    }

	    DEF VIFS556 Transform {
		    translation	0 0 -0.5
		    rotation	1 0 0  1.571
		    children Shape {
			    appearance	Appearance {
				    material	Material {
					    ambientIntensity	1
					    diffuseColor	0.8745 0.6824 0.5882
					    shininess	0.62
					    specularColor	0.9 0.9 0.9
				    }

			    }

			    geometry	DEF VIFS556-FACES IndexedFaceSet {
				    coord	DEF VIFS556-COORD Coordinate {
					    point	[ 0.2801 0 -4.291,
							      0.3747 0.7526 -4.735,
							      0.5084 1.5 -4.723,
							      0.5441 1.5 -4.314,
							      0.2801 0 -4.291,
							      0.5084 1.5 -4.723,
							      0.2405 0 -4.744,
							      0.3747 0.7526 -4.735,
							      0.2801 0 -4.291 ]
				    }

				    ccw	TRUE
				    solid	FALSE
				    coordIndex	[ 0, 1, 2, -1, 3, 4, 5, -1,
						      6, 7, 8, -1 ]
			    }

		    }
	    }

	    DEF VIFS555 Transform {
		    translation	0 0 -0.5
		    rotation	1 0 0  1.571
		    children Shape {
			    appearance	Appearance {
				    material	Material {
					    ambientIntensity	1
					    diffuseColor	0.8745 0.6824 0.5882
					    shininess	0.62
					    specularColor	0.9 0.9 0.9
				    }

			    }

			    geometry	DEF VIFS555-FACES IndexedFaceSet {
				    coord	DEF VIFS555-COORD Coordinate {
					    point	[ 0.7434 1.5 -4.331,
							      0.5774 0.7534 -4.715,
							      0.4425 0 -4.729,
							      0.4794 0 -4.308,
							      0.7434 1.5 -4.331,
							      0.4425 0 -4.729,
							      0.7114 1.5 -4.696,
							      0.5774 0.7534 -4.715,
							      0.7434 1.5 -4.331 ]
				    }

				    ccw	TRUE
				    solid	FALSE
				    coordIndex	[ 0, 1, 2, -1, 3, 4, 5, -1,
						      6, 7, 8, -1 ]
			    }

		    }
	    }

	    DEF VIFS554 Transform {
		    translation	0 0 -0.5
		    rotation	1 0 0  1.571
		    children Shape {
			    appearance	Appearance {
				    material	Material {
					    ambientIntensity	1
					    diffuseColor	0.8745 0.6824 0.5882
					    shininess	0.62
					    specularColor	0.9 0.9 0.9
				    }

			    }

			    geometry	DEF VIFS554-FACES IndexedFaceSet {
				    coord	DEF VIFS554-COORD Coordinate {
					    point	[ 0.7434 1.5 -4.331,
							      0.4794 0 -4.308,
							      0.5441 1.5 -4.314,
							      0.2801 0 -4.291,
							      0.5441 1.5 -4.314,
							      0.4794 0 -4.308 ]
				    }

				    ccw	TRUE
				    solid	FALSE
				    coordIndex	[ 0, 1, 2, -1, 3, 4, 5, -1 ]
			    }

		    }
	    }

	    DEF VIFS553 Transform {
		    translation	0 0 -0.5
		    rotation	1 0 0  1.571
		    children Shape {
			    appearance	Appearance {
				    material	Material {
					    ambientIntensity	1
					    diffuseColor	0.8745 0.6824 0.5882
					    shininess	0.62
					    specularColor	0.9 0.9 0.9
				    }

			    }

			    geometry	DEF VIFS553-FACES IndexedFaceSet {
				    coord	DEF VIFS553-COORD Coordinate {
					    point	[ 0.653 0 -4.25,
							      0.786 0.7526 -4.685,
							      0.918 1.5 -4.66,
							      0.918 1.5 -4.25,
							      0.653 0 -4.25,
							      0.918 1.5 -4.66,
							      0.653 0 -4.705,
							      0.786 0.7526 -4.685,
							      0.653 0 -4.25 ]
				    }

				    ccw	TRUE
				    solid	FALSE
				    coordIndex	[ 0, 1, 2, -1, 3, 4, 5, -1,
						      6, 7, 8, -1 ]
			    }

		    }
	    }

	    DEF VIFS552 Transform {
		    translation	0 0 -0.5
		    rotation	1 0 0  1.571
		    children Shape {
			    appearance	Appearance {
				    material	Material {
					    ambientIntensity	1
					    diffuseColor	0.8745 0.6824 0.5882
					    shininess	0.62
					    specularColor	0.9 0.9 0.9
				    }

			    }

			    geometry	DEF VIFS552-FACES IndexedFaceSet {
				    coord	DEF VIFS552-COORD Coordinate {
					    point	[ 1.118 1.5 -4.25,
							      0.9861 0.7534 -4.647,
							      0.853 0 -4.673,
							      0.853 0 -4.25,
							      1.118 1.5 -4.25,
							      0.853 0 -4.673,
							      1.118 1.5 -4.617,
							      0.9861 0.7534 -4.647,
							      1.118 1.5 -4.25 ]
				    }

				    ccw	TRUE
				    solid	FALSE
				    coordIndex	[ 0, 1, 2, -1, 3, 4, 5, -1,
						      6, 7, 8, -1 ]
			    }

		    }
	    }

	    DEF VIFS551 Transform {
		    translation	0 0 -0.5
		    rotation	1 0 0  1.571
		    children Shape {
			    appearance	Appearance {
				    material	Material {
					    ambientIntensity	1
					    diffuseColor	0.8745 0.6824 0.5882
					    shininess	0.62
					    specularColor	0.9 0.9 0.9
				    }

			    }

			    geometry	DEF VIFS551-FACES IndexedFaceSet {
				    coord	DEF VIFS551-COORD Coordinate {
					    point	[ 1.118 1.5 -4.25,
							      0.853 0 -4.25,
							      0.918 1.5 -4.25,
							      0.653 0 -4.25,
							      0.918 1.5 -4.25,
							      0.853 0 -4.25 ]
				    }

				    ccw	TRUE
				    solid	FALSE
				    coordIndex	[ 0, 1, 2, -1, 3, 4, 5, -1 ]
			    }

		    }
	    }

	    DEF VIFS550 Transform {
		    translation	0 0 -0.5
		    rotation	1 0 0  1.571
		    children Shape {
			    appearance	Appearance {
				    material	Material {
					    ambientIntensity	1
					    diffuseColor	0.8745 0.6824 0.5882
					    shininess	0.62
					    specularColor	0.9 0.9 0.9
				    }

			    }

			    geometry	DEF VIFS550-FACES IndexedFaceSet {
				    coord	DEF VIFS550-COORD Coordinate {
					    point	[ 1.021 0 -4.177,
							      1.191 0.7526 -4.598,
							      1.321 1.5 -4.563,
							      1.285 1.5 -4.154,
							      1.021 0 -4.177,
							      1.321 1.5 -4.563,
							      1.061 0 -4.63,
							      1.191 0.7526 -4.598,
							      1.021 0 -4.177 ]
				    }

				    ccw	TRUE
				    solid	FALSE
				    coordIndex	[ 0, 1, 2, -1, 3, 4, 5, -1,
						      6, 7, 8, -1 ]
			    }

		    }
	    }

	    DEF VIFS549 Transform {
		    translation	0 0 -0.5
		    rotation	1 0 0  1.571
		    children Shape {
			    appearance	Appearance {
				    material	Material {
					    ambientIntensity	1
					    diffuseColor	0.8745 0.6824 0.5882
					    shininess	0.62
					    specularColor	0.9 0.9 0.9
				    }

			    }

			    geometry	DEF VIFS549-FACES IndexedFaceSet {
				    coord	DEF VIFS549-COORD Coordinate {
					    point	[ 1.484 1.5 -4.136,
							      1.387 0.7534 -4.543,
							      1.257 0 -4.581,
							      1.22 0 -4.159,
							      1.484 1.5 -4.136,
							      1.257 0 -4.581,
							      1.516 1.5 -4.502,
							      1.387 0.7534 -4.543,
							      1.484 1.5 -4.136 ]
				    }

				    ccw	TRUE
				    solid	FALSE
				    coordIndex	[ 0, 1, 2, -1, 3, 4, 5, -1,
						      6, 7, 8, -1 ]
			    }

		    }
	    }

	    DEF VIFS548 Transform {
		    translation	0 0 -0.5
		    rotation	1 0 0  1.571
		    children Shape {
			    appearance	Appearance {
				    material	Material {
					    ambientIntensity	1
					    diffuseColor	0.8745 0.6824 0.5882
					    shininess	0.62
					    specularColor	0.9 0.9 0.9
				    }

			    }

			    geometry	DEF VIFS548-FACES IndexedFaceSet {
				    coord	DEF VIFS548-COORD Coordinate {
					    point	[ 1.484 1.5 -4.136,
							      1.22 0 -4.159,
							      1.285 1.5 -4.154,
							      1.021 0 -4.177,
							      1.285 1.5 -4.154,
							      1.22 0 -4.159 ]
				    }

				    ccw	TRUE
				    solid	FALSE
				    coordIndex	[ 0, 1, 2, -1, 3, 4, 5, -1 ]
			    }

		    }
	    }

	    DEF VIFS547 Transform {
		    translation	0 0 -0.5
		    rotation	1 0 0  1.571
		    children Shape {
			    appearance	Appearance {
				    material	Material {
					    ambientIntensity	1
					    diffuseColor	0.8745 0.6824 0.5882
					    shininess	0.62
					    specularColor	0.9 0.9 0.9
				    }

			    }

			    geometry	DEF VIFS547-FACES IndexedFaceSet {
				    coord	DEF VIFS547-COORD Coordinate {
					    point	[ 1.381 0 -4.072,
							      1.588 0.7526 -4.477,
							      1.713 1.5 -4.43,
							      1.642 1.5 -4.026,
							      1.381 0 -4.072,
							      1.713 1.5 -4.43,
							      1.46 0 -4.52,
							      1.588 0.7526 -4.477,
							      1.381 0 -4.072 ]
				    }

				    ccw	TRUE
				    solid	FALSE
				    coordIndex	[ 0, 1, 2, -1, 3, 4, 5, -1,
						      6, 7, 8, -1 ]
			    }

		    }
	    }

	    DEF VIFS546 Transform {
		    translation	0 0 -0.5
		    rotation	1 0 0  1.571
		    children Shape {
			    appearance	Appearance {
				    material	Material {
					    ambientIntensity	1
					    diffuseColor	0.8745 0.6824 0.5882
					    shininess	0.62
					    specularColor	0.9 0.9 0.9
				    }

			    }

			    geometry	DEF VIFS546-FACES IndexedFaceSet {
				    coord	DEF VIFS546-COORD Coordinate {
					    point	[ 1.839 1.5 -3.991,
							      1.778 0.7534 -4.405,
							      1.651 0 -4.454,
							      1.578 0 -4.037,
							      1.839 1.5 -3.991,
							      1.651 0 -4.454,
							      1.903 1.5 -4.352,
							      1.778 0.7534 -4.405,
							      1.839 1.5 -3.991 ]
				    }

				    ccw	TRUE
				    solid	FALSE
				    coordIndex	[ 0, 1, 2, -1, 3, 4, 5, -1,
						      6, 7, 8, -1 ]
			    }

		    }
	    }

	    DEF VIFS545 Transform {
		    translation	0 0 -0.5
		    rotation	1 0 0  1.571
		    children Shape {
			    appearance	Appearance {
				    material	Material {
					    ambientIntensity	1
					    diffuseColor	0.8745 0.6824 0.5882
					    shininess	0.62
					    specularColor	0.9 0.9 0.9
				    }

			    }

			    geometry	DEF VIFS545-FACES IndexedFaceSet {
				    coord	DEF VIFS545-COORD Coordinate {
					    point	[ 1.839 1.5 -3.991,
							      1.578 0 -4.037,
							      1.642 1.5 -4.026,
							      1.381 0 -4.072,
							      1.642 1.5 -4.026,
							      1.578 0 -4.037 ]
				    }

				    ccw	TRUE
				    solid	FALSE
				    coordIndex	[ 0, 1, 2, -1, 3, 4, 5, -1 ]
			    }

		    }
	    }

	    DEF VIFS544 Transform {
		    translation	0 0 -0.5
		    rotation	1 0 0  1.571
		    children Shape {
			    appearance	Appearance {
				    material	Material {
					    ambientIntensity	1
					    diffuseColor	0.8745 0.6824 0.5882
					    shininess	0.62
					    specularColor	0.9 0.9 0.9
				    }

			    }

			    geometry	DEF VIFS544-FACES IndexedFaceSet {
				    coord	DEF VIFS544-COORD Coordinate {
					    point	[ 1.731 0 -3.936,
							      1.972 0.7526 -4.321,
							      2.093 1.5 -4.264,
							      1.987 1.5 -3.868,
							      1.731 0 -3.936,
							      2.093 1.5 -4.264,
							      1.849 0 -4.376,
							      1.972 0.7526 -4.321,
							      1.731 0 -3.936 ]
				    }

				    ccw	TRUE
				    solid	FALSE
				    coordIndex	[ 0, 1, 2, -1, 3, 4, 5, -1,
						      6, 7, 8, -1 ]
			    }

		    }
	    }

	    DEF VIFS543 Transform {
		    translation	0 0 -0.5
		    rotation	1 0 0  1.571
		    children Shape {
			    appearance	Appearance {
				    material	Material {
					    ambientIntensity	1
					    diffuseColor	0.8745 0.6824 0.5882
					    shininess	0.62
					    specularColor	0.9 0.9 0.9
				    }

			    }

			    geometry	DEF VIFS543-FACES IndexedFaceSet {
				    coord	DEF VIFS543-COORD Coordinate {
					    point	[ 2.18 1.5 -3.816,
							      2.155 0.7534 -4.233,
							      2.033 0 -4.293,
							      1.924 0 -3.884,
							      2.18 1.5 -3.816,
							      2.033 0 -4.293,
							      2.275 1.5 -4.17,
							      2.155 0.7534 -4.233,
							      2.18 1.5 -3.816 ]
				    }

				    ccw	TRUE
				    solid	FALSE
				    coordIndex	[ 0, 1, 2, -1, 3, 4, 5, -1,
						      6, 7, 8, -1 ]
			    }

		    }
	    }

	    DEF VIFS542 Transform {
		    translation	0 0 -0.5
		    rotation	1 0 0  1.571
		    children Shape {
			    appearance	Appearance {
				    material	Material {
					    ambientIntensity	1
					    diffuseColor	0.8745 0.6824 0.5882
					    shininess	0.62
					    specularColor	0.9 0.9 0.9
				    }

			    }

			    geometry	DEF VIFS542-FACES IndexedFaceSet {
				    coord	DEF VIFS542-COORD Coordinate {
					    point	[ 2.18 1.5 -3.816,
							      1.924 0 -3.884,
							      1.987 1.5 -3.868,
							      1.731 0 -3.936,
							      1.987 1.5 -3.868,
							      1.924 0 -3.884 ]
				    }

				    ccw	TRUE
				    solid	FALSE
				    coordIndex	[ 0, 1, 2, -1, 3, 4, 5, -1 ]
			    }

		    }
	    }

	    DEF VIFS541 Transform {
		    translation	0 0 -0.5
		    rotation	1 0 0  1.571
		    children Shape {
			    appearance	Appearance {
				    material	Material {
					    ambientIntensity	1
					    diffuseColor	0.8745 0.6824 0.5882
					    shininess	0.62
					    specularColor	0.9 0.9 0.9
				    }

			    }

			    geometry	DEF VIFS541-FACES IndexedFaceSet {
				    coord	DEF VIFS541-COORD Coordinate {
					    point	[ 2.067 0 -3.77,
							      2.341 0.7526 -4.133,
							      2.457 1.5 -4.065,
							      2.316 1.5 -3.68,
							      2.067 0 -3.77,
							      2.457 1.5 -4.065,
							      2.223 0 -4.198,
							      2.341 0.7526 -4.133,
							      2.067 0 -3.77 ]
				    }

				    ccw	TRUE
				    solid	FALSE
				    coordIndex	[ 0, 1, 2, -1, 3, 4, 5, -1,
						      6, 7, 8, -1 ]
			    }

		    }
	    }

	    DEF VIFS540 Transform {
		    translation	0 0 -0.5
		    rotation	1 0 0  1.571
		    children Shape {
			    appearance	Appearance {
				    material	Material {
					    ambientIntensity	1
					    diffuseColor	0.8745 0.6824 0.5882
					    shininess	0.62
					    specularColor	0.9 0.9 0.9
				    }

			    }

			    geometry	DEF VIFS540-FACES IndexedFaceSet {
				    coord	DEF VIFS540-COORD Coordinate {
					    point	[ 2.504 1.5 -3.611,
							      2.516 0.7534 -4.029,
							      2.4 0 -4.099,
							      2.255 0 -3.702,
							      2.504 1.5 -3.611,
							      2.4 0 -4.099,
							      2.63 1.5 -3.956,
							      2.516 0.7534 -4.029,
							      2.504 1.5 -3.611 ]
				    }

				    ccw	TRUE
				    solid	FALSE
				    coordIndex	[ 0, 1, 2, -1, 3, 4, 5, -1,
						      6, 7, 8, -1 ]
			    }

		    }
	    }

	    DEF VIFS539 Transform {
		    translation	0 0 -0.5
		    rotation	1 0 0  1.571
		    children Shape {
			    appearance	Appearance {
				    material	Material {
					    ambientIntensity	1
					    diffuseColor	0.8745 0.6824 0.5882
					    shininess	0.62
					    specularColor	0.9 0.9 0.9
				    }

			    }

			    geometry	DEF VIFS539-FACES IndexedFaceSet {
				    coord	DEF VIFS539-COORD Coordinate {
					    point	[ 2.504 1.5 -3.611,
							      2.255 0 -3.702,
							      2.316 1.5 -3.68,
							      2.067 0 -3.77,
							      2.316 1.5 -3.68,
							      2.255 0 -3.702 ]
				    }

				    ccw	TRUE
				    solid	FALSE
				    coordIndex	[ 0, 1, 2, -1, 3, 4, 5, -1 ]
			    }

		    }
	    }

	    DEF VIFS538 Transform {
		    translation	0 0 -0.5
		    rotation	1 0 0  1.571
		    children Shape {
			    appearance	Appearance {
				    material	Material {
					    ambientIntensity	1
					    diffuseColor	0.8745 0.6824 0.5882
					    shininess	0.62
					    specularColor	0.9 0.9 0.9
				    }

			    }

			    geometry	DEF VIFS538-FACES IndexedFaceSet {
				    coord	DEF VIFS538-COORD Coordinate {
					    point	[ 2.388 0 -3.576,
							      2.692 0.7526 -3.913,
							      2.802 1.5 -3.836,
							      2.628 1.5 -3.464,
							      2.388 0 -3.576,
							      2.802 1.5 -3.836,
							      2.58 0 -3.988,
							      2.692 0.7526 -3.913,
							      2.388 0 -3.576 ]
				    }

				    ccw	TRUE
				    solid	FALSE
				    coordIndex	[ 0, 1, 2, -1, 3, 4, 5, -1,
						      6, 7, 8, -1 ]
			    }

		    }
	    }

	    DEF VIFS537 Transform {
		    translation	0 0 -0.5
		    rotation	1 0 0  1.571
		    children Shape {
			    appearance	Appearance {
				    material	Material {
					    ambientIntensity	1
					    diffuseColor	0.8745 0.6824 0.5882
					    shininess	0.62
					    specularColor	0.9 0.9 0.9
				    }

			    }

			    geometry	DEF VIFS537-FACES IndexedFaceSet {
				    coord	DEF VIFS537-COORD Coordinate {
					    point	[ 2.809 1.5 -3.379,
							      2.857 0.7534 -3.794,
							      2.748 0 -3.874,
							      2.569 0 -3.491,
							      2.809 1.5 -3.379,
							      2.748 0 -3.874,
							      2.964 1.5 -3.711,
							      2.857 0.7534 -3.794,
							      2.809 1.5 -3.379 ]
				    }

				    ccw	TRUE
				    solid	FALSE
				    coordIndex	[ 0, 1, 2, -1, 3, 4, 5, -1,
						      6, 7, 8, -1 ]
			    }

		    }
	    }

	    DEF VIFS536 Transform {
		    translation	0 0 -0.5
		    rotation	1 0 0  1.571
		    children Shape {
			    appearance	Appearance {
				    material	Material {
					    ambientIntensity	1
					    diffuseColor	0.8745 0.6824 0.5882
					    shininess	0.62
					    specularColor	0.9 0.9 0.9
				    }

			    }

			    geometry	DEF VIFS536-FACES IndexedFaceSet {
				    coord	DEF VIFS536-COORD Coordinate {
					    point	[ 2.809 1.5 -3.379,
							      2.569 0 -3.491,
							      2.628 1.5 -3.464,
							      2.388 0 -3.576,
							      2.628 1.5 -3.464,
							      2.569 0 -3.491 ]
				    }

				    ccw	TRUE
				    solid	FALSE
				    coordIndex	[ 0, 1, 2, -1, 3, 4, 5, -1 ]
			    }

		    }
	    }

	    DEF VIFS535 Transform {
		    translation	0 0 -0.5
		    rotation	1 0 0  1.571
		    children Shape {
			    appearance	Appearance {
				    material	Material {
					    ambientIntensity	1
					    diffuseColor	0.8745 0.6824 0.5882
					    shininess	0.62
					    specularColor	0.9 0.9 0.9
				    }

			    }

			    geometry	DEF VIFS535-FACES IndexedFaceSet {
				    coord	DEF VIFS535-COORD Coordinate {
					    point	[ 2.691 0 -3.354,
							      3.023 0.7526 -3.664,
							      3.125 1.5 -3.577,
							      2.92 1.5 -3.222,
							      2.691 0 -3.354,
							      3.125 1.5 -3.577,
							      2.918 0 -3.748,
							      3.023 0.7526 -3.664,
							      2.691 0 -3.354 ]
				    }

				    ccw	TRUE
				    solid	FALSE
				    coordIndex	[ 0, 1, 2, -1, 3, 4, 5, -1,
						      6, 7, 8, -1 ]
			    }

		    }
	    }

	    DEF VIFS534 Transform {
		    translation	0 0 -0.5
		    rotation	1 0 0  1.571
		    children Shape {
			    appearance	Appearance {
				    material	Material {
					    ambientIntensity	1
					    diffuseColor	0.8745 0.6824 0.5882
					    shininess	0.62
					    specularColor	0.9 0.9 0.9
				    }

			    }

			    geometry	DEF VIFS534-FACES IndexedFaceSet {
				    coord	DEF VIFS534-COORD Coordinate {
					    point	[ 3.093 1.5 -3.122,
							      3.177 0.7534 -3.531,
							      3.075 0 -3.62,
							      2.864 0 -3.254,
							      3.093 1.5 -3.122,
							      3.075 0 -3.62,
							      3.277 1.5 -3.439,
							      3.177 0.7534 -3.531,
							      3.093 1.5 -3.122 ]
				    }

				    ccw	TRUE
				    solid	FALSE
				    coordIndex	[ 0, 1, 2, -1, 3, 4, 5, -1,
						      6, 7, 8, -1 ]
			    }

		    }
	    }

	    DEF VIFS533 Transform {
		    translation	0 0 -0.5
		    rotation	1 0 0  1.571
		    children Shape {
			    appearance	Appearance {
				    material	Material {
					    ambientIntensity	1
					    diffuseColor	0.8745 0.6824 0.5882
					    shininess	0.62
					    specularColor	0.9 0.9 0.9
				    }

			    }

			    geometry	DEF VIFS533-FACES IndexedFaceSet {
				    coord	DEF VIFS533-COORD Coordinate {
					    point	[ 3.093 1.5 -3.122,
							      2.864 0 -3.254,
							      2.92 1.5 -3.222,
							      2.691 0 -3.354,
							      2.92 1.5 -3.222,
							      2.864 0 -3.254 ]
				    }

				    ccw	TRUE
				    solid	FALSE
				    coordIndex	[ 0, 1, 2, -1, 3, 4, 5, -1 ]
			    }

		    }
	    }

	    DEF VIFS532 Transform {
		    translation	0 0 -0.5
		    rotation	1 0 0  1.571
		    children Shape {
			    appearance	Appearance {
				    material	Material {
					    ambientIntensity	1
					    diffuseColor	0.8745 0.6824 0.5882
					    shininess	0.62
					    specularColor	0.9 0.9 0.9
				    }

			    }

			    geometry	DEF VIFS532-FACES IndexedFaceSet {
				    coord	DEF VIFS532-COORD Coordinate {
					    point	[ 2.973 0 -3.107,
							      3.331 0.7526 -3.386,
							      3.425 1.5 -3.291,
							      3.19 1.5 -2.955,
							      2.973 0 -3.107,
							      3.425 1.5 -3.291,
							      3.234 0 -3.479,
							      3.331 0.7526 -3.386,
							      2.973 0 -3.107 ]
				    }

				    ccw	TRUE
				    solid	FALSE
				    coordIndex	[ 0, 1, 2, -1, 3, 4, 5, -1,
						      6, 7, 8, -1 ]
			    }

		    }
	    }

	    DEF VIFS531 Transform {
		    translation	0 0 -0.5
		    rotation	1 0 0  1.571
		    children Shape {
			    appearance	Appearance {
				    material	Material {
					    ambientIntensity	1
					    diffuseColor	0.8745 0.6824 0.5882
					    shininess	0.62
					    specularColor	0.9 0.9 0.9
				    }

			    }

			    geometry	DEF VIFS531-FACES IndexedFaceSet {
				    coord	DEF VIFS531-COORD Coordinate {
					    point	[ 3.354 1.5 -2.84,
							      3.473 0.7534 -3.241,
							      3.379 0 -3.338,
							      3.136 0 -2.992,
							      3.354 1.5 -2.84,
							      3.379 0 -3.338,
							      3.564 1.5 -3.14,
							      3.473 0.7534 -3.241,
							      3.354 1.5 -2.84 ]
				    }

				    ccw	TRUE
				    solid	FALSE
				    coordIndex	[ 0, 1, 2, -1, 3, 4, 5, -1,
						      6, 7, 8, -1 ]
			    }

		    }
	    }

	    DEF VIFS530 Transform {
		    translation	0 0 -0.5
		    rotation	1 0 0  1.571
		    children Shape {
			    appearance	Appearance {
				    material	Material {
					    ambientIntensity	1
					    diffuseColor	0.8745 0.6824 0.5882
					    shininess	0.62
					    specularColor	0.9 0.9 0.9
				    }

			    }

			    geometry	DEF VIFS530-FACES IndexedFaceSet {
				    coord	DEF VIFS530-COORD Coordinate {
					    point	[ 3.354 1.5 -2.84,
							      3.136 0 -2.992,
							      3.19 1.5 -2.955,
							      2.973 0 -3.107,
							      3.19 1.5 -2.955,
							      3.136 0 -2.992 ]
				    }

				    ccw	TRUE
				    solid	FALSE
				    coordIndex	[ 0, 1, 2, -1, 3, 4, 5, -1 ]
			    }

		    }
	    }

	    DEF VIFS529 Transform {
		    translation	0 0 -0.5
		    rotation	1 0 0  1.571
		    children Shape {
			    appearance	Appearance {
				    material	Material {
					    ambientIntensity	1
					    diffuseColor	0.8745 0.6824 0.5882
					    shininess	0.62
					    specularColor	0.9 0.9 0.9
				    }

			    }

			    geometry	DEF VIFS529-FACES IndexedFaceSet {
				    coord	DEF VIFS529-COORD Coordinate {
					    point	[ 3.232 0 -2.836,
							      3.613 0.7526 -3.083,
							      3.699 1.5 -2.98,
							      3.435 1.5 -2.666,
							      3.232 0 -2.836,
							      3.699 1.5 -2.98,
							      3.524 0 -3.184,
							      3.613 0.7526 -3.083,
							      3.232 0 -2.836 ]
				    }

				    ccw	TRUE
				    solid	FALSE
				    coordIndex	[ 0, 1, 2, -1, 3, 4, 5, -1,
						      6, 7, 8, -1 ]
			    }

		    }
	    }

	    DEF VIFS528 Transform {
		    translation	0 0 -0.5
		    rotation	1 0 0  1.571
		    children Shape {
			    appearance	Appearance {
				    material	Material {
					    ambientIntensity	1
					    diffuseColor	0.8745 0.6824 0.5882
					    shininess	0.62
					    specularColor	0.9 0.9 0.9
				    }

			    }

			    geometry	DEF VIFS528-FACES IndexedFaceSet {
				    coord	DEF VIFS528-COORD Coordinate {
					    point	[ 3.588 1.5 -2.537,
							      3.742 0.7534 -2.926,
							      3.657 0 -3.031,
							      3.385 0 -2.707,
							      3.588 1.5 -2.537,
							      3.657 0 -3.031,
							      3.824 1.5 -2.818,
							      3.742 0.7534 -2.926,
							      3.588 1.5 -2.537 ]
				    }

				    ccw	TRUE
				    solid	FALSE
				    coordIndex	[ 0, 1, 2, -1, 3, 4, 5, -1,
						      6, 7, 8, -1 ]
			    }

		    }
	    }

	    DEF VIFS527 Transform {
		    translation	0 0 -0.5
		    rotation	1 0 0  1.571
		    children Shape {
			    appearance	Appearance {
				    material	Material {
					    ambientIntensity	1
					    diffuseColor	0.8745 0.6824 0.5882
					    shininess	0.62
					    specularColor	0.9 0.9 0.9
				    }

			    }

			    geometry	DEF VIFS527-FACES IndexedFaceSet {
				    coord	DEF VIFS527-COORD Coordinate {
					    point	[ 3.588 1.5 -2.537,
							      3.385 0 -2.707,
							      3.435 1.5 -2.666,
							      3.232 0 -2.836,
							      3.435 1.5 -2.666,
							      3.385 0 -2.707 ]
				    }

				    ccw	TRUE
				    solid	FALSE
				    coordIndex	[ 0, 1, 2, -1, 3, 4, 5, -1 ]
			    }

		    }
	    }

	    DEF VIFS526 Transform {
		    translation	0 0 -0.5
		    rotation	1 0 0  1.571
		    children Shape {
			    appearance	Appearance {
				    material	Material {
					    ambientIntensity	1
					    diffuseColor	0.8745 0.6824 0.5882
					    shininess	0.62
					    specularColor	0.9 0.9 0.9
				    }

			    }

			    geometry	DEF VIFS526-FACES IndexedFaceSet {
				    coord	DEF VIFS526-COORD Coordinate {
					    point	[ 3.467 0 -2.543,
							      3.868 0.7526 -2.757,
							      3.945 1.5 -2.646,
							      3.654 1.5 -2.356,
							      3.467 0 -2.543,
							      3.945 1.5 -2.646,
							      3.789 0 -2.865,
							      3.868 0.7526 -2.757,
							      3.467 0 -2.543 ]
				    }

				    ccw	TRUE
				    solid	FALSE
				    coordIndex	[ 0, 1, 2, -1, 3, 4, 5, -1,
						      6, 7, 8, -1 ]
			    }

		    }
	    }

	    DEF VIFS525 Transform {
		    translation	0 0 -0.5
		    rotation	1 0 0  1.571
		    children Shape {
			    appearance	Appearance {
				    material	Material {
					    ambientIntensity	1
					    diffuseColor	0.8745 0.6824 0.5882
					    shininess	0.62
					    specularColor	0.9 0.9 0.9
				    }

			    }

			    geometry	DEF VIFS525-FACES IndexedFaceSet {
				    coord	DEF VIFS525-COORD Coordinate {
					    point	[ 3.796 1.5 -2.215,
							      3.983 0.7534 -2.588,
							      3.907 0 -2.701,
							      3.608 0 -2.402,
							      3.796 1.5 -2.215,
							      3.907 0 -2.701,
							      4.055 1.5 -2.474,
							      3.983 0.7534 -2.588,
							      3.796 1.5 -2.215 ]
				    }

				    ccw	TRUE
				    solid	FALSE
				    coordIndex	[ 0, 1, 2, -1, 3, 4, 5, -1,
						      6, 7, 8, -1 ]
			    }

		    }
	    }

	    DEF VIFS524 Transform {
		    translation	0 0 -0.5
		    rotation	1 0 0  1.571
		    children Shape {
			    appearance	Appearance {
				    material	Material {
					    ambientIntensity	1
					    diffuseColor	0.8745 0.6824 0.5882
					    shininess	0.62
					    specularColor	0.9 0.9 0.9
				    }

			    }

			    geometry	DEF VIFS524-FACES IndexedFaceSet {
				    coord	DEF VIFS524-COORD Coordinate {
					    point	[ 3.796 1.5 -2.215,
							      3.608 0 -2.402,
							      3.654 1.5 -2.356,
							      3.467 0 -2.543,
							      3.654 1.5 -2.356,
							      3.608 0 -2.402 ]
				    }

				    ccw	TRUE
				    solid	FALSE
				    coordIndex	[ 0, 1, 2, -1, 3, 4, 5, -1 ]
			    }

		    }
	    }

	    DEF VIFS523 Transform {
		    translation	0 0 -0.5
		    rotation	1 0 0  1.571
		    children Shape {
			    appearance	Appearance {
				    material	Material {
					    ambientIntensity	1
					    diffuseColor	0.8745 0.6824 0.5882
					    shininess	0.62
					    specularColor	0.9 0.9 0.9
				    }

			    }

			    geometry	DEF VIFS523-FACES IndexedFaceSet {
				    coord	DEF VIFS523-COORD Coordinate {
					    point	[ 3.675 0 -2.232,
							      4.094 0.7526 -2.409,
							      4.16 1.5 -2.292,
							      3.846 1.5 -2.029,
							      3.675 0 -2.232,
							      4.16 1.5 -2.292,
							      4.024 0 -2.524,
							      4.094 0.7526 -2.409,
							      3.675 0 -2.232 ]
				    }

				    ccw	TRUE
				    solid	FALSE
				    coordIndex	[ 0, 1, 2, -1, 3, 4, 5, -1,
						      6, 7, 8, -1 ]
			    }

		    }
	    }

	    DEF VIFS522 Transform {
		    translation	0 0 -0.5
		    rotation	1 0 0  1.571
		    children Shape {
			    appearance	Appearance {
				    material	Material {
					    ambientIntensity	1
					    diffuseColor	0.8745 0.6824 0.5882
					    shininess	0.62
					    specularColor	0.9 0.9 0.9
				    }

			    }

			    geometry	DEF VIFS522-FACES IndexedFaceSet {
				    coord	DEF VIFS522-COORD Coordinate {
					    point	[ 3.974 1.5 -1.875,
							      4.193 0.7534 -2.231,
							      4.128 0 -2.35,
							      3.804 0 -2.078,
							      3.974 1.5 -1.875,
							      4.128 0 -2.35,
							      4.255 1.5 -2.111,
							      4.193 0.7534 -2.231,
							      3.974 1.5 -1.875 ]
				    }

				    ccw	TRUE
				    solid	FALSE
				    coordIndex	[ 0, 1, 2, -1, 3, 4, 5, -1,
						      6, 7, 8, -1 ]
			    }

		    }
	    }

	    DEF VIFS521 Transform {
		    translation	0 0 -0.5
		    rotation	1 0 0  1.571
		    children Shape {
			    appearance	Appearance {
				    material	Material {
					    ambientIntensity	1
					    diffuseColor	0.8745 0.6824 0.5882
					    shininess	0.62
					    specularColor	0.9 0.9 0.9
				    }

			    }

			    geometry	DEF VIFS521-FACES IndexedFaceSet {
				    coord	DEF VIFS521-COORD Coordinate {
					    point	[ 3.974 1.5 -1.875,
							      3.804 0 -2.078,
							      3.846 1.5 -2.029,
							      3.675 0 -2.232,
							      3.846 1.5 -2.029,
							      3.804 0 -2.078 ]
				    }

				    ccw	TRUE
				    solid	FALSE
				    coordIndex	[ 0, 1, 2, -1, 3, 4, 5, -1 ]
			    }

		    }
	    }

	    DEF VIFS520 Transform {
		    translation	0 0 -0.5
		    rotation	1 0 0  1.571
		    children Shape {
			    appearance	Appearance {
				    material	Material {
					    ambientIntensity	1
					    diffuseColor	0.8745 0.6824 0.5882
					    shininess	0.62
					    specularColor	0.9 0.9 0.9
				    }

			    }

			    geometry	DEF VIFS520-FACES IndexedFaceSet {
				    coord	DEF VIFS520-COORD Coordinate {
					    point	[ 3.856 0 -1.903,
							      4.288 0.7526 -2.043,
							      4.344 1.5 -1.921,
							      4.008 1.5 -1.686,
							      3.856 0 -1.903,
							      4.344 1.5 -1.921,
							      4.229 0 -2.164,
							      4.288 0.7526 -2.043,
							      3.856 0 -1.903 ]
				    }

				    ccw	TRUE
				    solid	FALSE
				    coordIndex	[ 0, 1, 2, -1, 3, 4, 5, -1,
						      6, 7, 8, -1 ]
			    }

		    }
	    }

	    DEF VIFS519 Transform {
		    translation	0 0 -0.5
		    rotation	1 0 0  1.571
		    children Shape {
			    appearance	Appearance {
				    material	Material {
					    ambientIntensity	1
					    diffuseColor	0.8745 0.6824 0.5882
					    shininess	0.62
					    specularColor	0.9 0.9 0.9
				    }

			    }

			    geometry	DEF VIFS519-FACES IndexedFaceSet {
				    coord	DEF VIFS519-COORD Coordinate {
					    point	[ 4.123 1.5 -1.522,
							      4.372 0.7534 -1.857,
							      4.317 0 -1.981,
							      3.971 0 -1.739,
							      4.123 1.5 -1.522,
							      4.317 0 -1.981,
							      4.423 1.5 -1.732,
							      4.372 0.7534 -1.857,
							      4.123 1.5 -1.522 ]
				    }

				    ccw	TRUE
				    solid	FALSE
				    coordIndex	[ 0, 1, 2, -1, 3, 4, 5, -1,
						      6, 7, 8, -1 ]
			    }

		    }
	    }

	    DEF VIFS518 Transform {
		    translation	0 0 -0.5
		    rotation	1 0 0  1.571
		    children Shape {
			    appearance	Appearance {
				    material	Material {
					    ambientIntensity	1
					    diffuseColor	0.8745 0.6824 0.5882
					    shininess	0.62
					    specularColor	0.9 0.9 0.9
				    }

			    }

			    geometry	DEF VIFS518-FACES IndexedFaceSet {
				    coord	DEF VIFS518-COORD Coordinate {
					    point	[ 4.123 1.5 -1.522,
							      3.971 0 -1.739,
							      4.008 1.5 -1.686,
							      3.856 0 -1.903,
							      4.008 1.5 -1.686,
							      3.971 0 -1.739 ]
				    }

				    ccw	TRUE
				    solid	FALSE
				    coordIndex	[ 0, 1, 2, -1, 3, 4, 5, -1 ]
			    }

		    }
	    }

	    DEF VIFS517 Transform {
		    translation	0 0 -0.5
		    rotation	1 0 0  1.571
		    children Shape {
			    appearance	Appearance {
				    material	Material {
					    ambientIntensity	1
					    diffuseColor	0.8745 0.6824 0.5882
					    shininess	0.62
					    specularColor	0.9 0.9 0.9
				    }

			    }

			    geometry	DEF VIFS517-FACES IndexedFaceSet {
				    coord	DEF VIFS517-COORD Coordinate {
					    point	[ 4.007 0 -1.559,
							      4.45 0.7526 -1.662,
							      4.495 1.5 -1.535,
							      4.14 1.5 -1.33,
							      4.007 0 -1.559,
							      4.495 1.5 -1.535,
							      4.401 0 -1.787,
							      4.45 0.7526 -1.662,
							      4.007 0 -1.559 ]
				    }

				    ccw	TRUE
				    solid	FALSE
				    coordIndex	[ 0, 1, 2, -1, 3, 4, 5, -1,
						      6, 7, 8, -1 ]
			    }

		    }
	    }

	    DEF VIFS516 Transform {
		    translation	0 0 -0.5
		    rotation	1 0 0  1.571
		    children Shape {
			    appearance	Appearance {
				    material	Material {
					    ambientIntensity	1
					    diffuseColor	0.8745 0.6824 0.5882
					    shininess	0.62
					    specularColor	0.9 0.9 0.9
				    }

			    }

			    geometry	DEF VIFS516-FACES IndexedFaceSet {
				    coord	DEF VIFS516-COORD Coordinate {
					    point	[ 4.24 1.5 -1.157,
							      4.517 0.7534 -1.469,
							      4.473 0 -1.598,
							      4.107 0 -1.386,
							      4.24 1.5 -1.157,
							      4.473 0 -1.598,
							      4.557 1.5 -1.34,
							      4.517 0.7534 -1.469,
							      4.24 1.5 -1.157 ]
				    }

				    ccw	TRUE
				    solid	FALSE
				    coordIndex	[ 0, 1, 2, -1, 3, 4, 5, -1,
						      6, 7, 8, -1 ]
			    }

		    }
	    }

	    DEF VIFS515 Transform {
		    translation	0 0 -0.5
		    rotation	1 0 0  1.571
		    children Shape {
			    appearance	Appearance {
				    material	Material {
					    ambientIntensity	1
					    diffuseColor	0.8745 0.6824 0.5882
					    shininess	0.62
					    specularColor	0.9 0.9 0.9
				    }

			    }

			    geometry	DEF VIFS515-FACES IndexedFaceSet {
				    coord	DEF VIFS515-COORD Coordinate {
					    point	[ 4.24 1.5 -1.157,
							      4.107 0 -1.386,
							      4.14 1.5 -1.33,
							      4.007 0 -1.559,
							      4.14 1.5 -1.33,
							      4.107 0 -1.386 ]
				    }

				    ccw	TRUE
				    solid	FALSE
				    coordIndex	[ 0, 1, 2, -1, 3, 4, 5, -1 ]
			    }

		    }
	    }

	    DEF VIFS514 Transform {
		    translation	0 0 -0.5
		    rotation	1 0 0  1.571
		    children Shape {
			    appearance	Appearance {
				    material	Material {
					    ambientIntensity	1
					    diffuseColor	0.8745 0.6824 0.5882
					    shininess	0.62
					    specularColor	0.9 0.9 0.9
				    }

			    }

			    geometry	DEF VIFS514-FACES IndexedFaceSet {
				    coord	DEF VIFS514-COORD Coordinate {
					    point	[ 4.128 0 -1.204,
							      4.578 0.7526 -1.267,
							      4.612 1.5 -1.138,
							      4.24 1.5 -0.9641,
							      4.128 0 -1.204,
							      4.612 1.5 -1.138,
							      4.54 0 -1.397,
							      4.578 0.7526 -1.267,
							      4.128 0 -1.204 ]
				    }

				    ccw	TRUE
				    solid	FALSE
				    coordIndex	[ 0, 1, 2, -1, 3, 4, 5, -1,
						      6, 7, 8, -1 ]
			    }

		    }
	    }

	    DEF VIFS513 Transform {
		    translation	0 0 -0.5
		    rotation	1 0 0  1.571
		    children Shape {
			    appearance	Appearance {
				    material	Material {
					    ambientIntensity	1
					    diffuseColor	0.8745 0.6824 0.5882
					    shininess	0.62
					    specularColor	0.9 0.9 0.9
				    }

			    }

			    geometry	DEF VIFS513-FACES IndexedFaceSet {
				    coord	DEF VIFS513-COORD Coordinate {
					    point	[ 4.324 1.5 -0.7828,
							      4.628 0.7534 -1.07,
							      4.595 0 -1.202,
							      4.212 0 -1.023,
							      4.324 1.5 -0.7828,
							      4.595 0 -1.202,
							      4.657 1.5 -0.9377,
							      4.628 0.7534 -1.07,
							      4.324 1.5 -0.7828 ]
				    }

				    ccw	TRUE
				    solid	FALSE
				    coordIndex	[ 0, 1, 2, -1, 3, 4, 5, -1,
						      6, 7, 8, -1 ]
			    }

		    }
	    }

	    DEF VIFS512 Transform {
		    translation	0 0 -0.5
		    rotation	1 0 0  1.571
		    children Shape {
			    appearance	Appearance {
				    material	Material {
					    ambientIntensity	1
					    diffuseColor	0.8745 0.6824 0.5882
					    shininess	0.62
					    specularColor	0.9 0.9 0.9
				    }

			    }

			    geometry	DEF VIFS512-FACES IndexedFaceSet {
				    coord	DEF VIFS512-COORD Coordinate {
					    point	[ 4.324 1.5 -0.7828,
							      4.212 0 -1.023,
							      4.24 1.5 -0.9641,
							      4.128 0 -1.204,
							      4.24 1.5 -0.9641,
							      4.212 0 -1.023 ]
				    }

				    ccw	TRUE
				    solid	FALSE
				    coordIndex	[ 0, 1, 2, -1, 3, 4, 5, -1 ]
			    }

		    }
	    }

	    DEF VIFS511 Transform {
		    translation	0 0 -0.5
		    rotation	1 0 0  1.571
		    children Shape {
			    appearance	Appearance {
				    material	Material {
					    ambientIntensity	1
					    diffuseColor	0.8745 0.6824 0.5882
					    shininess	0.62
					    specularColor	0.9 0.9 0.9
				    }

			    }

			    geometry	DEF VIFS511-FACES IndexedFaceSet {
				    coord	DEF VIFS511-COORD Coordinate {
					    point	[ 4.217 0 -0.8399,
							      4.671 0.7526 -0.8636,
							      4.693 1.5 -0.7313,
							      4.308 1.5 -0.5909,
							      4.217 0 -0.8399,
							      4.693 1.5 -0.7313,
							      4.644 0 -0.9955,
							      4.671 0.7526 -0.8636,
							      4.217 0 -0.8399 ]
				    }

				    ccw	TRUE
				    solid	FALSE
				    coordIndex	[ 0, 1, 2, -1, 3, 4, 5, -1,
						      6, 7, 8, -1 ]
			    }

		    }
	    }

	    DEF VIFS510 Transform {
		    translation	0 0 -0.5
		    rotation	1 0 0  1.571
		    children Shape {
			    appearance	Appearance {
				    material	Material {
					    ambientIntensity	1
					    diffuseColor	0.8745 0.6824 0.5882
					    shininess	0.62
					    specularColor	0.9 0.9 0.9
				    }

			    }

			    geometry	DEF VIFS510-FACES IndexedFaceSet {
				    coord	DEF VIFS510-COORD Coordinate {
					    point	[ 4.376 1.5 -0.403,
							      4.704 0.7534 -0.6625,
							      4.683 0 -0.7966,
							      4.285 0 -0.652,
							      4.376 1.5 -0.403,
							      4.683 0 -0.7966,
							      4.721 1.5 -0.5283,
							      4.704 0.7534 -0.6625,
							      4.376 1.5 -0.403 ]
				    }

				    ccw	TRUE
				    solid	FALSE
				    coordIndex	[ 0, 1, 2, -1, 3, 4, 5, -1,
						      6, 7, 8, -1 ]
			    }

		    }
	    }

	    DEF VIFS509 Transform {
		    translation	0 0 -0.5
		    rotation	1 0 0  1.571
		    children Shape {
			    appearance	Appearance {
				    material	Material {
					    ambientIntensity	1
					    diffuseColor	0.8745 0.6824 0.5882
					    shininess	0.62
					    specularColor	0.9 0.9 0.9
				    }

			    }

			    geometry	DEF VIFS509-FACES IndexedFaceSet {
				    coord	DEF VIFS509-COORD Coordinate {
					    point	[ 4.376 1.5 -0.403,
							      4.285 0 -0.652,
							      4.308 1.5 -0.5909,
							      4.217 0 -0.8399,
							      4.308 1.5 -0.5909,
							      4.285 0 -0.652 ]
				    }

				    ccw	TRUE
				    solid	FALSE
				    coordIndex	[ 0, 1, 2, -1, 3, 4, 5, -1 ]
			    }

		    }
	    }

	    DEF VIFS508 Transform {
		    translation	0 0 -0.5
		    rotation	1 0 0  1.571
		    children Shape {
			    appearance	Appearance {
				    material	Material {
					    ambientIntensity	1
					    diffuseColor	0.8745 0.6824 0.5882
					    shininess	0.62
					    specularColor	0.9 0.9 0.9
				    }

			    }

			    geometry	DEF VIFS508-FACES IndexedFaceSet {
				    coord	DEF VIFS508-COORD Coordinate {
					    point	[ 4.274 0 -0.4692,
							      4.728 0.7526 -0.4532,
							      4.739 1.5 -0.3194,
							      4.343 1.5 -0.2132,
							      4.274 0 -0.4692,
							      4.739 1.5 -0.3194,
							      4.714 0 -0.5869,
							      4.728 0.7526 -0.4532,
							      4.274 0 -0.4692 ]
				    }

				    ccw	TRUE
				    solid	FALSE
				    coordIndex	[ 0, 1, 2, -1, 3, 4, 5, -1,
						      6, 7, 8, -1 ]
			    }

		    }
	    }

	    DEF VIFS507 Transform {
		    translation	0 0 -0.5
		    rotation	1 0 0  1.571
		    children Shape {
			    appearance	Appearance {
				    material	Material {
					    ambientIntensity	1
					    diffuseColor	0.8745 0.6824 0.5882
					    shininess	0.62
					    specularColor	0.9 0.9 0.9
				    }

			    }

			    geometry	DEF VIFS507-FACES IndexedFaceSet {
				    coord	DEF VIFS507-COORD Coordinate {
					    point	[ 4.395 1.5 -0.02003,
							      4.743 0.7534 -0.2501,
							      4.734 0 -0.3854,
							      4.326 0 -0.276,
							      4.395 1.5 -0.02003,
							      4.734 0 -0.3854,
							      4.749 1.5 -0.1149,
							      4.743 0.7534 -0.2501,
							      4.395 1.5 -0.02003 ]
				    }

				    ccw	TRUE
				    solid	FALSE
				    coordIndex	[ 0, 1, 2, -1, 3, 4, 5, -1,
						      6, 7, 8, -1 ]
			    }

		    }
	    }

	    DEF VIFS506 Transform {
		    translation	0 0 -0.5
		    rotation	1 0 0  1.571
		    children Shape {
			    appearance	Appearance {
				    material	Material {
					    ambientIntensity	1
					    diffuseColor	0.8745 0.6824 0.5882
					    shininess	0.62
					    specularColor	0.9 0.9 0.9
				    }

			    }

			    geometry	DEF VIFS506-FACES IndexedFaceSet {
				    coord	DEF VIFS506-COORD Coordinate {
					    point	[ 4.395 1.5 -0.02003,
							      4.326 0 -0.276,
							      4.343 1.5 -0.2132,
							      4.274 0 -0.4692,
							      4.343 1.5 -0.2132,
							      4.326 0 -0.276 ]
				    }

				    ccw	TRUE
				    solid	FALSE
				    coordIndex	[ 0, 1, 2, -1, 3, 4, 5, -1 ]
			    }

		    }
	    }

	    DEF VIFS505 Transform {
		    translation	0 0 -0.5
		    rotation	1 0 0  1.571
		    children Shape {
			    appearance	Appearance {
				    material	Material {
					    ambientIntensity	1
					    diffuseColor	0.8745 0.6824 0.5882
					    shininess	0.62
					    specularColor	0.9 0.9 0.9
				    }

			    }

			    geometry	DEF VIFS505-FACES IndexedFaceSet {
				    coord	DEF VIFS505-COORD Coordinate {
					    point	[ 4.299 0 -0.09488,
							      4.75 0.7526 -0.03939,
							      4.749 1.5 0.09481,
							      4.345 1.5 0.1661,
							      4.299 0 -0.09488,
							      4.749 1.5 0.09481,
							      4.747 0 -0.1739,
							      4.75 0.7526 -0.03939,
							      4.299 0 -0.09488 ]
				    }

				    ccw	TRUE
				    solid	FALSE
				    coordIndex	[ 0, 1, 2, -1, 3, 4, 5, -1,
						      6, 7, 8, -1 ]
			    }

		    }
	    }

	    DEF VIFS504 Transform {
		    translation	0 0 -0.5
		    rotation	1 0 0  1.571
		    children Shape {
			    appearance	Appearance {
				    material	Material {
					    ambientIntensity	1
					    diffuseColor	0.8745 0.6824 0.5882
					    shininess	0.62
					    specularColor	0.9 0.9 0.9
				    }

			    }

			    geometry	DEF VIFS504-FACES IndexedFaceSet {
				    coord	DEF VIFS504-COORD Coordinate {
					    point	[ 4.38 1.5 0.3631,
							      4.747 0.7534 0.1643,
							      4.75 0 0.02866,
							      4.334 0 0.1021,
							      4.38 1.5 0.3631,
							      4.75 0 0.02866,
							      4.741 1.5 0.2994,
							      4.747 0.7534 0.1643,
							      4.38 1.5 0.3631 ]
				    }

				    ccw	TRUE
				    solid	FALSE
				    coordIndex	[ 0, 1, 2, -1, 3, 4, 5, -1,
						      6, 7, 8, -1 ]
			    }

		    }
	    }

	    DEF VIFS503 Transform {
		    translation	0 0 -0.5
		    rotation	1 0 0  1.571
		    children Shape {
			    appearance	Appearance {
				    material	Material {
					    ambientIntensity	1
					    diffuseColor	0.8745 0.6824 0.5882
					    shininess	0.62
					    specularColor	0.9 0.9 0.9
				    }

			    }

			    geometry	DEF VIFS503-FACES IndexedFaceSet {
				    coord	DEF VIFS503-COORD Coordinate {
					    point	[ 4.38 1.5 0.3631,
							      4.334 0 0.1021,
							      4.345 1.5 0.1661,
							      4.299 0 -0.09488,
							      4.345 1.5 0.1661,
							      4.334 0 0.1021 ]
				    }

				    ccw	TRUE
				    solid	FALSE
				    coordIndex	[ 0, 1, 2, -1, 3, 4, 5, -1 ]
			    }

		    }
	    }

	    DEF VIFS502 Transform {
		    translation	0 0 -0.5
		    rotation	1 0 0  1.571
		    children Shape {
			    appearance	Appearance {
				    material	Material {
					    ambientIntensity	1
					    diffuseColor	0.8745 0.6824 0.5882
					    shininess	0.62
					    specularColor	0.9 0.9 0.9
				    }

			    }

			    geometry	DEF VIFS502-FACES IndexedFaceSet {
				    coord	DEF VIFS502-COORD Coordinate {
					    point	[ 4.291 0 0.2801,
							      4.735 0.7526 0.3747,
							      4.723 1.5 0.5084,
							      4.314 1.5 0.5441,
							      4.291 0 0.2801,
							      4.723 1.5 0.5084,
							      4.744 0 0.2405,
							      4.735 0.7526 0.3747,
							      4.291 0 0.2801 ]
				    }

				    ccw	TRUE
				    solid	FALSE
				    coordIndex	[ 0, 1, 2, -1, 3, 4, 5, -1,
						      6, 7, 8, -1 ]
			    }

		    }
	    }

	    DEF VIFS501 Transform {
		    translation	0 0 -0.5
		    rotation	1 0 0  1.571
		    children Shape {
			    appearance	Appearance {
				    material	Material {
					    ambientIntensity	1
					    diffuseColor	0.8745 0.6824 0.5882
					    shininess	0.62
					    specularColor	0.9 0.9 0.9
				    }

			    }

			    geometry	DEF VIFS501-FACES IndexedFaceSet {
				    coord	DEF VIFS501-COORD Coordinate {
					    point	[ 4.331 1.5 0.7434,
							      4.715 0.7534 0.5774,
							      4.729 0 0.4425,
							      4.308 0 0.4794,
							      4.331 1.5 0.7434,
							      4.729 0 0.4425,
							      4.696 1.5 0.7114,
							      4.715 0.7534 0.5774,
							      4.331 1.5 0.7434 ]
				    }

				    ccw	TRUE
				    solid	FALSE
				    coordIndex	[ 0, 1, 2, -1, 3, 4, 5, -1,
						      6, 7, 8, -1 ]
			    }

		    }
	    }

	    DEF VIFS500 Transform {
		    translation	0 0 -0.5
		    rotation	1 0 0  1.571
		    children Shape {
			    appearance	Appearance {
				    material	Material {
					    ambientIntensity	1
					    diffuseColor	0.8745 0.6824 0.5882
					    shininess	0.62
					    specularColor	0.9 0.9 0.9
				    }

			    }

			    geometry	DEF VIFS500-FACES IndexedFaceSet {
				    coord	DEF VIFS500-COORD Coordinate {
					    point	[ 4.331 1.5 0.7434,
							      4.308 0 0.4794,
							      4.314 1.5 0.5441,
							      4.291 0 0.2801,
							      4.314 1.5 0.5441,
							      4.308 0 0.4794 ]
				    }

				    ccw	TRUE
				    solid	FALSE
				    coordIndex	[ 0, 1, 2, -1, 3, 4, 5, -1 ]
			    }

		    }
	    }

	    DEF VIFS499 Transform {
		    translation	0 0 -0.5
		    rotation	1 0 0  1.571
		    children Shape {
			    appearance	Appearance {
				    material	Material {
					    ambientIntensity	1
					    diffuseColor	0.8745 0.6824 0.5882
					    shininess	0.62
					    specularColor	0.9 0.9 0.9
				    }

			    }

			    geometry	DEF VIFS499-FACES IndexedFaceSet {
				    coord	DEF VIFS499-COORD Coordinate {
					    point	[ 4.25 0 0.653,
							      4.685 0.7526 0.786,
							      4.66 1.5 0.918,
							      4.25 1.5 0.918,
							      4.25 0 0.653,
							      4.66 1.5 0.918,
							      4.705 0 0.653,
							      4.685 0.7526 0.786,
							      4.25 0 0.653 ]
				    }

				    ccw	TRUE
				    solid	FALSE
				    coordIndex	[ 0, 1, 2, -1, 3, 4, 5, -1,
						      6, 7, 8, -1 ]
			    }

		    }
	    }

	    DEF VIFS498 Transform {
		    translation	0 0 -0.5
		    rotation	1 0 0  1.571
		    children Shape {
			    appearance	Appearance {
				    material	Material {
					    ambientIntensity	1
					    diffuseColor	0.8745 0.6824 0.5882
					    shininess	0.62
					    specularColor	0.9 0.9 0.9
				    }

			    }

			    geometry	DEF VIFS498-FACES IndexedFaceSet {
				    coord	DEF VIFS498-COORD Coordinate {
					    point	[ 4.25 1.5 1.118,
							      4.647 0.7534 0.9861,
							      4.673 0 0.853,
							      4.25 0 0.853,
							      4.25 1.5 1.118,
							      4.673 0 0.853,
							      4.617 1.5 1.118,
							      4.647 0.7534 0.9861,
							      4.25 1.5 1.118 ]
				    }

				    ccw	TRUE
				    solid	FALSE
				    coordIndex	[ 0, 1, 2, -1, 3, 4, 5, -1,
						      6, 7, 8, -1 ]
			    }

		    }
	    }

	    DEF VIFS497 Transform {
		    translation	0 0 -0.5
		    rotation	1 0 0  1.571
		    children Shape {
			    appearance	Appearance {
				    material	Material {
					    ambientIntensity	1
					    diffuseColor	0.8745 0.6824 0.5882
					    shininess	0.62
					    specularColor	0.9 0.9 0.9
				    }

			    }

			    geometry	DEF VIFS497-FACES IndexedFaceSet {
				    coord	DEF VIFS497-COORD Coordinate {
					    point	[ 4.25 1.5 1.118,
							      4.25 0 0.853,
							      4.25 1.5 0.918,
							      4.25 0 0.653,
							      4.25 1.5 0.918,
							      4.25 0 0.853 ]
				    }

				    ccw	TRUE
				    solid	FALSE
				    coordIndex	[ 0, 1, 2, -1, 3, 4, 5, -1 ]
			    }

		    }
	    }

	    DEF VIFS496 Transform {
		    translation	0 0 -0.5
		    rotation	1 0 0  1.571
		    children Shape {
			    appearance	Appearance {
				    material	Material {
					    ambientIntensity	1
					    diffuseColor	0.8745 0.6824 0.5882
					    shininess	0.62
					    specularColor	0.9 0.9 0.9
				    }

			    }

			    geometry	DEF VIFS496-FACES IndexedFaceSet {
				    coord	DEF VIFS496-COORD Coordinate {
					    point	[ 0.75 3 0,
							      0.7047 3 0.2565,
							      0.75 1.5 0,
							      0.7047 1.5 0.2566,
							      0.75 1.5 0,
							      0.7047 3 0.2565,
							      0.7047 3 0.2565,
							      0.5746 3 0.482,
							      0.7047 1.5 0.2566,
							      0.5746 1.5 0.482,
							      0.7047 1.5 0.2566,
							      0.5746 3 0.482,
							      0.5746 3 0.482,
							      0.3749 3 0.6495,
							      0.5746 1.5 0.482,
							      0.375 1.5 0.6495,
							      0.5746 1.5 0.482,
							      0.3749 3 0.6495,
							      0.3749 3 0.6495,
							      0.1304 3 0.7386,
							      0.375 1.5 0.6495,
							      0.1301 1.5 0.7386,
							      0.375 1.5 0.6495,
							      0.1304 3 0.7386,
							      0.1304 3 0.7386,
							      -0.1304 3 0.7386,
							      0.1301 1.5 0.7386,
							      -0.1301 1.5 0.7386,
							      0.1301 1.5 0.7386,
							      -0.1304 3 0.7386,
							      -0.1304 3 0.7386,
							      -0.3749 3 0.6495,
							      -0.1301 1.5 0.7386,
							      -0.375 1.5 0.6495,
							      -0.1301 1.5 0.7386,
							      -0.3749 3 0.6495,
							      -0.3749 3 0.6495,
							      -0.5746 3 0.482,
							      -0.375 1.5 0.6495,
							      -0.5746 1.5 0.482,
							      -0.375 1.5 0.6495,
							      -0.5746 3 0.482,
							      -0.5746 3 0.482,
							      -0.7047 3 0.2565,
							      -0.5746 1.5 0.482,
							      -0.7047 1.5 0.2566,
							      -0.5746 1.5 0.482,
							      -0.7047 3 0.2565,
							      -0.7047 3 0.2565,
							      -0.75 3 0,
							      -0.7047 1.5 0.2566,
							      -0.75 1.5 0,
							      -0.7047 1.5 0.2566,
							      -0.75 3 0 ]
				    }

				    ccw	TRUE
				    solid	FALSE
				    coordIndex	[ 0, 1, 2, -1, 3, 4, 5, -1,
						      6, 7, 8, -1, 9, 10, 11, -1,
						      12, 13, 14, -1, 15, 16, 17, -1,
						      18, 19, 20, -1, 21, 22, 23, -1,
						      24, 25, 26, -1, 27, 28, 29, -1,
						      30, 31, 32, -1, 33, 34, 35, -1,
						      36, 37, 38, -1, 39, 40, 41, -1,
						      42, 43, 44, -1, 45, 46, 47, -1,
						      48, 49, 50, -1, 51, 52, 53, -1 ]
			    }

		    }
	    }

	    DEF VIFS495 Transform {
		    translation	0 0 -0.5
		    rotation	1 0 0  1.571
		    children Shape {
			    appearance	Appearance {
				    material	Material {
					    ambientIntensity	1
					    diffuseColor	0.8745 0.6824 0.5882
					    shininess	0.62
					    specularColor	0.9 0.9 0.9
				    }

			    }

			    geometry	DEF VIFS495-FACES IndexedFaceSet {
				    coord	DEF VIFS495-COORD Coordinate {
					    point	[ -0.75 3 0,
							      -0.7047 3 -0.2565,
							      -0.75 1.5 0,
							      -0.7047 1.5 -0.2566,
							      -0.75 1.5 0,
							      -0.7047 3 -0.2565,
							      -0.7047 3 -0.2565,
							      -0.5746 3 -0.482,
							      -0.7047 1.5 -0.2566,
							      -0.5746 1.5 -0.482,
							      -0.7047 1.5 -0.2566,
							      -0.5746 3 -0.482,
							      -0.5746 3 -0.482,
							      -0.3749 3 -0.6495,
							      -0.5746 1.5 -0.482,
							      -0.375 1.5 -0.6495,
							      -0.5746 1.5 -0.482,
							      -0.3749 3 -0.6495,
							      -0.3749 3 -0.6495,
							      -0.1304 3 -0.7386,
							      -0.375 1.5 -0.6495,
							      -0.1301 1.5 -0.7386,
							      -0.375 1.5 -0.6495,
							      -0.1304 3 -0.7386,
							      -0.1304 3 -0.7386,
							      0.1304 3 -0.7386,
							      -0.1301 1.5 -0.7386,
							      0.1301 1.5 -0.7386,
							      -0.1301 1.5 -0.7386,
							      0.1304 3 -0.7386,
							      0.1304 3 -0.7386,
							      0.3749 3 -0.6495,
							      0.1301 1.5 -0.7386,
							      0.375 1.5 -0.6495,
							      0.1301 1.5 -0.7386,
							      0.3749 3 -0.6495,
							      0.3749 3 -0.6495,
							      0.5746 3 -0.482,
							      0.375 1.5 -0.6495,
							      0.5746 1.5 -0.482,
							      0.375 1.5 -0.6495,
							      0.5746 3 -0.482,
							      0.5746 3 -0.482,
							      0.7047 3 -0.2565,
							      0.5746 1.5 -0.482,
							      0.7047 1.5 -0.2566,
							      0.5746 1.5 -0.482,
							      0.7047 3 -0.2565,
							      0.7047 3 -0.2565,
							      0.75 3 0,
							      0.7047 1.5 -0.2566,
							      0.75 1.5 0,
							      0.7047 1.5 -0.2566,
							      0.75 3 0 ]
				    }

				    ccw	TRUE
				    solid	FALSE
				    coordIndex	[ 0, 1, 2, -1, 3, 4, 5, -1,
						      6, 7, 8, -1, 9, 10, 11, -1,
						      12, 13, 14, -1, 15, 16, 17, -1,
						      18, 19, 20, -1, 21, 22, 23, -1,
						      24, 25, 26, -1, 27, 28, 29, -1,
						      30, 31, 32, -1, 33, 34, 35, -1,
						      36, 37, 38, -1, 39, 40, 41, -1,
						      42, 43, 44, -1, 45, 46, 47, -1,
						      48, 49, 50, -1, 51, 52, 53, -1 ]
			    }

		    }
	    }

	    DEF VIFS494 Transform {
		    translation	0 0 -0.5
		    rotation	1 0 0  1.571
		    children Shape {
			    appearance	Appearance {
				    material	Material {
					    ambientIntensity	1
					    diffuseColor	0.8745 0.6824 0.5882
					    shininess	0.62
					    specularColor	0.9 0.9 0.9
				    }

			    }

			    geometry	DEF VIFS494-FACES IndexedFaceSet {
				    coord	DEF VIFS494-COORD Coordinate {
					    point	[ -0.1304 3 -0.7386,
							      -0.3749 3 -0.6495,
							      0.1304 3 -0.7386,
							      0.3749 3 -0.6495,
							      0.1304 3 -0.7386,
							      -0.3749 3 -0.6495,
							      -0.3749 3 -0.6495,
							      -0.5746 3 -0.482,
							      0.3749 3 -0.6495,
							      0.5746 3 -0.482,
							      0.3749 3 -0.6495,
							      -0.5746 3 -0.482,
							      -0.5746 3 -0.482,
							      -0.7047 3 -0.2565,
							      0.5746 3 -0.482,
							      0.7047 3 -0.2565,
							      0.5746 3 -0.482,
							      -0.7047 3 -0.2565,
							      -0.7047 3 -0.2565,
							      -0.75 3 0,
							      0.7047 3 -0.2565,
							      0.75 3 0,
							      0.7047 3 -0.2565,
							      -0.75 3 0,
							      -0.75 3 0,
							      -0.7047 3 0.2565,
							      0.75 3 0,
							      0.7047 3 0.2565,
							      0.75 3 0,
							      -0.7047 3 0.2565,
							      -0.7047 3 0.2565,
							      -0.5746 3 0.482,
							      0.7047 3 0.2565,
							      0.5746 3 0.482,
							      0.7047 3 0.2565,
							      -0.5746 3 0.482,
							      -0.5746 3 0.482,
							      -0.3749 3 0.6495,
							      0.5746 3 0.482,
							      0.3749 3 0.6495,
							      0.5746 3 0.482,
							      -0.3749 3 0.6495,
							      -0.3749 3 0.6495,
							      -0.1304 3 0.7386,
							      0.3749 3 0.6495,
							      0.1304 3 0.7386,
							      0.3749 3 0.6495,
							      -0.1304 3 0.7386 ]
				    }

				    ccw	TRUE
				    solid	FALSE
				    coordIndex	[ 0, 1, 2, -1, 3, 4, 5, -1,
						      6, 7, 8, -1, 9, 10, 11, -1,
						      12, 13, 14, -1, 15, 16, 17, -1,
						      18, 19, 20, -1, 21, 22, 23, -1,
						      24, 25, 26, -1, 27, 28, 29, -1,
						      30, 31, 32, -1, 33, 34, 35, -1,
						      36, 37, 38, -1, 39, 40, 41, -1,
						      42, 43, 44, -1, 45, 46, 47, -1 ]
			    }

		    }
	    }

	    DEF VIFS493 Transform {
		    translation	0 0 -0.5
		    rotation	1 0 0  1.571
		    children Shape {
			    appearance	Appearance {
				    material	Material {
					    ambientIntensity	1
					    diffuseColor	0.8745 0.6824 0.5882
					    shininess	0.62
					    specularColor	0.9 0.9 0.9
				    }

			    }

			    geometry	DEF VIFS493-FACES IndexedFaceSet {
				    coord	DEF VIFS493-COORD Coordinate {
					    point	[ 4.734 0 -0.3854,
							      4.743 0.7534 -0.2501,
							      4.742 0 -0.2798,
							      4.747 0 -0.1739,
							      4.742 0 -0.2798,
							      4.743 0.7534 -0.2501,
							      4.743 0.7534 -0.2501,
							      4.749 1.5 -0.1149,
							      4.747 0 -0.1739,
							      4.75 0.7526 -0.03939,
							      4.747 0 -0.1739,
							      4.749 1.5 -0.1149,
							      4.749 1.5 -0.1149,
							      4.75 1.5 -0.01004,
							      4.75 0.7526 -0.03939,
							      4.749 1.5 0.09481,
							      4.75 0.7526 -0.03939,
							      4.75 1.5 -0.01004,
							      4.75 0 0.02866,
							      4.747 0.7534 0.1643,
							      4.748 0 0.1347,
							      4.744 0 0.2405,
							      4.748 0 0.1347,
							      4.747 0.7534 0.1643,
							      4.747 0.7534 0.1643,
							      4.741 1.5 0.2994,
							      4.744 0 0.2405,
							      4.735 0.7526 0.3747,
							      4.744 0 0.2405,
							      4.741 1.5 0.2994,
							      4.741 1.5 0.2994,
							      4.733 1.5 0.404,
							      4.735 0.7526 0.3747,
							      4.723 1.5 0.5084,
							      4.735 0.7526 0.3747,
							      4.733 1.5 0.404,
							      4.729 0 0.4425,
							      4.715 0.7534 0.5774,
							      4.718 0 0.548,
							      4.705 0 0.653,
							      4.718 0 0.548,
							      4.715 0.7534 0.5774,
							      4.715 0.7534 0.5774,
							      4.696 1.5 0.7114,
							      4.705 0 0.653,
							      4.685 0.7526 0.786,
							      4.705 0 0.653,
							      4.696 1.5 0.7114,
							      4.696 1.5 0.7114,
							      4.68 1.5 0.8149,
							      4.685 0.7526 0.786,
							      4.66 1.5 0.918,
							      4.685 0.7526 0.786,
							      4.68 1.5 0.8149 ]
				    }

				    ccw	TRUE
				    solid	FALSE
				    coordIndex	[ 0, 1, 2, -1, 3, 4, 5, -1,
						      6, 7, 8, -1, 9, 10, 11, -1,
						      12, 13, 14, -1, 15, 16, 17, -1,
						      18, 19, 20, -1, 21, 22, 23, -1,
						      24, 25, 26, -1, 27, 28, 29, -1,
						      30, 31, 32, -1, 33, 34, 35, -1,
						      36, 37, 38, -1, 39, 40, 41, -1,
						      42, 43, 44, -1, 45, 46, 47, -1,
						      48, 49, 50, -1, 51, 52, 53, -1 ]
			    }

		    }
	    }

	    DEF VIFS492 Transform {
		    translation	0 0 -0.5
		    rotation	1 0 0  1.571
		    children Shape {
			    appearance	Appearance {
				    material	Material {
					    ambientIntensity	1
					    diffuseColor	0.8745 0.6824 0.5882
					    shininess	0.62
					    specularColor	0.9 0.9 0.9
				    }

			    }

			    geometry	DEF VIFS492-FACES IndexedFaceSet {
				    coord	DEF VIFS492-COORD Coordinate {
					    point	[ 4.673 0 0.853,
							      4.647 0.7534 0.9861,
							      4.653 0 0.9571,
							      4.63 0 1.061,
							      4.653 0 0.9571,
							      4.647 0.7534 0.9861,
							      4.647 0.7534 0.9861,
							      4.617 1.5 1.118,
							      4.63 0 1.061,
							      4.598 0.7526 1.191,
							      4.63 0 1.061,
							      4.617 1.5 1.118,
							      4.617 1.5 1.118,
							      4.591 1.5 1.22,
							      4.598 0.7526 1.191,
							      4.563 1.5 1.321,
							      4.598 0.7526 1.191,
							      4.591 1.5 1.22,
							      4.581 0 1.257,
							      4.543 0.7534 1.387,
							      4.551 0 1.359,
							      4.52 0 1.46,
							      4.551 0 1.359,
							      4.543 0.7534 1.387,
							      4.543 0.7534 1.387,
							      4.502 1.5 1.516,
							      4.52 0 1.46,
							      4.477 0.7526 1.588,
							      4.52 0 1.46,
							      4.502 1.5 1.516,
							      4.502 1.5 1.516,
							      4.467 1.5 1.615,
							      4.477 0.7526 1.588,
							      4.43 1.5 1.713,
							      4.477 0.7526 1.588,
							      4.467 1.5 1.615,
							      4.454 0 1.651,
							      4.405 0.7534 1.778,
							      4.416 0 1.75,
							      4.376 0 1.849,
							      4.416 0 1.75,
							      4.405 0.7534 1.778,
							      4.405 0.7534 1.778,
							      4.352 1.5 1.903,
							      4.376 0 1.849,
							      4.321 0.7526 1.972,
							      4.376 0 1.849,
							      4.352 1.5 1.903,
							      4.352 1.5 1.903,
							      4.309 1.5 1.998,
							      4.321 0.7526 1.972,
							      4.264 1.5 2.093,
							      4.321 0.7526 1.972,
							      4.309 1.5 1.998,
							      4.293 0 2.033,
							      4.233 0.7534 2.155,
							      4.246 0 2.129,
							      4.198 0 2.223,
							      4.246 0 2.129,
							      4.233 0.7534 2.155,
							      4.233 0.7534 2.155,
							      4.17 1.5 2.275,
							      4.198 0 2.223,
							      4.133 0.7526 2.341,
							      4.198 0 2.223,
							      4.17 1.5 2.275,
							      4.17 1.5 2.275,
							      4.119 1.5 2.366,
							      4.133 0.7526 2.341,
							      4.065 1.5 2.457,
							      4.133 0.7526 2.341,
							      4.119 1.5 2.366,
							      4.099 0 2.4,
							      4.029 0.7534 2.516,
							      4.045 0 2.491,
							      3.988 0 2.58,
							      4.045 0 2.491,
							      4.029 0.7534 2.516,
							      4.029 0.7534 2.516,
							      3.956 1.5 2.63,
							      3.988 0 2.58,
							      3.913 0.7526 2.692,
							      3.988 0 2.58,
							      3.956 1.5 2.63,
							      3.956 1.5 2.63,
							      3.897 1.5 2.716,
							      3.913 0.7526 2.692,
							      3.836 1.5 2.802,
							      3.913 0.7526 2.692,
							      3.897 1.5 2.716,
							      3.874 0 2.748,
							      3.794 0.7534 2.857,
							      3.812 0 2.834,
							      3.748 0 2.918,
							      3.812 0 2.834,
							      3.794 0.7534 2.857,
							      3.794 0.7534 2.857,
							      3.711 1.5 2.964,
							      3.748 0 2.918,
							      3.664 0.7526 3.023,
							      3.748 0 2.918,
							      3.711 1.5 2.964,
							      3.711 1.5 2.964,
							      3.645 1.5 3.045,
							      3.664 0.7526 3.023,
							      3.577 1.5 3.125,
							      3.664 0.7526 3.023,
							      3.645 1.5 3.045,
							      3.62 0 3.075,
							      3.531 0.7534 3.177,
							      3.551 0 3.155,
							      3.479 0 3.234,
							      3.551 0 3.155,
							      3.531 0.7534 3.177,
							      3.531 0.7534 3.177,
							      3.439 1.5 3.277,
							      3.479 0 3.234,
							      3.386 0.7526 3.331,
							      3.479 0 3.234,
							      3.439 1.5 3.277,
							      3.439 1.5 3.277,
							      3.366 1.5 3.352,
							      3.386 0.7526 3.331,
							      3.291 1.5 3.425,
							      3.386 0.7526 3.331,
							      3.366 1.5 3.352,
							      3.338 0 3.379,
							      3.241 0.7534 3.473,
							      3.262 0 3.453,
							      3.184 0 3.524,
							      3.262 0 3.453,
							      3.241 0.7534 3.473,
							      3.241 0.7534 3.473,
							      3.14 1.5 3.564,
							      3.184 0 3.524,
							      3.083 0.7526 3.613,
							      3.184 0 3.524,
							      3.14 1.5 3.564,
							      3.14 1.5 3.564,
							      3.061 1.5 3.632,
							      3.083 0.7526 3.613,
							      2.98 1.5 3.699,
							      3.083 0.7526 3.613,
							      3.061 1.5 3.632,
							      3.031 0 3.657,
							      2.926 0.7534 3.742,
							      2.949 0 3.724,
							      2.865 0 3.789,
							      2.949 0 3.724,
							      2.926 0.7534 3.742,
							      2.926 0.7534 3.742,
							      2.818 1.5 3.824,
							      2.865 0 3.789,
							      2.757 0.7526 3.868,
							      2.865 0 3.789,
							      2.818 1.5 3.824,
							      2.818 1.5 3.824,
							      2.733 1.5 3.885,
							      2.757 0.7526 3.868,
							      2.646 1.5 3.945,
							      2.757 0.7526 3.868,
							      2.733 1.5 3.885,
							      2.701 0 3.907,
							      2.588 0.7534 3.983,
							      2.613 0 3.967,
							      2.524 0 4.024,
							      2.613 0 3.967,
							      2.588 0.7534 3.983,
							      2.588 0.7534 3.983,
							      2.474 1.5 4.055,
							      2.524 0 4.024,
							      2.409 0.7526 4.094,
							      2.524 0 4.024,
							      2.474 1.5 4.055,
							      2.474 1.5 4.055,
							      2.384 1.5 4.109,
							      2.409 0.7526 4.094,
							      2.292 1.5 4.16,
							      2.409 0.7526 4.094,
							      2.384 1.5 4.109,
							      2.35 0 4.128,
							      2.231 0.7534 4.193,
							      2.258 0 4.179,
							      2.164 0 4.229,
							      2.258 0 4.179,
							      2.231 0.7534 4.193,
							      2.231 0.7534 4.193,
							      2.111 1.5 4.255,
							      2.164 0 4.229,
							      2.043 0.7526 4.288,
							      2.164 0 4.229,
							      2.111 1.5 4.255,
							      2.111 1.5 4.255,
							      2.017 1.5 4.301,
							      2.043 0.7526 4.288,
							      1.921 1.5 4.344,
							      2.043 0.7526 4.288,
							      2.017 1.5 4.301,
							      1.981 0 4.317,
							      1.857 0.7534 4.372,
							      1.885 0 4.36,
							      1.787 0 4.401,
							      1.885 0 4.36,
							      1.857 0.7534 4.372,
							      1.857 0.7534 4.372,
							      1.732 1.5 4.423,
							      1.787 0 4.401,
							      1.662 0.7526 4.45,
							      1.787 0 4.401,
							      1.732 1.5 4.423,
							      1.732 1.5 4.423,
							      1.634 1.5 4.46,
							      1.662 0.7526 4.45,
							      1.535 1.5 4.495,
							      1.662 0.7526 4.45,
							      1.634 1.5 4.46,
							      1.598 0 4.473,
							      1.469 0.7534 4.517,
							      1.498 0 4.508,
							      1.397 0 4.54,
							      1.498 0 4.508,
							      1.469 0.7534 4.517,
							      1.469 0.7534 4.517,
							      1.34 1.5 4.557,
							      1.397 0 4.54,
							      1.267 0.7526 4.578,
							      1.397 0 4.54,
							      1.34 1.5 4.557,
							      1.34 1.5 4.557,
							      1.239 1.5 4.586,
							      1.267 0.7526 4.578,
							      1.138 1.5 4.612,
							      1.267 0.7526 4.578,
							      1.239 1.5 4.586,
							      1.202 0 4.595,
							      1.07 0.7534 4.628,
							      1.099 0 4.621,
							      0.9955 0 4.644,
							      1.099 0 4.621,
							      1.07 0.7534 4.628,
							      1.07 0.7534 4.628,
							      0.9377 1.5 4.657,
							      0.9955 0 4.644,
							      0.8636 0.7526 4.671,
							      0.9955 0 4.644,
							      0.9377 1.5 4.657,
							      0.9377 1.5 4.657,
							      0.8348 1.5 4.676,
							      0.8636 0.7526 4.671,
							      0.7313 1.5 4.693,
							      0.8636 0.7526 4.671,
							      0.8348 1.5 4.676,
							      0.7966 0 4.683,
							      0.6625 0.7534 4.704,
							      0.692 0 4.699,
							      0.5869 0 4.714,
							      0.692 0 4.699,
							      0.6625 0.7534 4.704,
							      0.6625 0.7534 4.704,
							      0.5283 1.5 4.721,
							      0.5869 0 4.714,
							      0.4532 0.7526 4.728,
							      0.5869 0 4.714,
							      0.5283 1.5 4.721,
							      0.5283 1.5 4.721,
							      0.4241 1.5 4.731,
							      0.4532 0.7526 4.728,
							      0.3194 1.5 4.739,
							      0.4532 0.7526 4.728,
							      0.4241 1.5 4.731,
							      0.3854 0 4.734,
							      0.2501 0.7534 4.743,
							      0.2798 0 4.742,
							      0.1739 0 4.747,
							      0.2798 0 4.742,
							      0.2501 0.7534 4.743,
							      0.2501 0.7534 4.743,
							      0.1149 1.5 4.749,
							      0.1739 0 4.747,
							      0.03939 0.7526 4.75,
							      0.1739 0 4.747,
							      0.1149 1.5 4.749,
							      0.1149 1.5 4.749,
							      0.01011 1.5 4.75,
							      0.03939 0.7526 4.75,
							      -0.09481 1.5 4.749,
							      0.03939 0.7526 4.75,
							      0.01011 1.5 4.75,
							      -0.02866 0 4.75,
							      -0.1643 0.7534 4.747,
							      -0.1345 0 4.748,
							      -0.2405 0 4.744,
							      -0.1345 0 4.748,
							      -0.1643 0.7534 4.747,
							      -0.1643 0.7534 4.747,
							      -0.2994 1.5 4.741,
							      -0.2405 0 4.744,
							      -0.3747 0.7526 4.735,
							      -0.2405 0 4.744,
							      -0.2994 1.5 4.741,
							      -0.2994 1.5 4.741,
							      -0.4039 1.5 4.733,
							      -0.3747 0.7526 4.735,
							      -0.5084 1.5 4.723,
							      -0.3747 0.7526 4.735,
							      -0.4039 1.5 4.733,
							      -0.4425 0 4.729,
							      -0.5774 0.7534 4.715,
							      -0.5479 0 4.718,
							      -0.653 0 4.705,
							      -0.5479 0 4.718,
							      -0.5774 0.7534 4.715,
							      -0.5774 0.7534 4.715,
							      -0.7114 1.5 4.696,
							      -0.653 0 4.705,
							      -0.786 0.7526 4.685,
							      -0.653 0 4.705,
							      -0.7114 1.5 4.696,
							      -0.7114 1.5 4.696,
							      -0.8149 1.5 4.68,
							      -0.786 0.7526 4.685,
							      -0.918 1.5 4.66,
							      -0.786 0.7526 4.685,
							      -0.8149 1.5 4.68,
							      -0.853 0 4.673,
							      -0.9861 0.7534 4.647,
							      -0.957 0 4.653,
							      -1.061 0 4.63,
							      -0.957 0 4.653,
							      -0.9861 0.7534 4.647,
							      -0.9861 0.7534 4.647,
							      -1.118 1.5 4.617,
							      -1.061 0 4.63,
							      -1.191 0.7526 4.598,
							      -1.061 0 4.63,
							      -1.118 1.5 4.617,
							      -1.118 1.5 4.617,
							      -1.22 1.5 4.591,
							      -1.191 0.7526 4.598,
							      -1.321 1.5 4.563,
							      -1.191 0.7526 4.598,
							      -1.22 1.5 4.591,
							      -1.257 0 4.581,
							      -1.387 0.7534 4.543,
							      -1.359 0 4.551,
							      -1.46 0 4.52,
							      -1.359 0 4.551,
							      -1.387 0.7534 4.543,
							      -1.387 0.7534 4.543,
							      -1.516 1.5 4.502,
							      -1.46 0 4.52,
							      -1.588 0.7526 4.477,
							      -1.46 0 4.52,
							      -1.516 1.5 4.502,
							      -1.516 1.5 4.502,
							      -1.615 1.5 4.467,
							      -1.588 0.7526 4.477,
							      -1.713 1.5 4.43,
							      -1.588 0.7526 4.477,
							      -1.615 1.5 4.467,
							      -1.651 0 4.454,
							      -1.778 0.7534 4.405,
							      -1.75 0 4.416,
							      -1.849 0 4.376,
							      -1.75 0 4.416,
							      -1.778 0.7534 4.405,
							      -1.778 0.7534 4.405,
							      -1.903 1.5 4.352,
							      -1.849 0 4.376,
							      -1.972 0.7526 4.321,
							      -1.849 0 4.376,
							      -1.903 1.5 4.352,
							      -1.903 1.5 4.352,
							      -1.998 1.5 4.309,
							      -1.972 0.7526 4.321,
							      -2.093 1.5 4.264,
							      -1.972 0.7526 4.321,
							      -1.998 1.5 4.309,
							      -2.033 0 4.293,
							      -2.155 0.7534 4.233,
							      -2.129 0 4.246,
							      -2.223 0 4.198,
							      -2.129 0 4.246,
							      -2.155 0.7534 4.233,
							      -2.155 0.7534 4.233,
							      -2.275 1.5 4.17,
							      -2.223 0 4.198,
							      -2.341 0.7526 4.133,
							      -2.223 0 4.198,
							      -2.275 1.5 4.17,
							      -2.275 1.5 4.17,
							      -2.366 1.5 4.119,
							      -2.341 0.7526 4.133,
							      -2.457 1.5 4.065,
							      -2.341 0.7526 4.133,
							      -2.366 1.5 4.119,
							      -2.4 0 4.099,
							      -2.516 0.7534 4.029,
							      -2.491 0 4.045,
							      -2.58 0 3.988,
							      -2.491 0 4.045,
							      -2.516 0.7534 4.029,
							      -2.516 0.7534 4.029,
							      -2.63 1.5 3.956,
							      -2.58 0 3.988,
							      -2.692 0.7526 3.913,
							      -2.58 0 3.988,
							      -2.63 1.5 3.956,
							      -2.63 1.5 3.956,
							      -2.716 1.5 3.897,
							      -2.692 0.7526 3.913,
							      -2.802 1.5 3.836,
							      -2.692 0.7526 3.913,
							      -2.716 1.5 3.897,
							      -2.748 0 3.874,
							      -2.857 0.7534 3.794,
							      -2.834 0 3.812,
							      -2.918 0 3.748,
							      -2.834 0 3.812,
							      -2.857 0.7534 3.794,
							      -2.857 0.7534 3.794,
							      -2.964 1.5 3.711,
							      -2.918 0 3.748,
							      -3.023 0.7526 3.664,
							      -2.918 0 3.748,
							      -2.964 1.5 3.711,
							      -2.964 1.5 3.711,
							      -3.045 1.5 3.645,
							      -3.023 0.7526 3.664,
							      -3.125 1.5 3.577,
							      -3.023 0.7526 3.664,
							      -3.045 1.5 3.645,
							      -3.075 0 3.62,
							      -3.177 0.7534 3.531,
							      -3.155 0 3.551,
							      -3.234 0 3.479,
							      -3.155 0 3.551,
							      -3.177 0.7534 3.531,
							      -3.177 0.7534 3.531,
							      -3.277 1.5 3.439,
							      -3.234 0 3.479,
							      -3.331 0.7526 3.386,
							      -3.234 0 3.479,
							      -3.277 1.5 3.439,
							      -3.277 1.5 3.439,
							      -3.352 1.5 3.366,
							      -3.331 0.7526 3.386,
							      -3.425 1.5 3.291,
							      -3.331 0.7526 3.386,
							      -3.352 1.5 3.366,
							      -3.379 0 3.338,
							      -3.473 0.7534 3.241,
							      -3.453 0 3.262,
							      -3.524 0 3.184,
							      -3.453 0 3.262,
							      -3.473 0.7534 3.241,
							      -3.473 0.7534 3.241,
							      -3.564 1.5 3.14,
							      -3.524 0 3.184,
							      -3.613 0.7526 3.083,
							      -3.524 0 3.184,
							      -3.564 1.5 3.14,
							      -3.564 1.5 3.14,
							      -3.632 1.5 3.061,
							      -3.613 0.7526 3.083,
							      -3.699 1.5 2.98,
							      -3.613 0.7526 3.083,
							      -3.632 1.5 3.061,
							      -3.657 0 3.031,
							      -3.742 0.7534 2.926,
							      -3.724 0 2.949,
							      -3.789 0 2.865,
							      -3.724 0 2.949,
							      -3.742 0.7534 2.926,
							      -3.742 0.7534 2.926,
							      -3.824 1.5 2.818,
							      -3.789 0 2.865,
							      -3.868 0.7526 2.757,
							      -3.789 0 2.865,
							      -3.824 1.5 2.818,
							      -3.824 1.5 2.818,
							      -3.885 1.5 2.733,
							      -3.868 0.7526 2.757,
							      -3.945 1.5 2.646,
							      -3.868 0.7526 2.757,
							      -3.885 1.5 2.733,
							      -3.907 0 2.701,
							      -3.983 0.7534 2.588,
							      -3.967 0 2.613,
							      -4.024 0 2.524,
							      -3.967 0 2.613,
							      -3.983 0.7534 2.588,
							      -3.983 0.7534 2.588,
							      -4.055 1.5 2.474,
							      -4.024 0 2.524,
							      -4.094 0.7526 2.409,
							      -4.024 0 2.524,
							      -4.055 1.5 2.474,
							      -4.055 1.5 2.474,
							      -4.109 1.5 2.384,
							      -4.094 0.7526 2.409,
							      -4.16 1.5 2.292,
							      -4.094 0.7526 2.409,
							      -4.109 1.5 2.384,
							      -4.128 0 2.35,
							      -4.193 0.7534 2.231,
							      -4.179 0 2.258,
							      -4.229 0 2.164,
							      -4.179 0 2.258,
							      -4.193 0.7534 2.231,
							      -4.193 0.7534 2.231,
							      -4.255 1.5 2.111,
							      -4.229 0 2.164,
							      -4.288 0.7526 2.043,
							      -4.229 0 2.164,
							      -4.255 1.5 2.111,
							      -4.255 1.5 2.111,
							      -4.301 1.5 2.017,
							      -4.288 0.7526 2.043,
							      -4.344 1.5 1.921,
							      -4.288 0.7526 2.043,
							      -4.301 1.5 2.017,
							      -4.317 0 1.981,
							      -4.372 0.7534 1.857,
							      -4.36 0 1.885,
							      -4.401 0 1.787,
							      -4.36 0 1.885,
							      -4.372 0.7534 1.857,
							      -4.372 0.7534 1.857,
							      -4.423 1.5 1.732,
							      -4.401 0 1.787,
							      -4.45 0.7526 1.662,
							      -4.401 0 1.787,
							      -4.423 1.5 1.732,
							      -4.423 1.5 1.732,
							      -4.46 1.5 1.634,
							      -4.45 0.7526 1.662,
							      -4.495 1.5 1.535,
							      -4.45 0.7526 1.662,
							      -4.46 1.5 1.634,
							      -4.473 0 1.598,
							      -4.517 0.7534 1.469,
							      -4.508 0 1.498,
							      -4.54 0 1.397,
							      -4.508 0 1.498,
							      -4.517 0.7534 1.469,
							      -4.517 0.7534 1.469,
							      -4.557 1.5 1.34,
							      -4.54 0 1.397,
							      -4.578 0.7526 1.267,
							      -4.54 0 1.397,
							      -4.557 1.5 1.34,
							      -4.557 1.5 1.34,
							      -4.586 1.5 1.239,
							      -4.578 0.7526 1.267,
							      -4.612 1.5 1.138,
							      -4.578 0.7526 1.267,
							      -4.586 1.5 1.239,
							      -4.595 0 1.202,
							      -4.628 0.7534 1.07,
							      -4.621 0 1.099,
							      -4.644 0 0.9955,
							      -4.621 0 1.099,
							      -4.628 0.7534 1.07,
							      -4.628 0.7534 1.07,
							      -4.657 1.5 0.9377,
							      -4.644 0 0.9955,
							      -4.671 0.7526 0.8636,
							      -4.644 0 0.9955,
							      -4.657 1.5 0.9377,
							      -4.657 1.5 0.9377,
							      -4.676 1.5 0.8348,
							      -4.671 0.7526 0.8636,
							      -4.693 1.5 0.7313,
							      -4.671 0.7526 0.8636,
							      -4.676 1.5 0.8348,
							      -4.683 0 0.7966,
							      -4.704 0.7534 0.6625,
							      -4.699 0 0.692,
							      -4.714 0 0.5869,
							      -4.699 0 0.692,
							      -4.704 0.7534 0.6625,
							      -4.704 0.7534 0.6625,
							      -4.721 1.5 0.5283,
							      -4.714 0 0.5869,
							      -4.728 0.7526 0.4532,
							      -4.714 0 0.5869,
							      -4.721 1.5 0.5283,
							      -4.721 1.5 0.5283,
							      -4.731 1.5 0.4241,
							      -4.728 0.7526 0.4532,
							      -4.739 1.5 0.3194,
							      -4.728 0.7526 0.4532,
							      -4.731 1.5 0.4241,
							      -4.734 0 0.3854,
							      -4.743 0.7534 0.2501,
							      -4.742 0 0.2798,
							      -4.747 0 0.1739,
							      -4.742 0 0.2798,
							      -4.743 0.7534 0.2501,
							      -4.743 0.7534 0.2501,
							      -4.749 1.5 0.1149,
							      -4.747 0 0.1739,
							      -4.75 0.7526 0.03939,
							      -4.747 0 0.1739,
							      -4.749 1.5 0.1149,
							      -4.749 1.5 0.1149,
							      -4.75 1.5 0.01011,
							      -4.75 0.7526 0.03939,
							      -4.749 1.5 -0.09481,
							      -4.75 0.7526 0.03939,
							      -4.75 1.5 0.01011,
							      -4.75 0 -0.02866,
							      -4.747 0.7534 -0.1643,
							      -4.748 0 -0.1345,
							      -4.744 0 -0.2405,
							      -4.748 0 -0.1345,
							      -4.747 0.7534 -0.1643,
							      -4.747 0.7534 -0.1643,
							      -4.741 1.5 -0.2994,
							      -4.744 0 -0.2405,
							      -4.735 0.7526 -0.3747,
							      -4.744 0 -0.2405,
							      -4.741 1.5 -0.2994,
							      -4.741 1.5 -0.2994,
							      -4.733 1.5 -0.4039,
							      -4.735 0.7526 -0.3747,
							      -4.723 1.5 -0.5084,
							      -4.735 0.7526 -0.3747,
							      -4.733 1.5 -0.4039,
							      -4.729 0 -0.4425,
							      -4.715 0.7534 -0.5774,
							      -4.718 0 -0.5478,
							      -4.705 0 -0.653,
							      -4.718 0 -0.5478,
							      -4.715 0.7534 -0.5774,
							      -4.715 0.7534 -0.5774,
							      -4.696 1.5 -0.7114,
							      -4.705 0 -0.653,
							      -4.685 0.7526 -0.786,
							      -4.705 0 -0.653,
							      -4.696 1.5 -0.7114,
							      -4.696 1.5 -0.7114,
							      -4.68 1.5 -0.8149,
							      -4.685 0.7526 -0.786,
							      -4.66 1.5 -0.918,
							      -4.685 0.7526 -0.786,
							      -4.68 1.5 -0.8149,
							      -4.673 0 -0.853,
							      -4.647 0.7534 -0.9861,
							      -4.653 0 -0.957,
							      -4.63 0 -1.061,
							      -4.653 0 -0.957,
							      -4.647 0.7534 -0.9861,
							      -4.647 0.7534 -0.9861,
							      -4.617 1.5 -1.118,
							      -4.63 0 -1.061,
							      -4.598 0.7526 -1.191,
							      -4.63 0 -1.061,
							      -4.617 1.5 -1.118,
							      -4.617 1.5 -1.118,
							      -4.591 1.5 -1.22,
							      -4.598 0.7526 -1.191,
							      -4.563 1.5 -1.321,
							      -4.598 0.7526 -1.191,
							      -4.591 1.5 -1.22,
							      -4.581 0 -1.257,
							      -4.543 0.7534 -1.387,
							      -4.551 0 -1.359,
							      -4.52 0 -1.46,
							      -4.551 0 -1.359,
							      -4.543 0.7534 -1.387,
							      -4.543 0.7534 -1.387,
							      -4.502 1.5 -1.516,
							      -4.52 0 -1.46,
							      -4.477 0.7526 -1.588,
							      -4.52 0 -1.46,
							      -4.502 1.5 -1.516,
							      -4.502 1.5 -1.516,
							      -4.467 1.5 -1.615,
							      -4.477 0.7526 -1.588,
							      -4.43 1.5 -1.713,
							      -4.477 0.7526 -1.588,
							      -4.467 1.5 -1.615,
							      -4.454 0 -1.651,
							      -4.405 0.7534 -1.778,
							      -4.416 0 -1.75,
							      -4.376 0 -1.849,
							      -4.416 0 -1.75,
							      -4.405 0.7534 -1.778,
							      -4.405 0.7534 -1.778,
							      -4.352 1.5 -1.903,
							      -4.376 0 -1.849,
							      -4.321 0.7526 -1.972,
							      -4.376 0 -1.849,
							      -4.352 1.5 -1.903,
							      -4.352 1.5 -1.903,
							      -4.309 1.5 -1.998,
							      -4.321 0.7526 -1.972,
							      -4.264 1.5 -2.093,
							      -4.321 0.7526 -1.972,
							      -4.309 1.5 -1.998,
							      -4.293 0 -2.033,
							      -4.233 0.7534 -2.155,
							      -4.246 0 -2.129,
							      -4.198 0 -2.223,
							      -4.246 0 -2.129,
							      -4.233 0.7534 -2.155,
							      -4.233 0.7534 -2.155,
							      -4.17 1.5 -2.275,
							      -4.198 0 -2.223,
							      -4.133 0.7526 -2.341,
							      -4.198 0 -2.223,
							      -4.17 1.5 -2.275,
							      -4.17 1.5 -2.275,
							      -4.119 1.5 -2.366,
							      -4.133 0.7526 -2.341,
							      -4.065 1.5 -2.457,
							      -4.133 0.7526 -2.341,
							      -4.119 1.5 -2.366,
							      -4.099 0 -2.4,
							      -4.029 0.7534 -2.516,
							      -4.045 0 -2.491,
							      -3.988 0 -2.58,
							      -4.045 0 -2.491,
							      -4.029 0.7534 -2.516,
							      -4.029 0.7534 -2.516,
							      -3.956 1.5 -2.63,
							      -3.988 0 -2.58,
							      -3.913 0.7526 -2.692,
							      -3.988 0 -2.58,
							      -3.956 1.5 -2.63,
							      -3.956 1.5 -2.63,
							      -3.897 1.5 -2.716,
							      -3.913 0.7526 -2.692,
							      -3.836 1.5 -2.802,
							      -3.913 0.7526 -2.692,
							      -3.897 1.5 -2.716,
							      -3.874 0 -2.748,
							      -3.794 0.7534 -2.857,
							      -3.812 0 -2.834,
							      -3.748 0 -2.918,
							      -3.812 0 -2.834,
							      -3.794 0.7534 -2.857,
							      -3.794 0.7534 -2.857,
							      -3.711 1.5 -2.964,
							      -3.748 0 -2.918,
							      -3.664 0.7526 -3.023,
							      -3.748 0 -2.918,
							      -3.711 1.5 -2.964,
							      -3.711 1.5 -2.964,
							      -3.645 1.5 -3.045,
							      -3.664 0.7526 -3.023,
							      -3.577 1.5 -3.125,
							      -3.664 0.7526 -3.023,
							      -3.645 1.5 -3.045,
							      -3.62 0 -3.075,
							      -3.531 0.7534 -3.177,
							      -3.551 0 -3.155,
							      -3.479 0 -3.234,
							      -3.551 0 -3.155,
							      -3.531 0.7534 -3.177,
							      -3.531 0.7534 -3.177,
							      -3.439 1.5 -3.277,
							      -3.479 0 -3.234,
							      -3.386 0.7526 -3.331,
							      -3.479 0 -3.234,
							      -3.439 1.5 -3.277,
							      -3.439 1.5 -3.277,
							      -3.366 1.5 -3.352,
							      -3.386 0.7526 -3.331,
							      -3.291 1.5 -3.425,
							      -3.386 0.7526 -3.331,
							      -3.366 1.5 -3.352,
							      -3.338 0 -3.379,
							      -3.241 0.7534 -3.473,
							      -3.262 0 -3.453,
							      -3.184 0 -3.524,
							      -3.262 0 -3.453,
							      -3.241 0.7534 -3.473,
							      -3.241 0.7534 -3.473,
							      -3.14 1.5 -3.564,
							      -3.184 0 -3.524,
							      -3.083 0.7526 -3.613,
							      -3.184 0 -3.524,
							      -3.14 1.5 -3.564,
							      -3.14 1.5 -3.564,
							      -3.061 1.5 -3.632,
							      -3.083 0.7526 -3.613,
							      -2.98 1.5 -3.699,
							      -3.083 0.7526 -3.613,
							      -3.061 1.5 -3.632,
							      -3.031 0 -3.657,
							      -2.926 0.7534 -3.742,
							      -2.949 0 -3.724,
							      -2.865 0 -3.789,
							      -2.949 0 -3.724,
							      -2.926 0.7534 -3.742,
							      -2.926 0.7534 -3.742,
							      -2.818 1.5 -3.824,
							      -2.865 0 -3.789,
							      -2.757 0.7526 -3.868,
							      -2.865 0 -3.789,
							      -2.818 1.5 -3.824,
							      -2.818 1.5 -3.824,
							      -2.733 1.5 -3.885,
							      -2.757 0.7526 -3.868,
							      -2.646 1.5 -3.945,
							      -2.757 0.7526 -3.868,
							      -2.733 1.5 -3.885,
							      -2.701 0 -3.907,
							      -2.588 0.7534 -3.983,
							      -2.613 0 -3.967,
							      -2.524 0 -4.024,
							      -2.613 0 -3.967,
							      -2.588 0.7534 -3.983,
							      -2.588 0.7534 -3.983,
							      -2.474 1.5 -4.055,
							      -2.524 0 -4.024,
							      -2.409 0.7526 -4.094,
							      -2.524 0 -4.024,
							      -2.474 1.5 -4.055,
							      -2.474 1.5 -4.055,
							      -2.384 1.5 -4.109,
							      -2.409 0.7526 -4.094,
							      -2.292 1.5 -4.16,
							      -2.409 0.7526 -4.094,
							      -2.384 1.5 -4.109,
							      -2.35 0 -4.128,
							      -2.231 0.7534 -4.193,
							      -2.258 0 -4.179,
							      -2.164 0 -4.229,
							      -2.258 0 -4.179,
							      -2.231 0.7534 -4.193,
							      -2.231 0.7534 -4.193,
							      -2.111 1.5 -4.255,
							      -2.164 0 -4.229,
							      -2.043 0.7526 -4.288,
							      -2.164 0 -4.229,
							      -2.111 1.5 -4.255,
							      -2.111 1.5 -4.255,
							      -2.017 1.5 -4.301,
							      -2.043 0.7526 -4.288,
							      -1.921 1.5 -4.344,
							      -2.043 0.7526 -4.288,
							      -2.017 1.5 -4.301,
							      -1.981 0 -4.317,
							      -1.857 0.7534 -4.372,
							      -1.885 0 -4.36,
							      -1.787 0 -4.401,
							      -1.885 0 -4.36,
							      -1.857 0.7534 -4.372,
							      -1.857 0.7534 -4.372,
							      -1.732 1.5 -4.423,
							      -1.787 0 -4.401,
							      -1.662 0.7526 -4.45,
							      -1.787 0 -4.401,
							      -1.732 1.5 -4.423,
							      -1.732 1.5 -4.423,
							      -1.634 1.5 -4.46,
							      -1.662 0.7526 -4.45,
							      -1.535 1.5 -4.495,
							      -1.662 0.7526 -4.45,
							      -1.634 1.5 -4.46,
							      -1.598 0 -4.473,
							      -1.469 0.7534 -4.517,
							      -1.498 0 -4.508,
							      -1.397 0 -4.54,
							      -1.498 0 -4.508,
							      -1.469 0.7534 -4.517,
							      -1.469 0.7534 -4.517,
							      -1.34 1.5 -4.557,
							      -1.397 0 -4.54,
							      -1.267 0.7526 -4.578,
							      -1.397 0 -4.54,
							      -1.34 1.5 -4.557,
							      -1.34 1.5 -4.557,
							      -1.239 1.5 -4.586,
							      -1.267 0.7526 -4.578,
							      -1.138 1.5 -4.612,
							      -1.267 0.7526 -4.578,
							      -1.239 1.5 -4.586,
							      -1.202 0 -4.595,
							      -1.07 0.7534 -4.628,
							      -1.099 0 -4.621,
							      -0.9955 0 -4.644,
							      -1.099 0 -4.621,
							      -1.07 0.7534 -4.628,
							      -1.07 0.7534 -4.628,
							      -0.9377 1.5 -4.657,
							      -0.9955 0 -4.644,
							      -0.8636 0.7526 -4.671,
							      -0.9955 0 -4.644,
							      -0.9377 1.5 -4.657,
							      -0.9377 1.5 -4.657,
							      -0.8348 1.5 -4.676,
							      -0.8636 0.7526 -4.671,
							      -0.7313 1.5 -4.693,
							      -0.8636 0.7526 -4.671,
							      -0.8348 1.5 -4.676,
							      -0.7966 0 -4.683,
							      -0.6625 0.7534 -4.704,
							      -0.692 0 -4.699,
							      -0.5869 0 -4.714,
							      -0.692 0 -4.699,
							      -0.6625 0.7534 -4.704,
							      -0.6625 0.7534 -4.704,
							      -0.5283 1.5 -4.721,
							      -0.5869 0 -4.714,
							      -0.4532 0.7526 -4.728,
							      -0.5869 0 -4.714,
							      -0.5283 1.5 -4.721,
							      -0.5283 1.5 -4.721,
							      -0.4241 1.5 -4.731,
							      -0.4532 0.7526 -4.728,
							      -0.3194 1.5 -4.739,
							      -0.4532 0.7526 -4.728,
							      -0.4241 1.5 -4.731,
							      -0.3854 0 -4.734,
							      -0.2501 0.7534 -4.743,
							      -0.2798 0 -4.742,
							      -0.1739 0 -4.747,
							      -0.2798 0 -4.742,
							      -0.2501 0.7534 -4.743,
							      -0.2501 0.7534 -4.743,
							      -0.1149 1.5 -4.749,
							      -0.1739 0 -4.747,
							      -0.03939 0.7526 -4.75,
							      -0.1739 0 -4.747,
							      -0.1149 1.5 -4.749,
							      -0.1149 1.5 -4.749,
							      -0.01013 1.5 -4.75,
							      -0.03939 0.7526 -4.75,
							      0.09481 1.5 -4.749,
							      -0.03939 0.7526 -4.75,
							      -0.01013 1.5 -4.75,
							      0.02866 0 -4.75,
							      0.1643 0.7534 -4.747,
							      0.1345 0 -4.748,
							      0.2405 0 -4.744,
							      0.1345 0 -4.748,
							      0.1643 0.7534 -4.747,
							      0.1643 0.7534 -4.747,
							      0.2994 1.5 -4.741,
							      0.2405 0 -4.744,
							      0.3747 0.7526 -4.735,
							      0.2405 0 -4.744,
							      0.2994 1.5 -4.741,
							      0.2994 1.5 -4.741,
							      0.4039 1.5 -4.733,
							      0.3747 0.7526 -4.735,
							      0.5084 1.5 -4.723,
							      0.3747 0.7526 -4.735,
							      0.4039 1.5 -4.733,
							      0.4425 0 -4.729,
							      0.5774 0.7534 -4.715,
							      0.5478 0 -4.718,
							      0.653 0 -4.705,
							      0.5478 0 -4.718,
							      0.5774 0.7534 -4.715,
							      0.5774 0.7534 -4.715,
							      0.7114 1.5 -4.696,
							      0.653 0 -4.705,
							      0.786 0.7526 -4.685,
							      0.653 0 -4.705,
							      0.7114 1.5 -4.696,
							      0.7114 1.5 -4.696,
							      0.8148 1.5 -4.68,
							      0.786 0.7526 -4.685,
							      0.918 1.5 -4.66,
							      0.786 0.7526 -4.685,
							      0.8148 1.5 -4.68,
							      0.853 0 -4.673,
							      0.9861 0.7534 -4.647,
							      0.957 0 -4.653,
							      1.061 0 -4.63,
							      0.957 0 -4.653,
							      0.9861 0.7534 -4.647,
							      0.9861 0.7534 -4.647,
							      1.118 1.5 -4.617,
							      1.061 0 -4.63,
							      1.191 0.7526 -4.598,
							      1.061 0 -4.63,
							      1.118 1.5 -4.617,
							      1.118 1.5 -4.617,
							      1.22 1.5 -4.591,
							      1.191 0.7526 -4.598,
							      1.321 1.5 -4.563,
							      1.191 0.7526 -4.598,
							      1.22 1.5 -4.591,
							      1.257 0 -4.581,
							      1.387 0.7534 -4.543,
							      1.359 0 -4.551,
							      1.46 0 -4.52,
							      1.359 0 -4.551,
							      1.387 0.7534 -4.543,
							      1.387 0.7534 -4.543,
							      1.516 1.5 -4.502,
							      1.46 0 -4.52,
							      1.588 0.7526 -4.477,
							      1.46 0 -4.52,
							      1.516 1.5 -4.502,
							      1.516 1.5 -4.502,
							      1.615 1.5 -4.467,
							      1.588 0.7526 -4.477,
							      1.713 1.5 -4.43,
							      1.588 0.7526 -4.477,
							      1.615 1.5 -4.467,
							      1.651 0 -4.454,
							      1.778 0.7534 -4.405,
							      1.75 0 -4.416,
							      1.849 0 -4.376,
							      1.75 0 -4.416,
							      1.778 0.7534 -4.405,
							      1.778 0.7534 -4.405,
							      1.903 1.5 -4.352,
							      1.849 0 -4.376,
							      1.972 0.7526 -4.321,
							      1.849 0 -4.376,
							      1.903 1.5 -4.352,
							      1.903 1.5 -4.352,
							      1.998 1.5 -4.309,
							      1.972 0.7526 -4.321,
							      2.093 1.5 -4.264,
							      1.972 0.7526 -4.321,
							      1.998 1.5 -4.309,
							      2.033 0 -4.293,
							      2.155 0.7534 -4.233,
							      2.129 0 -4.246,
							      2.223 0 -4.198,
							      2.129 0 -4.246,
							      2.155 0.7534 -4.233,
							      2.155 0.7534 -4.233,
							      2.275 1.5 -4.17,
							      2.223 0 -4.198,
							      2.341 0.7526 -4.133,
							      2.223 0 -4.198,
							      2.275 1.5 -4.17,
							      2.275 1.5 -4.17,
							      2.366 1.5 -4.119,
							      2.341 0.7526 -4.133,
							      2.457 1.5 -4.065,
							      2.341 0.7526 -4.133,
							      2.366 1.5 -4.119,
							      2.4 0 -4.099,
							      2.516 0.7534 -4.029,
							      2.491 0 -4.045,
							      2.58 0 -3.988,
							      2.491 0 -4.045,
							      2.516 0.7534 -4.029,
							      2.516 0.7534 -4.029,
							      2.63 1.5 -3.956,
							      2.58 0 -3.988,
							      2.692 0.7526 -3.913,
							      2.58 0 -3.988,
							      2.63 1.5 -3.956,
							      2.63 1.5 -3.956,
							      2.716 1.5 -3.897,
							      2.692 0.7526 -3.913,
							      2.802 1.5 -3.836,
							      2.692 0.7526 -3.913,
							      2.716 1.5 -3.897,
							      2.748 0 -3.874,
							      2.857 0.7534 -3.794,
							      2.834 0 -3.812,
							      2.918 0 -3.748,
							      2.834 0 -3.812,
							      2.857 0.7534 -3.794,
							      2.857 0.7534 -3.794,
							      2.964 1.5 -3.711,
							      2.918 0 -3.748,
							      3.023 0.7526 -3.664,
							      2.918 0 -3.748,
							      2.964 1.5 -3.711,
							      2.964 1.5 -3.711,
							      3.045 1.5 -3.645,
							      3.023 0.7526 -3.664,
							      3.125 1.5 -3.577,
							      3.023 0.7526 -3.664,
							      3.045 1.5 -3.645,
							      3.075 0 -3.62,
							      3.177 0.7534 -3.531,
							      3.155 0 -3.551,
							      3.234 0 -3.479,
							      3.155 0 -3.551,
							      3.177 0.7534 -3.531,
							      3.177 0.7534 -3.531,
							      3.277 1.5 -3.439,
							      3.234 0 -3.479,
							      3.331 0.7526 -3.386,
							      3.234 0 -3.479,
							      3.277 1.5 -3.439,
							      3.277 1.5 -3.439,
							      3.352 1.5 -3.366,
							      3.331 0.7526 -3.386,
							      3.425 1.5 -3.291,
							      3.331 0.7526 -3.386,
							      3.352 1.5 -3.366,
							      3.379 0 -3.338,
							      3.473 0.7534 -3.241,
							      3.453 0 -3.262,
							      3.524 0 -3.184,
							      3.453 0 -3.262,
							      3.473 0.7534 -3.241,
							      3.473 0.7534 -3.241,
							      3.564 1.5 -3.14,
							      3.524 0 -3.184,
							      3.613 0.7526 -3.083,
							      3.524 0 -3.184,
							      3.564 1.5 -3.14,
							      3.564 1.5 -3.14,
							      3.632 1.5 -3.061,
							      3.613 0.7526 -3.083,
							      3.699 1.5 -2.98,
							      3.613 0.7526 -3.083,
							      3.632 1.5 -3.061,
							      3.657 0 -3.031,
							      3.742 0.7534 -2.926,
							      3.724 0 -2.949,
							      3.789 0 -2.865,
							      3.724 0 -2.949,
							      3.742 0.7534 -2.926,
							      3.742 0.7534 -2.926,
							      3.824 1.5 -2.818,
							      3.789 0 -2.865,
							      3.868 0.7526 -2.757,
							      3.789 0 -2.865,
							      3.824 1.5 -2.818,
							      3.824 1.5 -2.818,
							      3.885 1.5 -2.733,
							      3.868 0.7526 -2.757,
							      3.945 1.5 -2.646,
							      3.868 0.7526 -2.757,
							      3.885 1.5 -2.733,
							      3.907 0 -2.701,
							      3.983 0.7534 -2.588,
							      3.967 0 -2.613,
							      4.024 0 -2.524,
							      3.967 0 -2.613,
							      3.983 0.7534 -2.588,
							      3.983 0.7534 -2.588,
							      4.055 1.5 -2.474,
							      4.024 0 -2.524,
							      4.094 0.7526 -2.409,
							      4.024 0 -2.524,
							      4.055 1.5 -2.474,
							      4.055 1.5 -2.474,
							      4.109 1.5 -2.384,
							      4.094 0.7526 -2.409,
							      4.16 1.5 -2.292,
							      4.094 0.7526 -2.409,
							      4.109 1.5 -2.384,
							      4.128 0 -2.35,
							      4.193 0.7534 -2.231,
							      4.179 0 -2.258,
							      4.229 0 -2.164,
							      4.179 0 -2.258,
							      4.193 0.7534 -2.231,
							      4.193 0.7534 -2.231,
							      4.255 1.5 -2.111,
							      4.229 0 -2.164,
							      4.288 0.7526 -2.043,
							      4.229 0 -2.164,
							      4.255 1.5 -2.111,
							      4.255 1.5 -2.111,
							      4.301 1.5 -2.017,
							      4.288 0.7526 -2.043,
							      4.344 1.5 -1.921,
							      4.288 0.7526 -2.043,
							      4.301 1.5 -2.017,
							      4.317 0 -1.981,
							      4.372 0.7534 -1.857,
							      4.36 0 -1.885,
							      4.401 0 -1.787,
							      4.36 0 -1.885,
							      4.372 0.7534 -1.857,
							      4.372 0.7534 -1.857,
							      4.423 1.5 -1.732,
							      4.401 0 -1.787,
							      4.45 0.7526 -1.662,
							      4.401 0 -1.787,
							      4.423 1.5 -1.732,
							      4.423 1.5 -1.732,
							      4.46 1.5 -1.634,
							      4.45 0.7526 -1.662,
							      4.495 1.5 -1.535,
							      4.45 0.7526 -1.662,
							      4.46 1.5 -1.634,
							      4.473 0 -1.598,
							      4.517 0.7534 -1.469,
							      4.508 0 -1.498,
							      4.54 0 -1.397,
							      4.508 0 -1.498,
							      4.517 0.7534 -1.469,
							      4.517 0.7534 -1.469,
							      4.557 1.5 -1.34,
							      4.54 0 -1.397,
							      4.578 0.7526 -1.267,
							      4.54 0 -1.397,
							      4.557 1.5 -1.34,
							      4.557 1.5 -1.34,
							      4.585 1.5 -1.239,
							      4.578 0.7526 -1.267,
							      4.612 1.5 -1.138,
							      4.578 0.7526 -1.267,
							      4.585 1.5 -1.239,
							      4.595 0 -1.202,
							      4.628 0.7534 -1.07,
							      4.621 0 -1.099,
							      4.644 0 -0.9955,
							      4.621 0 -1.099,
							      4.628 0.7534 -1.07,
							      4.628 0.7534 -1.07,
							      4.657 1.5 -0.9377,
							      4.644 0 -0.9955,
							      4.671 0.7526 -0.8636,
							      4.644 0 -0.9955,
							      4.657 1.5 -0.9377,
							      4.657 1.5 -0.9377,
							      4.676 1.5 -0.8348,
							      4.671 0.7526 -0.8636,
							      4.693 1.5 -0.7313,
							      4.671 0.7526 -0.8636,
							      4.676 1.5 -0.8348,
							      4.683 0 -0.7966,
							      4.704 0.7534 -0.6625,
							      4.699 0 -0.692,
							      4.714 0 -0.5869,
							      4.699 0 -0.692,
							      4.704 0.7534 -0.6625,
							      4.704 0.7534 -0.6625,
							      4.721 1.5 -0.5283,
							      4.714 0 -0.5869,
							      4.728 0.7526 -0.4532,
							      4.714 0 -0.5869,
							      4.721 1.5 -0.5283,
							      4.721 1.5 -0.5283,
							      4.731 1.5 -0.4241,
							      4.728 0.7526 -0.4532,
							      4.739 1.5 -0.3194,
							      4.728 0.7526 -0.4532,
							      4.731 1.5 -0.4241 ]
				    }

				    ccw	TRUE
				    solid	FALSE
				    coordIndex	[ 0, 1, 2, -1, 3, 4, 5, -1,
						      6, 7, 8, -1, 9, 10, 11, -1,
						      12, 13, 14, -1, 15, 16, 17, -1,
						      18, 19, 20, -1, 21, 22, 23, -1,
						      24, 25, 26, -1, 27, 28, 29, -1,
						      30, 31, 32, -1, 33, 34, 35, -1,
						      36, 37, 38, -1, 39, 40, 41, -1,
						      42, 43, 44, -1, 45, 46, 47, -1,
						      48, 49, 50, -1, 51, 52, 53, -1,
						      54, 55, 56, -1, 57, 58, 59, -1,
						      60, 61, 62, -1, 63, 64, 65, -1,
						      66, 67, 68, -1, 69, 70, 71, -1,
						      72, 73, 74, -1, 75, 76, 77, -1,
						      78, 79, 80, -1, 81, 82, 83, -1,
						      84, 85, 86, -1, 87, 88, 89, -1,
						      90, 91, 92, -1, 93, 94, 95, -1,
						      96, 97, 98, -1, 99, 100, 101, -1,
						      102, 103, 104, -1, 105, 106, 107, -1,
						      108, 109, 110, -1, 111, 112, 113, -1,
						      114, 115, 116, -1, 117, 118, 119, -1,
						      120, 121, 122, -1, 123, 124, 125, -1,
						      126, 127, 128, -1, 129, 130, 131, -1,
						      132, 133, 134, -1, 135, 136, 137, -1,
						      138, 139, 140, -1, 141, 142, 143, -1,
						      144, 145, 146, -1, 147, 148, 149, -1,
						      150, 151, 152, -1, 153, 154, 155, -1,
						      156, 157, 158, -1, 159, 160, 161, -1,
						      162, 163, 164, -1, 165, 166, 167, -1,
						      168, 169, 170, -1, 171, 172, 173, -1,
						      174, 175, 176, -1, 177, 178, 179, -1,
						      180, 181, 182, -1, 183, 184, 185, -1,
						      186, 187, 188, -1, 189, 190, 191, -1,
						      192, 193, 194, -1, 195, 196, 197, -1,
						      198, 199, 200, -1, 201, 202, 203, -1,
						      204, 205, 206, -1, 207, 208, 209, -1,
						      210, 211, 212, -1, 213, 214, 215, -1,
						      216, 217, 218, -1, 219, 220, 221, -1,
						      222, 223, 224, -1, 225, 226, 227, -1,
						      228, 229, 230, -1, 231, 232, 233, -1,
						      234, 235, 236, -1, 237, 238, 239, -1,
						      240, 241, 242, -1, 243, 244, 245, -1,
						      246, 247, 248, -1, 249, 250, 251, -1,
						      252, 253, 254, -1, 255, 256, 257, -1,
						      258, 259, 260, -1, 261, 262, 263, -1,
						      264, 265, 266, -1, 267, 268, 269, -1,
						      270, 271, 272, -1, 273, 274, 275, -1,
						      276, 277, 278, -1, 279, 280, 281, -1,
						      282, 283, 284, -1, 285, 286, 287, -1,
						      288, 289, 290, -1, 291, 292, 293, -1,
						      294, 295, 296, -1, 297, 298, 299, -1,
						      300, 301, 302, -1, 303, 304, 305, -1,
						      306, 307, 308, -1, 309, 310, 311, -1,
						      312, 313, 314, -1, 315, 316, 317, -1,
						      318, 319, 320, -1, 321, 322, 323, -1,
						      324, 325, 326, -1, 327, 328, 329, -1,
						      330, 331, 332, -1, 333, 334, 335, -1,
						      336, 337, 338, -1, 339, 340, 341, -1,
						      342, 343, 344, -1, 345, 346, 347, -1,
						      348, 349, 350, -1, 351, 352, 353, -1,
						      354, 355, 356, -1, 357, 358, 359, -1,
						      360, 361, 362, -1, 363, 364, 365, -1,
						      366, 367, 368, -1, 369, 370, 371, -1,
						      372, 373, 374, -1, 375, 376, 377, -1,
						      378, 379, 380, -1, 381, 382, 383, -1,
						      384, 385, 386, -1, 387, 388, 389, -1,
						      390, 391, 392, -1, 393, 394, 395, -1,
						      396, 397, 398, -1, 399, 400, 401, -1,
						      402, 403, 404, -1, 405, 406, 407, -1,
						      408, 409, 410, -1, 411, 412, 413, -1,
						      414, 415, 416, -1, 417, 418, 419, -1,
						      420, 421, 422, -1, 423, 424, 425, -1,
						      426, 427, 428, -1, 429, 430, 431, -1,
						      432, 433, 434, -1, 435, 436, 437, -1,
						      438, 439, 440, -1, 441, 442, 443, -1,
						      444, 445, 446, -1, 447, 448, 449, -1,
						      450, 451, 452, -1, 453, 454, 455, -1,
						      456, 457, 458, -1, 459, 460, 461, -1,
						      462, 463, 464, -1, 465, 466, 467, -1,
						      468, 469, 470, -1, 471, 472, 473, -1,
						      474, 475, 476, -1, 477, 478, 479, -1,
						      480, 481, 482, -1, 483, 484, 485, -1,
						      486, 487, 488, -1, 489, 490, 491, -1,
						      492, 493, 494, -1, 495, 496, 497, -1,
						      498, 499, 500, -1, 501, 502, 503, -1,
						      504, 505, 506, -1, 507, 508, 509, -1,
						      510, 511, 512, -1, 513, 514, 515, -1,
						      516, 517, 518, -1, 519, 520, 521, -1,
						      522, 523, 524, -1, 525, 526, 527, -1,
						      528, 529, 530, -1, 531, 532, 533, -1,
						      534, 535, 536, -1, 537, 538, 539, -1,
						      540, 541, 542, -1, 543, 544, 545, -1,
						      546, 547, 548, -1, 549, 550, 551, -1,
						      552, 553, 554, -1, 555, 556, 557, -1,
						      558, 559, 560, -1, 561, 562, 563, -1,
						      564, 565, 566, -1, 567, 568, 569, -1,
						      570, 571, 572, -1, 573, 574, 575, -1,
						      576, 577, 578, -1, 579, 580, 581, -1,
						      582, 583, 584, -1, 585, 586, 587, -1,
						      588, 589, 590, -1, 591, 592, 593, -1,
						      594, 595, 596, -1, 597, 598, 599, -1,
						      600, 601, 602, -1, 603, 604, 605, -1,
						      606, 607, 608, -1, 609, 610, 611, -1,
						      612, 613, 614, -1, 615, 616, 617, -1,
						      618, 619, 620, -1, 621, 622, 623, -1,
						      624, 625, 626, -1, 627, 628, 629, -1,
						      630, 631, 632, -1, 633, 634, 635, -1,
						      636, 637, 638, -1, 639, 640, 641, -1,
						      642, 643, 644, -1, 645, 646, 647, -1,
						      648, 649, 650, -1, 651, 652, 653, -1,
						      654, 655, 656, -1, 657, 658, 659, -1,
						      660, 661, 662, -1, 663, 664, 665, -1,
						      666, 667, 668, -1, 669, 670, 671, -1,
						      672, 673, 674, -1, 675, 676, 677, -1,
						      678, 679, 680, -1, 681, 682, 683, -1,
						      684, 685, 686, -1, 687, 688, 689, -1,
						      690, 691, 692, -1, 693, 694, 695, -1,
						      696, 697, 698, -1, 699, 700, 701, -1,
						      702, 703, 704, -1, 705, 706, 707, -1,
						      708, 709, 710, -1, 711, 712, 713, -1,
						      714, 715, 716, -1, 717, 718, 719, -1,
						      720, 721, 722, -1, 723, 724, 725, -1,
						      726, 727, 728, -1, 729, 730, 731, -1,
						      732, 733, 734, -1, 735, 736, 737, -1,
						      738, 739, 740, -1, 741, 742, 743, -1,
						      744, 745, 746, -1, 747, 748, 749, -1,
						      750, 751, 752, -1, 753, 754, 755, -1,
						      756, 757, 758, -1, 759, 760, 761, -1,
						      762, 763, 764, -1, 765, 766, 767, -1,
						      768, 769, 770, -1, 771, 772, 773, -1,
						      774, 775, 776, -1, 777, 778, 779, -1,
						      780, 781, 782, -1, 783, 784, 785, -1,
						      786, 787, 788, -1, 789, 790, 791, -1,
						      792, 793, 794, -1, 795, 796, 797, -1,
						      798, 799, 800, -1, 801, 802, 803, -1,
						      804, 805, 806, -1, 807, 808, 809, -1,
						      810, 811, 812, -1, 813, 814, 815, -1,
						      816, 817, 818, -1, 819, 820, 821, -1,
						      822, 823, 824, -1, 825, 826, 827, -1,
						      828, 829, 830, -1, 831, 832, 833, -1,
						      834, 835, 836, -1, 837, 838, 839, -1,
						      840, 841, 842, -1, 843, 844, 845, -1,
						      846, 847, 848, -1, 849, 850, 851, -1,
						      852, 853, 854, -1, 855, 856, 857, -1,
						      858, 859, 860, -1, 861, 862, 863, -1,
						      864, 865, 866, -1, 867, 868, 869, -1,
						      870, 871, 872, -1, 873, 874, 875, -1,
						      876, 877, 878, -1, 879, 880, 881, -1,
						      882, 883, 884, -1, 885, 886, 887, -1,
						      888, 889, 890, -1, 891, 892, 893, -1,
						      894, 895, 896, -1, 897, 898, 899, -1,
						      900, 901, 902, -1, 903, 904, 905, -1,
						      906, 907, 908, -1, 909, 910, 911, -1,
						      912, 913, 914, -1, 915, 916, 917, -1,
						      918, 919, 920, -1, 921, 922, 923, -1,
						      924, 925, 926, -1, 927, 928, 929, -1,
						      930, 931, 932, -1, 933, 934, 935, -1,
						      936, 937, 938, -1, 939, 940, 941, -1,
						      942, 943, 944, -1, 945, 946, 947, -1,
						      948, 949, 950, -1, 951, 952, 953, -1,
						      954, 955, 956, -1, 957, 958, 959, -1,
						      960, 961, 962, -1, 963, 964, 965, -1,
						      966, 967, 968, -1, 969, 970, 971, -1,
						      972, 973, 974, -1, 975, 976, 977, -1,
						      978, 979, 980, -1, 981, 982, 983, -1,
						      984, 985, 986, -1, 987, 988, 989, -1,
						      990, 991, 992, -1, 993, 994, 995, -1,
						      996, 997, 998, -1, 999, 1000, 1001, -1,
						      1002, 1003, 1004, -1, 1005, 1006, 1007, -1,
						      1008, 1009, 1010, -1, 1011, 1012, 1013, -1,
						      1014, 1015, 1016, -1, 1017, 1018, 1019, -1,
						      1020, 1021, 1022, -1, 1023, 1024, 1025, -1,
						      1026, 1027, 1028, -1, 1029, 1030, 1031, -1,
						      1032, 1033, 1034, -1, 1035, 1036, 1037, -1,
						      1038, 1039, 1040, -1, 1041, 1042, 1043, -1,
						      1044, 1045, 1046, -1, 1047, 1048, 1049, -1,
						      1050, 1051, 1052, -1, 1053, 1054, 1055, -1,
						      1056, 1057, 1058, -1, 1059, 1060, 1061, -1,
						      1062, 1063, 1064, -1, 1065, 1066, 1067, -1,
						      1068, 1069, 1070, -1, 1071, 1072, 1073, -1,
						      1074, 1075, 1076, -1, 1077, 1078, 1079, -1,
						      1080, 1081, 1082, -1, 1083, 1084, 1085, -1,
						      1086, 1087, 1088, -1, 1089, 1090, 1091, -1,
						      1092, 1093, 1094, -1, 1095, 1096, 1097, -1,
						      1098, 1099, 1100, -1, 1101, 1102, 1103, -1,
						      1104, 1105, 1106, -1, 1107, 1108, 1109, -1,
						      1110, 1111, 1112, -1, 1113, 1114, 1115, -1,
						      1116, 1117, 1118, -1, 1119, 1120, 1121, -1,
						      1122, 1123, 1124, -1, 1125, 1126, 1127, -1,
						      1128, 1129, 1130, -1, 1131, 1132, 1133, -1,
						      1134, 1135, 1136, -1, 1137, 1138, 1139, -1,
						      1140, 1141, 1142, -1, 1143, 1144, 1145, -1,
						      1146, 1147, 1148, -1, 1149, 1150, 1151, -1,
						      1152, 1153, 1154, -1, 1155, 1156, 1157, -1,
						      1158, 1159, 1160, -1, 1161, 1162, 1163, -1,
						      1164, 1165, 1166, -1, 1167, 1168, 1169, -1,
						      1170, 1171, 1172, -1, 1173, 1174, 1175, -1,
						      1176, 1177, 1178, -1, 1179, 1180, 1181, -1,
						      1182, 1183, 1184, -1, 1185, 1186, 1187, -1,
						      1188, 1189, 1190, -1, 1191, 1192, 1193, -1,
						      1194, 1195, 1196, -1, 1197, 1198, 1199, -1,
						      1200, 1201, 1202, -1, 1203, 1204, 1205, -1,
						      1206, 1207, 1208, -1, 1209, 1210, 1211, -1,
						      1212, 1213, 1214, -1, 1215, 1216, 1217, -1,
						      1218, 1219, 1220, -1, 1221, 1222, 1223, -1,
						      1224, 1225, 1226, -1, 1227, 1228, 1229, -1,
						      1230, 1231, 1232, -1, 1233, 1234, 1235, -1,
						      1236, 1237, 1238, -1, 1239, 1240, 1241, -1 ]
			    }

		    }
	    }

	    DEF VIFS491 Transform {
		    translation	0 0 -0.5
		    rotation	1 0 0  1.571
		    children Shape {
			    appearance	Appearance {
				    material	Material {
					    ambientIntensity	1
					    diffuseColor	0.8745 0.6824 0.5882
					    shininess	0.62
					    specularColor	0.9 0.9 0.9
				    }

			    }

			    geometry	DEF VIFS491-FACES IndexedFaceSet {
				    coord	DEF VIFS491-COORD Coordinate {
					    point	[ 4.75 1.5 -0.01004,
							      4.749 1.5 -0.1149,
							      4.749 1.5 0.09481,
							      4.38 1.5 0.3631,
							      4.723 1.5 0.5084,
							      4.733 1.5 0.404,
							      4.741 1.5 0.2994,
							      4.38 1.5 0.3631,
							      4.733 1.5 0.404,
							      4.749 1.5 0.09481,
							      4.749 1.5 -0.1149,
							      4.395 1.5 -0.02003,
							      4.345 1.5 0.1661,
							      4.749 1.5 0.09481,
							      4.395 1.5 -0.02003,
							      4.739 1.5 -0.3194,
							      4.731 1.5 -0.4241,
							      4.721 1.5 -0.5283,
							      4.739 1.5 -0.3194,
							      4.721 1.5 -0.5283,
							      4.376 1.5 -0.403,
							      4.343 1.5 -0.2132,
							      4.739 1.5 -0.3194,
							      4.376 1.5 -0.403,
							      4.395 1.5 -0.02003,
							      4.343 1.5 -0.2132,
							      4.345 1.5 0.1661,
							      4.331 1.5 0.7434,
							      4.66 1.5 0.918,
							      4.68 1.5 0.8149,
							      4.696 1.5 0.7114,
							      4.331 1.5 0.7434,
							      4.68 1.5 0.8149,
							      4.345 1.5 0.1661,
							      4.343 1.5 -0.2132,
							      4.314 1.5 0.5441,
							      4.38 1.5 0.3631,
							      4.345 1.5 0.1661,
							      4.314 1.5 0.5441,
							      4.314 1.5 0.5441,
							      4.723 1.5 0.5084,
							      4.38 1.5 0.3631,
							      4.693 1.5 -0.7313,
							      4.676 1.5 -0.8348,
							      4.657 1.5 -0.9377,
							      4.693 1.5 -0.7313,
							      4.657 1.5 -0.9377,
							      4.324 1.5 -0.7828,
							      4.308 1.5 -0.5909,
							      4.693 1.5 -0.7313,
							      4.324 1.5 -0.7828,
							      4.308 1.5 -0.5909,
							      4.314 1.5 0.5441,
							      4.343 1.5 -0.2132,
							      4.376 1.5 -0.403,
							      4.308 1.5 -0.5909,
							      4.343 1.5 -0.2132,
							      4.314 1.5 0.5441,
							      4.308 1.5 -0.5909,
							      4.25 1.5 0.918,
							      4.331 1.5 0.7434,
							      4.314 1.5 0.5441,
							      4.25 1.5 0.918,
							      4.25 1.5 0.918,
							      4.66 1.5 0.918,
							      4.331 1.5 0.7434,
							      4.25 1.5 1.118,
							      4.563 1.5 1.321,
							      4.591 1.5 1.22,
							      4.617 1.5 1.118,
							      4.25 1.5 1.118,
							      4.591 1.5 1.22,
							      4.612 1.5 -1.138,
							      4.585 1.5 -1.239,
							      4.557 1.5 -1.34,
							      4.24 1.5 -0.9641,
							      4.612 1.5 -1.138,
							      4.557 1.5 -1.34,
							      4.24 1.5 -0.9641,
							      4.25 1.5 1.118,
							      4.25 1.5 0.918,
							      4.24 1.5 -0.9641,
							      4.25 1.5 0.918,
							      4.308 1.5 -0.5909,
							      4.324 1.5 -0.7828,
							      4.24 1.5 -0.9641,
							      4.308 1.5 -0.5909,
							      4.557 1.5 -1.34,
							      4.24 1.5 -1.157,
							      4.24 1.5 -0.9641,
							      4.24 1.5 -0.9641,
							      4.24 1.5 -1.157,
							      4.154 1.5 1.285,
							      4.25 1.5 1.118,
							      4.24 1.5 -0.9641,
							      4.154 1.5 1.285,
							      4.154 1.5 1.285,
							      4.563 1.5 1.321,
							      4.25 1.5 1.118,
							      4.495 1.5 -1.535,
							      4.46 1.5 -1.634,
							      4.423 1.5 -1.732,
							      4.14 1.5 -1.33,
							      4.495 1.5 -1.535,
							      4.423 1.5 -1.732,
							      4.24 1.5 -1.157,
							      4.14 1.5 -1.33,
							      4.154 1.5 1.285,
							      4.136 1.5 1.484,
							      4.154 1.5 1.285,
							      4.14 1.5 -1.33,
							      4.136 1.5 1.484,
							      4.43 1.5 1.713,
							      4.467 1.5 1.615,
							      4.502 1.5 1.516,
							      4.136 1.5 1.484,
							      4.467 1.5 1.615,
							      4.123 1.5 -1.522,
							      4.136 1.5 1.484,
							      4.14 1.5 -1.33,
							      4.423 1.5 -1.732,
							      4.123 1.5 -1.522,
							      4.14 1.5 -1.33,
							      4.136 1.5 1.484,
							      4.123 1.5 -1.522,
							      4.026 1.5 1.642,
							      4.026 1.5 1.642,
							      4.43 1.5 1.713,
							      4.136 1.5 1.484,
							      4.344 1.5 -1.921,
							      4.301 1.5 -2.017,
							      4.255 1.5 -2.111,
							      4.008 1.5 -1.686,
							      4.344 1.5 -1.921,
							      4.255 1.5 -2.111,
							      4.123 1.5 -1.522,
							      4.008 1.5 -1.686,
							      4.026 1.5 1.642,
							      3.991 1.5 1.839,
							      4.026 1.5 1.642,
							      4.008 1.5 -1.686,
							      3.991 1.5 1.839,
							      4.264 1.5 2.093,
							      4.309 1.5 1.998,
							      4.352 1.5 1.903,
							      3.991 1.5 1.839,
							      4.309 1.5 1.998,
							      3.974 1.5 -1.875,
							      3.991 1.5 1.839,
							      4.008 1.5 -1.686,
							      4.255 1.5 -2.111,
							      3.974 1.5 -1.875,
							      4.008 1.5 -1.686,
							      3.991 1.5 1.839,
							      3.974 1.5 -1.875,
							      3.868 1.5 1.987,
							      3.868 1.5 1.987,
							      4.264 1.5 2.093,
							      3.991 1.5 1.839,
							      4.16 1.5 -2.292,
							      4.109 1.5 -2.384,
							      4.055 1.5 -2.474,
							      3.846 1.5 -2.029,
							      4.16 1.5 -2.292,
							      4.055 1.5 -2.474,
							      3.974 1.5 -1.875,
							      3.846 1.5 -2.029,
							      3.868 1.5 1.987,
							      3.816 1.5 2.18,
							      3.868 1.5 1.987,
							      3.846 1.5 -2.029,
							      3.816 1.5 2.18,
							      4.065 1.5 2.457,
							      4.119 1.5 2.366,
							      4.17 1.5 2.275,
							      3.816 1.5 2.18,
							      4.119 1.5 2.366,
							      3.796 1.5 -2.215,
							      3.816 1.5 2.18,
							      3.846 1.5 -2.029,
							      4.055 1.5 -2.474,
							      3.796 1.5 -2.215,
							      3.846 1.5 -2.029,
							      3.816 1.5 2.18,
							      3.796 1.5 -2.215,
							      3.68 1.5 2.316,
							      3.68 1.5 2.316,
							      4.065 1.5 2.457,
							      3.816 1.5 2.18,
							      3.945 1.5 -2.646,
							      3.885 1.5 -2.733,
							      3.824 1.5 -2.818,
							      3.654 1.5 -2.356,
							      3.945 1.5 -2.646,
							      3.824 1.5 -2.818,
							      3.796 1.5 -2.215,
							      3.654 1.5 -2.356,
							      3.68 1.5 2.316,
							      3.611 1.5 2.504,
							      3.68 1.5 2.316,
							      3.654 1.5 -2.356,
							      3.611 1.5 2.504,
							      3.836 1.5 2.802,
							      3.897 1.5 2.716,
							      3.956 1.5 2.63,
							      3.611 1.5 2.504,
							      3.897 1.5 2.716,
							      3.588 1.5 -2.537,
							      3.611 1.5 2.504,
							      3.654 1.5 -2.356,
							      3.824 1.5 -2.818,
							      3.588 1.5 -2.537,
							      3.654 1.5 -2.356,
							      3.611 1.5 2.504,
							      3.588 1.5 -2.537,
							      3.464 1.5 2.628,
							      3.464 1.5 2.628,
							      3.836 1.5 2.802,
							      3.611 1.5 2.504,
							      3.699 1.5 -2.98,
							      3.632 1.5 -3.061,
							      3.564 1.5 -3.14,
							      3.435 1.5 -2.666,
							      3.699 1.5 -2.98,
							      3.564 1.5 -3.14,
							      3.588 1.5 -2.537,
							      3.435 1.5 -2.666,
							      3.464 1.5 2.628,
							      3.379 1.5 2.809,
							      3.464 1.5 2.628,
							      3.435 1.5 -2.666,
							      3.379 1.5 2.809,
							      3.577 1.5 3.125,
							      3.645 1.5 3.045,
							      3.711 1.5 2.964,
							      3.379 1.5 2.809,
							      3.645 1.5 3.045,
							      3.354 1.5 -2.84,
							      3.379 1.5 2.809,
							      3.435 1.5 -2.666,
							      3.564 1.5 -3.14,
							      3.354 1.5 -2.84,
							      3.435 1.5 -2.666,
							      3.379 1.5 2.809,
							      3.354 1.5 -2.84,
							      3.222 1.5 2.92,
							      3.222 1.5 2.92,
							      3.577 1.5 3.125,
							      3.379 1.5 2.809,
							      3.425 1.5 -3.291,
							      3.352 1.5 -3.366,
							      3.277 1.5 -3.439,
							      3.19 1.5 -2.955,
							      3.425 1.5 -3.291,
							      3.277 1.5 -3.439,
							      3.354 1.5 -2.84,
							      3.19 1.5 -2.955,
							      3.222 1.5 2.92,
							      3.122 1.5 3.093,
							      3.222 1.5 2.92,
							      3.19 1.5 -2.955,
							      3.122 1.5 3.093,
							      3.291 1.5 3.425,
							      3.366 1.5 3.352,
							      3.439 1.5 3.277,
							      3.122 1.5 3.093,
							      3.366 1.5 3.352,
							      3.093 1.5 -3.122,
							      3.122 1.5 3.093,
							      3.19 1.5 -2.955,
							      3.277 1.5 -3.439,
							      3.093 1.5 -3.122,
							      3.19 1.5 -2.955,
							      3.122 1.5 3.093,
							      3.093 1.5 -3.122,
							      2.955 1.5 3.19,
							      2.955 1.5 3.19,
							      3.291 1.5 3.425,
							      3.122 1.5 3.093,
							      3.125 1.5 -3.577,
							      3.045 1.5 -3.645,
							      2.964 1.5 -3.711,
							      2.92 1.5 -3.222,
							      3.125 1.5 -3.577,
							      2.964 1.5 -3.711,
							      3.093 1.5 -3.122,
							      2.92 1.5 -3.222,
							      2.955 1.5 3.19,
							      2.84 1.5 3.354,
							      2.955 1.5 3.19,
							      2.92 1.5 -3.222,
							      2.84 1.5 3.354,
							      2.98 1.5 3.699,
							      3.061 1.5 3.632,
							      3.14 1.5 3.564,
							      2.84 1.5 3.354,
							      3.061 1.5 3.632,
							      2.809 1.5 -3.379,
							      2.84 1.5 3.354,
							      2.92 1.5 -3.222,
							      2.964 1.5 -3.711,
							      2.809 1.5 -3.379,
							      2.92 1.5 -3.222,
							      2.84 1.5 3.354,
							      2.809 1.5 -3.379,
							      2.666 1.5 3.435,
							      2.666 1.5 3.435,
							      2.98 1.5 3.699,
							      2.84 1.5 3.354,
							      2.802 1.5 -3.836,
							      2.716 1.5 -3.897,
							      2.63 1.5 -3.956,
							      2.628 1.5 -3.464,
							      2.802 1.5 -3.836,
							      2.63 1.5 -3.956,
							      2.809 1.5 -3.379,
							      2.628 1.5 -3.464,
							      2.666 1.5 3.435,
							      2.537 1.5 3.588,
							      2.666 1.5 3.435,
							      2.628 1.5 -3.464,
							      2.537 1.5 3.588,
							      2.646 1.5 3.945,
							      2.733 1.5 3.885,
							      2.818 1.5 3.824,
							      2.537 1.5 3.588,
							      2.733 1.5 3.885,
							      2.504 1.5 -3.611,
							      2.537 1.5 3.588,
							      2.628 1.5 -3.464,
							      2.63 1.5 -3.956,
							      2.504 1.5 -3.611,
							      2.628 1.5 -3.464,
							      2.537 1.5 3.588,
							      2.504 1.5 -3.611,
							      2.356 1.5 3.654,
							      2.356 1.5 3.654,
							      2.646 1.5 3.945,
							      2.537 1.5 3.588,
							      2.316 1.5 -3.68,
							      2.457 1.5 -4.065,
							      2.366 1.5 -4.119,
							      2.504 1.5 -3.611,
							      2.316 1.5 -3.68,
							      2.356 1.5 3.654,
							      2.366 1.5 -4.119,
							      2.275 1.5 -4.17,
							      2.316 1.5 -3.68,
							      2.356 1.5 3.654,
							      2.316 1.5 -3.68,
							      2.275 1.5 -4.17,
							      2.215 1.5 3.796,
							      2.356 1.5 3.654,
							      2.275 1.5 -4.17,
							      2.215 1.5 3.796,
							      2.292 1.5 4.16,
							      2.384 1.5 4.109,
							      2.474 1.5 4.055,
							      2.215 1.5 3.796,
							      2.384 1.5 4.109,
							      2.275 1.5 -4.17,
							      2.18 1.5 -3.816,
							      2.215 1.5 3.796,
							      2.215 1.5 3.796,
							      2.18 1.5 -3.816,
							      2.029 1.5 3.846,
							      2.029 1.5 3.846,
							      2.292 1.5 4.16,
							      2.215 1.5 3.796,
							      1.987 1.5 -3.868,
							      2.093 1.5 -4.264,
							      1.998 1.5 -4.309,
							      2.18 1.5 -3.816,
							      1.987 1.5 -3.868,
							      2.029 1.5 3.846,
							      1.998 1.5 -4.309,
							      1.903 1.5 -4.352,
							      1.987 1.5 -3.868,
							      2.029 1.5 3.846,
							      1.987 1.5 -3.868,
							      1.903 1.5 -4.352,
							      1.875 1.5 3.974,
							      2.029 1.5 3.846,
							      1.903 1.5 -4.352,
							      1.875 1.5 3.974,
							      1.921 1.5 4.344,
							      2.017 1.5 4.301,
							      2.111 1.5 4.255,
							      1.875 1.5 3.974,
							      2.017 1.5 4.301,
							      1.903 1.5 -4.352,
							      1.839 1.5 -3.991,
							      1.875 1.5 3.974,
							      1.875 1.5 3.974,
							      1.839 1.5 -3.991,
							      1.686 1.5 4.008,
							      1.686 1.5 4.008,
							      1.921 1.5 4.344,
							      1.875 1.5 3.974,
							      1.839 1.5 -3.991,
							      1.642 1.5 -4.026,
							      1.686 1.5 4.008,
							      1.713 1.5 -4.43,
							      1.615 1.5 -4.467,
							      1.642 1.5 -4.026,
							      1.686 1.5 4.008,
							      1.642 1.5 -4.026,
							      1.615 1.5 -4.467,
							      1.522 1.5 4.123,
							      1.686 1.5 4.008,
							      1.615 1.5 -4.467,
							      1.522 1.5 4.123,
							      1.535 1.5 4.495,
							      1.634 1.5 4.46,
							      1.732 1.5 4.423,
							      1.522 1.5 4.123,
							      1.634 1.5 4.46,
							      1.615 1.5 -4.467,
							      1.516 1.5 -4.502,
							      1.522 1.5 4.123,
							      1.522 1.5 4.123,
							      1.516 1.5 -4.502,
							      1.484 1.5 -4.136,
							      1.522 1.5 4.123,
							      1.484 1.5 -4.136,
							      1.33 1.5 4.14,
							      1.33 1.5 4.14,
							      1.535 1.5 4.495,
							      1.522 1.5 4.123,
							      1.484 1.5 -4.136,
							      1.285 1.5 -4.154,
							      1.33 1.5 4.14,
							      1.321 1.5 -4.563,
							      1.22 1.5 -4.591,
							      1.285 1.5 -4.154,
							      1.33 1.5 4.14,
							      1.285 1.5 -4.154,
							      1.22 1.5 -4.591,
							      1.157 1.5 4.24,
							      1.33 1.5 4.14,
							      1.22 1.5 -4.591,
							      1.34 1.5 4.557,
							      1.157 1.5 4.24,
							      1.239 1.5 4.586,
							      1.138 1.5 4.612,
							      1.239 1.5 4.586,
							      1.157 1.5 4.24,
							      1.118 1.5 -4.617,
							      1.138 1.5 4.612,
							      1.157 1.5 4.24,
							      1.22 1.5 -4.591,
							      1.118 1.5 -4.617,
							      1.157 1.5 4.24,
							      1.138 1.5 4.612,
							      1.118 1.5 -4.617,
							      1.118 1.5 -4.25,
							      0.9641 1.5 4.24,
							      1.138 1.5 4.612,
							      1.118 1.5 -4.25,
							      1.118 1.5 -4.25,
							      0.918 1.5 -4.25,
							      0.9641 1.5 4.24,
							      0.918 1.5 -4.66,
							      0.8148 1.5 -4.68,
							      0.918 1.5 -4.25,
							      0.9641 1.5 4.24,
							      0.918 1.5 -4.25,
							      0.8148 1.5 -4.68,
							      0.7828 1.5 4.324,
							      0.9641 1.5 4.24,
							      0.8148 1.5 -4.68,
							      0.9377 1.5 4.657,
							      0.7828 1.5 4.324,
							      0.8348 1.5 4.676,
							      0.7828 1.5 4.324,
							      0.75 1.5 0,
							      0.7313 1.5 4.693,
							      0.7313 1.5 4.693,
							      0.8348 1.5 4.676,
							      0.7828 1.5 4.324,
							      0.7434 1.5 -4.331,
							      0.75 1.5 0,
							      0.7828 1.5 4.324,
							      0.7434 1.5 -4.331,
							      0.7828 1.5 4.324,
							      0.8148 1.5 -4.68,
							      0.8148 1.5 -4.68,
							      0.7114 1.5 -4.696,
							      0.7434 1.5 -4.331,
							      0.7047 1.5 -0.2566,
							      0.75 1.5 0,
							      0.7434 1.5 -4.331,
							      0.75 1.5 0,
							      0.7047 1.5 0.2566,
							      0.7313 1.5 4.693,
							      0.5909 1.5 4.308,
							      0.7313 1.5 4.693,
							      0.7047 1.5 0.2566,
							      0.7047 1.5 0.2566,
							      0.5746 1.5 0.482,
							      0.5909 1.5 4.308,
							      0.5441 1.5 -4.314,
							      0.5746 1.5 -0.482,
							      0.7047 1.5 -0.2566,
							      0.7434 1.5 -4.331,
							      0.5441 1.5 -4.314,
							      0.7047 1.5 -0.2566,
							      0.403 1.5 4.376,
							      0.5909 1.5 4.308,
							      0.5746 1.5 0.482,
							      0.5283 1.5 4.721,
							      0.403 1.5 4.376,
							      0.4241 1.5 4.731,
							      0.5746 1.5 -0.482,
							      0.5441 1.5 -4.314,
							      0.5084 1.5 -4.723,
							      0.5746 1.5 -0.482,
							      0.5084 1.5 -4.723,
							      0.4039 1.5 -4.733,
							      0.375 1.5 -0.6495,
							      0.5746 1.5 -0.482,
							      0.4039 1.5 -4.733,
							      0.5746 1.5 0.482,
							      0.375 1.5 0.6495,
							      0.403 1.5 4.376,
							      0.403 1.5 4.376,
							      0.375 1.5 0.6495,
							      0.3194 1.5 4.739,
							      0.3194 1.5 4.739,
							      0.4241 1.5 4.731,
							      0.403 1.5 4.376,
							      0.3631 1.5 -4.38,
							      0.375 1.5 -0.6495,
							      0.4039 1.5 -4.733,
							      0.4039 1.5 -4.733,
							      0.2994 1.5 -4.741,
							      0.3631 1.5 -4.38,
							      0.375 1.5 -0.6495,
							      0.3631 1.5 -4.38,
							      0.1661 1.5 -4.345,
							      0.1301 1.5 -0.7386,
							      0.375 1.5 -0.6495,
							      0.1661 1.5 -4.345,
							      0.1301 1.5 0.7386,
							      0.2132 1.5 4.343,
							      0.3194 1.5 4.739,
							      0.375 1.5 0.6495,
							      0.1301 1.5 0.7386,
							      0.3194 1.5 4.739,
							      0.1661 1.5 -4.345,
							      0.09481 1.5 -4.749,
							      0.1301 1.5 -0.7386,
							      0.02003 1.5 4.395,
							      0.2132 1.5 4.343,
							      0.1301 1.5 0.7386,
							      0.01011 1.5 4.75,
							      0.1149 1.5 4.749,
							      0.02003 1.5 4.395,
							      -0.01013 1.5 -4.75,
							      -0.1149 1.5 -4.749,
							      -0.02003 1.5 -4.395,
							      0.1301 1.5 -0.7386,
							      0.09481 1.5 -4.749,
							      -0.01013 1.5 -4.75,
							      0.1301 1.5 -0.7386,
							      -0.01013 1.5 -4.75,
							      -0.02003 1.5 -4.395,
							      -0.1301 1.5 -0.7386,
							      0.1301 1.5 -0.7386,
							      -0.02003 1.5 -4.395,
							      -0.1301 1.5 0.7386,
							      -0.09481 1.5 4.749,
							      0.01011 1.5 4.75,
							      -0.1301 1.5 0.7386,
							      0.01011 1.5 4.75,
							      0.02003 1.5 4.395,
							      0.1301 1.5 0.7386,
							      -0.1301 1.5 0.7386,
							      0.02003 1.5 4.395,
							      -0.1661 1.5 4.345,
							      -0.09481 1.5 4.749,
							      -0.1301 1.5 0.7386,
							      -0.02003 1.5 -4.395,
							      -0.2132 1.5 -4.343,
							      -0.1301 1.5 -0.7386,
							      -0.1301 1.5 -0.7386,
							      -0.2132 1.5 -4.343,
							      -0.3194 1.5 -4.739,
							      -0.375 1.5 -0.6495,
							      -0.1301 1.5 -0.7386,
							      -0.3194 1.5 -4.739,
							      -0.375 1.5 0.6495,
							      -0.3631 1.5 4.38,
							      -0.1661 1.5 4.345,
							      -0.1301 1.5 0.7386,
							      -0.375 1.5 0.6495,
							      -0.1661 1.5 4.345,
							      -0.3631 1.5 4.38,
							      -0.375 1.5 0.6495,
							      -0.4039 1.5 4.733,
							      -0.4039 1.5 4.733,
							      -0.2994 1.5 4.741,
							      -0.3631 1.5 4.38,
							      -0.403 1.5 -4.376,
							      -0.375 1.5 -0.6495,
							      -0.3194 1.5 -4.739,
							      -0.3194 1.5 -4.739,
							      -0.4241 1.5 -4.731,
							      -0.403 1.5 -4.376,
							      -0.5283 1.5 -4.721,
							      -0.403 1.5 -4.376,
							      -0.4241 1.5 -4.731,
							      -0.5746 1.5 -0.482,
							      -0.375 1.5 -0.6495,
							      -0.403 1.5 -4.376,
							      -0.5746 1.5 0.482,
							      -0.5441 1.5 4.314,
							      -0.5084 1.5 4.723,
							      -0.5746 1.5 0.482,
							      -0.5084 1.5 4.723,
							      -0.4039 1.5 4.733,
							      -0.375 1.5 0.6495,
							      -0.5746 1.5 0.482,
							      -0.4039 1.5 4.733,
							      -0.403 1.5 -4.376,
							      -0.5909 1.5 -4.308,
							      -0.5746 1.5 -0.482,
							      -0.7047 1.5 -0.2566,
							      -0.5746 1.5 -0.482,
							      -0.5909 1.5 -4.308,
							      -0.5909 1.5 -4.308,
							      -0.7313 1.5 -4.693,
							      -0.7047 1.5 -0.2566,
							      -0.5441 1.5 4.314,
							      -0.5746 1.5 0.482,
							      -0.7047 1.5 0.2566,
							      -0.7434 1.5 4.331,
							      -0.5441 1.5 4.314,
							      -0.7047 1.5 0.2566,
							      -0.75 1.5 0,
							      -0.7047 1.5 -0.2566,
							      -0.7313 1.5 -4.693,
							      -0.7047 1.5 0.2566,
							      -0.75 1.5 0,
							      -0.7434 1.5 4.331,
							      -0.7434 1.5 4.331,
							      -0.75 1.5 0,
							      -0.7828 1.5 -4.324,
							      -0.7434 1.5 4.331,
							      -0.7828 1.5 -4.324,
							      -0.8149 1.5 4.68,
							      -0.8149 1.5 4.68,
							      -0.7114 1.5 4.696,
							      -0.7434 1.5 4.331,
							      -0.7828 1.5 -4.324,
							      -0.75 1.5 0,
							      -0.7313 1.5 -4.693,
							      -0.7313 1.5 -4.693,
							      -0.8348 1.5 -4.676,
							      -0.7828 1.5 -4.324,
							      -0.918 1.5 4.66,
							      -0.8149 1.5 4.68,
							      -0.918 1.5 4.25,
							      -0.9377 1.5 -4.657,
							      -0.7828 1.5 -4.324,
							      -0.8348 1.5 -4.676,
							      -0.9641 1.5 -4.24,
							      -0.918 1.5 4.25,
							      -0.8149 1.5 4.68,
							      -0.7828 1.5 -4.324,
							      -0.9641 1.5 -4.24,
							      -0.8149 1.5 4.68,
							      -1.118 1.5 4.25,
							      -0.918 1.5 4.25,
							      -0.9641 1.5 -4.24,
							      -1.138 1.5 -4.612,
							      -1.118 1.5 4.617,
							      -1.118 1.5 4.25,
							      -0.9641 1.5 -4.24,
							      -1.138 1.5 -4.612,
							      -1.118 1.5 4.25,
							      -1.118 1.5 4.617,
							      -1.138 1.5 -4.612,
							      -1.157 1.5 -4.24,
							      -1.22 1.5 4.591,
							      -1.118 1.5 4.617,
							      -1.157 1.5 -4.24,
							      -1.138 1.5 -4.612,
							      -1.239 1.5 -4.586,
							      -1.157 1.5 -4.24,
							      -1.321 1.5 4.563,
							      -1.22 1.5 4.591,
							      -1.285 1.5 4.154,
							      -1.33 1.5 -4.14,
							      -1.285 1.5 4.154,
							      -1.22 1.5 4.591,
							      -1.157 1.5 -4.24,
							      -1.33 1.5 -4.14,
							      -1.22 1.5 4.591,
							      -1.34 1.5 -4.557,
							      -1.157 1.5 -4.24,
							      -1.239 1.5 -4.586,
							      -1.484 1.5 4.136,
							      -1.285 1.5 4.154,
							      -1.33 1.5 -4.14,
							      -1.522 1.5 -4.123,
							      -1.516 1.5 4.502,
							      -1.484 1.5 4.136,
							      -1.522 1.5 -4.123,
							      -1.484 1.5 4.136,
							      -1.33 1.5 -4.14,
							      -1.33 1.5 -4.14,
							      -1.535 1.5 -4.495,
							      -1.522 1.5 -4.123,
							      -1.615 1.5 4.467,
							      -1.516 1.5 4.502,
							      -1.522 1.5 -4.123,
							      -1.686 1.5 -4.008,
							      -1.642 1.5 4.026,
							      -1.615 1.5 4.467,
							      -1.522 1.5 -4.123,
							      -1.686 1.5 -4.008,
							      -1.615 1.5 4.467,
							      -1.713 1.5 4.43,
							      -1.615 1.5 4.467,
							      -1.642 1.5 4.026,
							      -1.522 1.5 -4.123,
							      -1.535 1.5 -4.495,
							      -1.634 1.5 -4.46,
							      -1.732 1.5 -4.423,
							      -1.522 1.5 -4.123,
							      -1.634 1.5 -4.46,
							      -1.839 1.5 3.991,
							      -1.642 1.5 4.026,
							      -1.686 1.5 -4.008,
							      -1.903 1.5 4.352,
							      -1.839 1.5 3.991,
							      -1.875 1.5 -3.974,
							      -1.875 1.5 -3.974,
							      -1.839 1.5 3.991,
							      -1.686 1.5 -4.008,
							      -1.686 1.5 -4.008,
							      -1.921 1.5 -4.344,
							      -1.875 1.5 -3.974,
							      -1.998 1.5 4.309,
							      -1.903 1.5 4.352,
							      -1.987 1.5 3.868,
							      -2.029 1.5 -3.846,
							      -1.987 1.5 3.868,
							      -1.903 1.5 4.352,
							      -1.875 1.5 -3.974,
							      -2.029 1.5 -3.846,
							      -1.903 1.5 4.352,
							      -1.987 1.5 3.868,
							      -2.093 1.5 4.264,
							      -1.998 1.5 4.309,
							      -1.875 1.5 -3.974,
							      -1.921 1.5 -4.344,
							      -2.017 1.5 -4.301,
							      -2.111 1.5 -4.255,
							      -1.875 1.5 -3.974,
							      -2.017 1.5 -4.301,
							      -2.18 1.5 3.816,
							      -1.987 1.5 3.868,
							      -2.029 1.5 -3.846,
							      -2.275 1.5 4.17,
							      -2.18 1.5 3.816,
							      -2.215 1.5 -3.796,
							      -2.215 1.5 -3.796,
							      -2.18 1.5 3.816,
							      -2.029 1.5 -3.846,
							      -2.029 1.5 -3.846,
							      -2.292 1.5 -4.16,
							      -2.215 1.5 -3.796,
							      -2.356 1.5 -3.654,
							      -2.316 1.5 3.68,
							      -2.275 1.5 4.17,
							      -2.215 1.5 -3.796,
							      -2.356 1.5 -3.654,
							      -2.275 1.5 4.17,
							      -2.366 1.5 4.119,
							      -2.275 1.5 4.17,
							      -2.316 1.5 3.68,
							      -2.316 1.5 3.68,
							      -2.457 1.5 4.065,
							      -2.366 1.5 4.119,
							      -2.215 1.5 -3.796,
							      -2.292 1.5 -4.16,
							      -2.384 1.5 -4.109,
							      -2.474 1.5 -4.055,
							      -2.215 1.5 -3.796,
							      -2.384 1.5 -4.109,
							      -2.504 1.5 3.611,
							      -2.316 1.5 3.68,
							      -2.356 1.5 -3.654,
							      -2.504 1.5 3.611,
							      -2.537 1.5 -3.588,
							      -2.628 1.5 3.464,
							      -2.63 1.5 3.956,
							      -2.504 1.5 3.611,
							      -2.628 1.5 3.464,
							      -2.537 1.5 -3.588,
							      -2.504 1.5 3.611,
							      -2.356 1.5 -3.654,
							      -2.356 1.5 -3.654,
							      -2.646 1.5 -3.945,
							      -2.537 1.5 -3.588,
							      -2.537 1.5 -3.588,
							      -2.666 1.5 -3.435,
							      -2.628 1.5 3.464,
							      -2.802 1.5 3.836,
							      -2.716 1.5 3.897,
							      -2.63 1.5 3.956,
							      -2.628 1.5 3.464,
							      -2.802 1.5 3.836,
							      -2.63 1.5 3.956,
							      -2.809 1.5 3.379,
							      -2.628 1.5 3.464,
							      -2.666 1.5 -3.435,
							      -2.537 1.5 -3.588,
							      -2.646 1.5 -3.945,
							      -2.733 1.5 -3.885,
							      -2.818 1.5 -3.824,
							      -2.537 1.5 -3.588,
							      -2.733 1.5 -3.885,
							      -2.84 1.5 -3.354,
							      -2.955 1.5 -3.19,
							      -2.92 1.5 3.222,
							      -2.809 1.5 3.379,
							      -2.84 1.5 -3.354,
							      -2.92 1.5 3.222,
							      -2.964 1.5 3.711,
							      -2.809 1.5 3.379,
							      -2.92 1.5 3.222,
							      -2.84 1.5 -3.354,
							      -2.809 1.5 3.379,
							      -2.666 1.5 -3.435,
							      -2.666 1.5 -3.435,
							      -2.98 1.5 -3.699,
							      -2.84 1.5 -3.354,
							      -3.093 1.5 3.122,
							      -2.92 1.5 3.222,
							      -2.955 1.5 -3.19,
							      -3.125 1.5 3.577,
							      -3.045 1.5 3.645,
							      -2.964 1.5 3.711,
							      -2.92 1.5 3.222,
							      -3.125 1.5 3.577,
							      -2.964 1.5 3.711,
							      -2.84 1.5 -3.354,
							      -2.98 1.5 -3.699,
							      -3.061 1.5 -3.632,
							      -3.14 1.5 -3.564,
							      -2.84 1.5 -3.354,
							      -3.061 1.5 -3.632,
							      -3.122 1.5 -3.093,
							      -3.222 1.5 -2.92,
							      -3.19 1.5 2.955,
							      -3.093 1.5 3.122,
							      -3.122 1.5 -3.093,
							      -3.19 1.5 2.955,
							      -3.277 1.5 3.439,
							      -3.093 1.5 3.122,
							      -3.19 1.5 2.955,
							      -3.122 1.5 -3.093,
							      -3.093 1.5 3.122,
							      -2.955 1.5 -3.19,
							      -2.955 1.5 -3.19,
							      -3.291 1.5 -3.425,
							      -3.122 1.5 -3.093,
							      -3.354 1.5 2.84,
							      -3.19 1.5 2.955,
							      -3.222 1.5 -2.92,
							      -3.425 1.5 3.291,
							      -3.352 1.5 3.366,
							      -3.277 1.5 3.439,
							      -3.19 1.5 2.955,
							      -3.425 1.5 3.291,
							      -3.277 1.5 3.439,
							      -3.122 1.5 -3.093,
							      -3.291 1.5 -3.425,
							      -3.366 1.5 -3.352,
							      -3.439 1.5 -3.277,
							      -3.122 1.5 -3.093,
							      -3.366 1.5 -3.352,
							      -3.379 1.5 -2.809,
							      -3.464 1.5 -2.628,
							      -3.435 1.5 2.666,
							      -3.354 1.5 2.84,
							      -3.379 1.5 -2.809,
							      -3.435 1.5 2.666,
							      -3.564 1.5 3.14,
							      -3.354 1.5 2.84,
							      -3.435 1.5 2.666,
							      -3.379 1.5 -2.809,
							      -3.354 1.5 2.84,
							      -3.222 1.5 -2.92,
							      -3.222 1.5 -2.92,
							      -3.577 1.5 -3.125,
							      -3.379 1.5 -2.809,
							      -3.588 1.5 2.537,
							      -3.435 1.5 2.666,
							      -3.464 1.5 -2.628,
							      -3.611 1.5 -2.504,
							      -3.68 1.5 -2.316,
							      -3.654 1.5 2.356,
							      -3.699 1.5 2.98,
							      -3.632 1.5 3.061,
							      -3.564 1.5 3.14,
							      -3.435 1.5 2.666,
							      -3.699 1.5 2.98,
							      -3.564 1.5 3.14,
							      -3.379 1.5 -2.809,
							      -3.577 1.5 -3.125,
							      -3.645 1.5 -3.045,
							      -3.711 1.5 -2.964,
							      -3.379 1.5 -2.809,
							      -3.645 1.5 -3.045,
							      -3.796 1.5 2.215,
							      -3.654 1.5 2.356,
							      -3.68 1.5 -2.316,
							      -3.588 1.5 2.537,
							      -3.611 1.5 -2.504,
							      -3.654 1.5 2.356,
							      -3.824 1.5 2.818,
							      -3.588 1.5 2.537,
							      -3.654 1.5 2.356,
							      -3.611 1.5 -2.504,
							      -3.588 1.5 2.537,
							      -3.464 1.5 -2.628,
							      -3.464 1.5 -2.628,
							      -3.836 1.5 -2.802,
							      -3.611 1.5 -2.504,
							      -3.816 1.5 -2.18,
							      -3.868 1.5 -1.987,
							      -3.846 1.5 2.029,
							      -3.945 1.5 2.646,
							      -3.885 1.5 2.733,
							      -3.824 1.5 2.818,
							      -3.654 1.5 2.356,
							      -3.945 1.5 2.646,
							      -3.824 1.5 2.818,
							      -3.611 1.5 -2.504,
							      -3.836 1.5 -2.802,
							      -3.897 1.5 -2.716,
							      -3.956 1.5 -2.63,
							      -3.611 1.5 -2.504,
							      -3.897 1.5 -2.716,
							      -3.974 1.5 1.875,
							      -3.846 1.5 2.029,
							      -3.868 1.5 -1.987,
							      -3.991 1.5 -1.839,
							      -4.026 1.5 -1.642,
							      -4.008 1.5 1.686,
							      -3.796 1.5 2.215,
							      -3.816 1.5 -2.18,
							      -3.846 1.5 2.029,
							      -4.055 1.5 2.474,
							      -3.796 1.5 2.215,
							      -3.846 1.5 2.029,
							      -3.816 1.5 -2.18,
							      -3.796 1.5 2.215,
							      -3.68 1.5 -2.316,
							      -3.68 1.5 -2.316,
							      -4.065 1.5 -2.457,
							      -3.816 1.5 -2.18,
							      -4.123 1.5 1.522,
							      -4.008 1.5 1.686,
							      -4.026 1.5 -1.642,
							      -4.136 1.5 -1.484,
							      -4.154 1.5 -1.285,
							      -4.14 1.5 1.33,
							      -4.16 1.5 2.292,
							      -4.109 1.5 2.384,
							      -4.055 1.5 2.474,
							      -3.846 1.5 2.029,
							      -4.16 1.5 2.292,
							      -4.055 1.5 2.474,
							      -3.816 1.5 -2.18,
							      -4.065 1.5 -2.457,
							      -4.119 1.5 -2.366,
							      -4.17 1.5 -2.275,
							      -3.816 1.5 -2.18,
							      -4.119 1.5 -2.366,
							      -4.24 1.5 1.157,
							      -4.14 1.5 1.33,
							      -4.154 1.5 -1.285,
							      -3.974 1.5 1.875,
							      -3.991 1.5 -1.839,
							      -4.008 1.5 1.686,
							      -4.255 1.5 2.111,
							      -3.974 1.5 1.875,
							      -4.008 1.5 1.686,
							      -3.991 1.5 -1.839,
							      -3.974 1.5 1.875,
							      -3.868 1.5 -1.987,
							      -3.868 1.5 -1.987,
							      -4.264 1.5 -2.093,
							      -3.991 1.5 -1.839,
							      -4.24 1.5 0.9641,
							      -4.25 1.5 -1.118,
							      -4.25 1.5 -0.918,
							      -4.24 1.5 0.9641,
							      -4.25 1.5 -0.918,
							      -4.308 1.5 0.5909,
							      -4.324 1.5 0.7828,
							      -4.24 1.5 0.9641,
							      -4.308 1.5 0.5909,
							      -4.344 1.5 1.921,
							      -4.301 1.5 2.017,
							      -4.255 1.5 2.111,
							      -4.008 1.5 1.686,
							      -4.344 1.5 1.921,
							      -4.255 1.5 2.111,
							      -3.991 1.5 -1.839,
							      -4.264 1.5 -2.093,
							      -4.309 1.5 -1.998,
							      -4.352 1.5 -1.903,
							      -3.991 1.5 -1.839,
							      -4.309 1.5 -1.998,
							      -4.308 1.5 0.5909,
							      -4.314 1.5 -0.5441,
							      -4.343 1.5 0.2132,
							      -4.376 1.5 0.403,
							      -4.308 1.5 0.5909,
							      -4.343 1.5 0.2132,
							      -4.395 1.5 0.02003,
							      -4.343 1.5 0.2132,
							      -4.345 1.5 -0.1661,
							      -4.123 1.5 1.522,
							      -4.136 1.5 -1.484,
							      -4.14 1.5 1.33,
							      -4.423 1.5 1.732,
							      -4.123 1.5 1.522,
							      -4.14 1.5 1.33,
							      -4.136 1.5 -1.484,
							      -4.123 1.5 1.522,
							      -4.026 1.5 -1.642,
							      -4.026 1.5 -1.642,
							      -4.43 1.5 -1.713,
							      -4.136 1.5 -1.484,
							      -4.495 1.5 1.535,
							      -4.46 1.5 1.634,
							      -4.423 1.5 1.732,
							      -4.14 1.5 1.33,
							      -4.495 1.5 1.535,
							      -4.423 1.5 1.732,
							      -4.136 1.5 -1.484,
							      -4.43 1.5 -1.713,
							      -4.467 1.5 -1.615,
							      -4.502 1.5 -1.516,
							      -4.136 1.5 -1.484,
							      -4.467 1.5 -1.615,
							      -4.557 1.5 1.34,
							      -4.24 1.5 1.157,
							      -4.24 1.5 0.9641,
							      -4.24 1.5 0.9641,
							      -4.24 1.5 1.157,
							      -4.154 1.5 -1.285,
							      -4.25 1.5 -1.118,
							      -4.24 1.5 0.9641,
							      -4.154 1.5 -1.285,
							      -4.154 1.5 -1.285,
							      -4.563 1.5 -1.321,
							      -4.25 1.5 -1.118,
							      -4.612 1.5 1.138,
							      -4.586 1.5 1.239,
							      -4.557 1.5 1.34,
							      -4.24 1.5 0.9641,
							      -4.612 1.5 1.138,
							      -4.557 1.5 1.34,
							      -4.25 1.5 -1.118,
							      -4.563 1.5 -1.321,
							      -4.591 1.5 -1.22,
							      -4.617 1.5 -1.118,
							      -4.25 1.5 -1.118,
							      -4.591 1.5 -1.22,
							      -4.314 1.5 -0.5441,
							      -4.308 1.5 0.5909,
							      -4.25 1.5 -0.918,
							      -4.331 1.5 -0.7434,
							      -4.314 1.5 -0.5441,
							      -4.25 1.5 -0.918,
							      -4.25 1.5 -0.918,
							      -4.66 1.5 -0.918,
							      -4.331 1.5 -0.7434,
							      -4.693 1.5 0.7313,
							      -4.676 1.5 0.8348,
							      -4.657 1.5 0.9377,
							      -4.693 1.5 0.7313,
							      -4.657 1.5 0.9377,
							      -4.324 1.5 0.7828,
							      -4.308 1.5 0.5909,
							      -4.693 1.5 0.7313,
							      -4.324 1.5 0.7828,
							      -4.331 1.5 -0.7434,
							      -4.66 1.5 -0.918,
							      -4.68 1.5 -0.8149,
							      -4.696 1.5 -0.7114,
							      -4.331 1.5 -0.7434,
							      -4.68 1.5 -0.8149,
							      -4.345 1.5 -0.1661,
							      -4.343 1.5 0.2132,
							      -4.314 1.5 -0.5441,
							      -4.38 1.5 -0.3631,
							      -4.345 1.5 -0.1661,
							      -4.314 1.5 -0.5441,
							      -4.314 1.5 -0.5441,
							      -4.723 1.5 -0.5084,
							      -4.38 1.5 -0.3631,
							      -4.739 1.5 0.3194,
							      -4.731 1.5 0.4241,
							      -4.721 1.5 0.5283,
							      -4.739 1.5 0.3194,
							      -4.721 1.5 0.5283,
							      -4.376 1.5 0.403,
							      -4.343 1.5 0.2132,
							      -4.739 1.5 0.3194,
							      -4.376 1.5 0.403,
							      -4.38 1.5 -0.3631,
							      -4.723 1.5 -0.5084,
							      -4.733 1.5 -0.4039,
							      -4.741 1.5 -0.2994,
							      -4.38 1.5 -0.3631,
							      -4.733 1.5 -0.4039,
							      -4.749 1.5 -0.09481,
							      -4.749 1.5 0.1149,
							      -4.395 1.5 0.02003,
							      -4.345 1.5 -0.1661,
							      -4.749 1.5 -0.09481,
							      -4.395 1.5 0.02003,
							      -4.75 1.5 0.01011,
							      -4.749 1.5 0.1149,
							      -4.749 1.5 -0.09481 ]
				    }

				    ccw	TRUE
				    solid	FALSE
				    coordIndex	[ 0, 1, 2, -1, 3, 4, 5, -1,
						      6, 7, 8, -1, 9, 10, 11, -1,
						      12, 13, 14, -1, 15, 16, 17, -1,
						      18, 19, 20, -1, 21, 22, 23, -1,
						      24, 25, 26, -1, 27, 28, 29, -1,
						      30, 31, 32, -1, 33, 34, 35, -1,
						      36, 37, 38, -1, 39, 40, 41, -1,
						      42, 43, 44, -1, 45, 46, 47, -1,
						      48, 49, 50, -1, 51, 52, 53, -1,
						      54, 55, 56, -1, 57, 58, 59, -1,
						      60, 61, 62, -1, 63, 64, 65, -1,
						      66, 67, 68, -1, 69, 70, 71, -1,
						      72, 73, 74, -1, 75, 76, 77, -1,
						      78, 79, 80, -1, 81, 82, 83, -1,
						      84, 85, 86, -1, 87, 88, 89, -1,
						      90, 91, 92, -1, 93, 94, 95, -1,
						      96, 97, 98, -1, 99, 100, 101, -1,
						      102, 103, 104, -1, 105, 106, 107, -1,
						      108, 109, 110, -1, 111, 112, 113, -1,
						      114, 115, 116, -1, 117, 118, 119, -1,
						      120, 121, 122, -1, 123, 124, 125, -1,
						      126, 127, 128, -1, 129, 130, 131, -1,
						      132, 133, 134, -1, 135, 136, 137, -1,
						      138, 139, 140, -1, 141, 142, 143, -1,
						      144, 145, 146, -1, 147, 148, 149, -1,
						      150, 151, 152, -1, 153, 154, 155, -1,
						      156, 157, 158, -1, 159, 160, 161, -1,
						      162, 163, 164, -1, 165, 166, 167, -1,
						      168, 169, 170, -1, 171, 172, 173, -1,
						      174, 175, 176, -1, 177, 178, 179, -1,
						      180, 181, 182, -1, 183, 184, 185, -1,
						      186, 187, 188, -1, 189, 190, 191, -1,
						      192, 193, 194, -1, 195, 196, 197, -1,
						      198, 199, 200, -1, 201, 202, 203, -1,
						      204, 205, 206, -1, 207, 208, 209, -1,
						      210, 211, 212, -1, 213, 214, 215, -1,
						      216, 217, 218, -1, 219, 220, 221, -1,
						      222, 223, 224, -1, 225, 226, 227, -1,
						      228, 229, 230, -1, 231, 232, 233, -1,
						      234, 235, 236, -1, 237, 238, 239, -1,
						      240, 241, 242, -1, 243, 244, 245, -1,
						      246, 247, 248, -1, 249, 250, 251, -1,
						      252, 253, 254, -1, 255, 256, 257, -1,
						      258, 259, 260, -1, 261, 262, 263, -1,
						      264, 265, 266, -1, 267, 268, 269, -1,
						      270, 271, 272, -1, 273, 274, 275, -1,
						      276, 277, 278, -1, 279, 280, 281, -1,
						      282, 283, 284, -1, 285, 286, 287, -1,
						      288, 289, 290, -1, 291, 292, 293, -1,
						      294, 295, 296, -1, 297, 298, 299, -1,
						      300, 301, 302, -1, 303, 304, 305, -1,
						      306, 307, 308, -1, 309, 310, 311, -1,
						      312, 313, 314, -1, 315, 316, 317, -1,
						      318, 319, 320, -1, 321, 322, 323, -1,
						      324, 325, 326, -1, 327, 328, 329, -1,
						      330, 331, 332, -1, 333, 334, 335, -1,
						      336, 337, 338, -1, 339, 340, 341, -1,
						      342, 343, 344, -1, 345, 346, 347, -1,
						      348, 349, 350, -1, 351, 352, 353, -1,
						      354, 355, 356, -1, 357, 358, 359, -1,
						      360, 361, 362, -1, 363, 364, 365, -1,
						      366, 367, 368, -1, 369, 370, 371, -1,
						      372, 373, 374, -1, 375, 376, 377, -1,
						      378, 379, 380, -1, 381, 382, 383, -1,
						      384, 385, 386, -1, 387, 388, 389, -1,
						      390, 391, 392, -1, 393, 394, 395, -1,
						      396, 397, 398, -1, 399, 400, 401, -1,
						      402, 403, 404, -1, 405, 406, 407, -1,
						      408, 409, 410, -1, 411, 412, 413, -1,
						      414, 415, 416, -1, 417, 418, 419, -1,
						      420, 421, 422, -1, 423, 424, 425, -1,
						      426, 427, 428, -1, 429, 430, 431, -1,
						      432, 433, 434, -1, 435, 436, 437, -1,
						      438, 439, 440, -1, 441, 442, 443, -1,
						      444, 445, 446, -1, 447, 448, 449, -1,
						      450, 451, 452, -1, 453, 454, 455, -1,
						      456, 457, 458, -1, 459, 460, 461, -1,
						      462, 463, 464, -1, 465, 466, 467, -1,
						      468, 469, 470, -1, 471, 472, 473, -1,
						      474, 475, 476, -1, 477, 478, 479, -1,
						      480, 481, 482, -1, 483, 484, 485, -1,
						      486, 487, 488, -1, 489, 490, 491, -1,
						      492, 493, 494, -1, 495, 496, 497, -1,
						      498, 499, 500, -1, 501, 502, 503, -1,
						      504, 505, 506, -1, 507, 508, 509, -1,
						      510, 511, 512, -1, 513, 514, 515, -1,
						      516, 517, 518, -1, 519, 520, 521, -1,
						      522, 523, 524, -1, 525, 526, 527, -1,
						      528, 529, 530, -1, 531, 532, 533, -1,
						      534, 535, 536, -1, 537, 538, 539, -1,
						      540, 541, 542, -1, 543, 544, 545, -1,
						      546, 547, 548, -1, 549, 550, 551, -1,
						      552, 553, 554, -1, 555, 556, 557, -1,
						      558, 559, 560, -1, 561, 562, 563, -1,
						      564, 565, 566, -1, 567, 568, 569, -1,
						      570, 571, 572, -1, 573, 574, 575, -1,
						      576, 577, 578, -1, 579, 580, 581, -1,
						      582, 583, 584, -1, 585, 586, 587, -1,
						      588, 589, 590, -1, 591, 592, 593, -1,
						      594, 595, 596, -1, 597, 598, 599, -1,
						      600, 601, 602, -1, 603, 604, 605, -1,
						      606, 607, 608, -1, 609, 610, 611, -1,
						      612, 613, 614, -1, 615, 616, 617, -1,
						      618, 619, 620, -1, 621, 622, 623, -1,
						      624, 625, 626, -1, 627, 628, 629, -1,
						      630, 631, 632, -1, 633, 634, 635, -1,
						      636, 637, 638, -1, 639, 640, 641, -1,
						      642, 643, 644, -1, 645, 646, 647, -1,
						      648, 649, 650, -1, 651, 652, 653, -1,
						      654, 655, 656, -1, 657, 658, 659, -1,
						      660, 661, 662, -1, 663, 664, 665, -1,
						      666, 667, 668, -1, 669, 670, 671, -1,
						      672, 673, 674, -1, 675, 676, 677, -1,
						      678, 679, 680, -1, 681, 682, 683, -1,
						      684, 685, 686, -1, 687, 688, 689, -1,
						      690, 691, 692, -1, 693, 694, 695, -1,
						      696, 697, 698, -1, 699, 700, 701, -1,
						      702, 703, 704, -1, 705, 706, 707, -1,
						      708, 709, 710, -1, 711, 712, 713, -1,
						      714, 715, 716, -1, 717, 718, 719, -1,
						      720, 721, 722, -1, 723, 724, 725, -1,
						      726, 727, 728, -1, 729, 730, 731, -1,
						      732, 733, 734, -1, 735, 736, 737, -1,
						      738, 739, 740, -1, 741, 742, 743, -1,
						      744, 745, 746, -1, 747, 748, 749, -1,
						      750, 751, 752, -1, 753, 754, 755, -1,
						      756, 757, 758, -1, 759, 760, 761, -1,
						      762, 763, 764, -1, 765, 766, 767, -1,
						      768, 769, 770, -1, 771, 772, 773, -1,
						      774, 775, 776, -1, 777, 778, 779, -1,
						      780, 781, 782, -1, 783, 784, 785, -1,
						      786, 787, 788, -1, 789, 790, 791, -1,
						      792, 793, 794, -1, 795, 796, 797, -1,
						      798, 799, 800, -1, 801, 802, 803, -1,
						      804, 805, 806, -1, 807, 808, 809, -1,
						      810, 811, 812, -1, 813, 814, 815, -1,
						      816, 817, 818, -1, 819, 820, 821, -1,
						      822, 823, 824, -1, 825, 826, 827, -1,
						      828, 829, 830, -1, 831, 832, 833, -1,
						      834, 835, 836, -1, 837, 838, 839, -1,
						      840, 841, 842, -1, 843, 844, 845, -1,
						      846, 847, 848, -1, 849, 850, 851, -1,
						      852, 853, 854, -1, 855, 856, 857, -1,
						      858, 859, 860, -1, 861, 862, 863, -1,
						      864, 865, 866, -1, 867, 868, 869, -1,
						      870, 871, 872, -1, 873, 874, 875, -1,
						      876, 877, 878, -1, 879, 880, 881, -1,
						      882, 883, 884, -1, 885, 886, 887, -1,
						      888, 889, 890, -1, 891, 892, 893, -1,
						      894, 895, 896, -1, 897, 898, 899, -1,
						      900, 901, 902, -1, 903, 904, 905, -1,
						      906, 907, 908, -1, 909, 910, 911, -1,
						      912, 913, 914, -1, 915, 916, 917, -1,
						      918, 919, 920, -1, 921, 922, 923, -1,
						      924, 925, 926, -1, 927, 928, 929, -1,
						      930, 931, 932, -1, 933, 934, 935, -1,
						      936, 937, 938, -1, 939, 940, 941, -1,
						      942, 943, 944, -1, 945, 946, 947, -1,
						      948, 949, 950, -1, 951, 952, 953, -1,
						      954, 955, 956, -1, 957, 958, 959, -1,
						      960, 961, 962, -1, 963, 964, 965, -1,
						      966, 967, 968, -1, 969, 970, 971, -1,
						      972, 973, 974, -1, 975, 976, 977, -1,
						      978, 979, 980, -1, 981, 982, 983, -1,
						      984, 985, 986, -1, 987, 988, 989, -1,
						      990, 991, 992, -1, 993, 994, 995, -1,
						      996, 997, 998, -1, 999, 1000, 1001, -1,
						      1002, 1003, 1004, -1, 1005, 1006, 1007, -1,
						      1008, 1009, 1010, -1, 1011, 1012, 1013, -1,
						      1014, 1015, 1016, -1, 1017, 1018, 1019, -1,
						      1020, 1021, 1022, -1, 1023, 1024, 1025, -1,
						      1026, 1027, 1028, -1, 1029, 1030, 1031, -1,
						      1032, 1033, 1034, -1, 1035, 1036, 1037, -1,
						      1038, 1039, 1040, -1, 1041, 1042, 1043, -1,
						      1044, 1045, 1046, -1, 1047, 1048, 1049, -1,
						      1050, 1051, 1052, -1, 1053, 1054, 1055, -1,
						      1056, 1057, 1058, -1, 1059, 1060, 1061, -1,
						      1062, 1063, 1064, -1, 1065, 1066, 1067, -1,
						      1068, 1069, 1070, -1, 1071, 1072, 1073, -1,
						      1074, 1075, 1076, -1, 1077, 1078, 1079, -1,
						      1080, 1081, 1082, -1, 1083, 1084, 1085, -1,
						      1086, 1087, 1088, -1, 1089, 1090, 1091, -1,
						      1092, 1093, 1094, -1, 1095, 1096, 1097, -1,
						      1098, 1099, 1100, -1, 1101, 1102, 1103, -1,
						      1104, 1105, 1106, -1, 1107, 1108, 1109, -1,
						      1110, 1111, 1112, -1, 1113, 1114, 1115, -1,
						      1116, 1117, 1118, -1, 1119, 1120, 1121, -1,
						      1122, 1123, 1124, -1, 1125, 1126, 1127, -1,
						      1128, 1129, 1130, -1, 1131, 1132, 1133, -1 ]
			    }

		    }
	    }

	    DEF VIFS490 Transform {
		    translation	0 0 -0.5
		    rotation	1 0 0  1.571
		    children Shape {
			    appearance	Appearance {
				    material	Material {
					    ambientIntensity	1
					    diffuseColor	0.8745 0.6824 0.5882
					    shininess	0.62
					    specularColor	0.9 0.9 0.9
				    }

			    }

			    geometry	DEF VIFS490-FACES IndexedFaceSet {
				    coord	DEF VIFS490-COORD Coordinate {
					    point	[ -0.02866 0 4.75,
							      -0.1345 0 4.748,
							      -0.2405 0 4.744,
							      -0.1021 0 4.334,
							      -0.02866 0 4.75,
							      -0.2405 0 4.744,
							      -0.4425 0 4.729,
							      -0.5479 0 4.718,
							      -0.653 0 4.705,
							      -0.4794 0 4.308,
							      -0.4425 0 4.729,
							      -0.653 0 4.705,
							      0.09488 0 4.299,
							      0.276 0 4.326,
							      0.3854 0 4.734,
							      0.09488 0 4.299,
							      0.3854 0 4.734,
							      0.2798 0 4.742,
							      0.1739 0 4.747,
							      0.09488 0 4.299,
							      0.2798 0 4.742,
							      -0.2801 0 4.291,
							      0.09488 0 4.299,
							      -0.1021 0 4.334,
							      -0.2405 0 4.744,
							      -0.2801 0 4.291,
							      -0.1021 0 4.334,
							      0.09488 0 4.299,
							      -0.2801 0 4.291,
							      0.4692 0 4.274,
							      0.4692 0 4.274,
							      0.276 0 4.326,
							      0.09488 0 4.299,
							      0.4692 0 4.274,
							      0.652 0 4.285,
							      0.7966 0 4.683,
							      0.4692 0 4.274,
							      0.7966 0 4.683,
							      0.692 0 4.699,
							      0.5869 0 4.714,
							      0.4692 0 4.274,
							      0.692 0 4.699,
							      -0.853 0 4.673,
							      -0.957 0 4.653,
							      -1.061 0 4.63,
							      -0.853 0 4.25,
							      -0.853 0 4.673,
							      -1.061 0 4.63,
							      -0.653 0 4.25,
							      0.4692 0 4.274,
							      -0.2801 0 4.291,
							      -0.653 0 4.25,
							      -0.2801 0 4.291,
							      -0.4794 0 4.308,
							      -0.653 0 4.705,
							      -0.653 0 4.25,
							      -0.4794 0 4.308,
							      0.4692 0 4.274,
							      -0.653 0 4.25,
							      0.8399 0 4.217,
							      0.8399 0 4.217,
							      0.652 0 4.285,
							      0.4692 0 4.274,
							      0.8399 0 4.217,
							      1.202 0 4.595,
							      1.099 0 4.621,
							      0.9955 0 4.644,
							      0.8399 0 4.217,
							      1.099 0 4.621,
							      1.023 0 4.212,
							      1.202 0 4.595,
							      0.8399 0 4.217,
							      -1.021 0 4.177,
							      1.023 0 4.212,
							      0.8399 0 4.217,
							      -1.021 0 4.177,
							      0.8399 0 4.217,
							      -0.653 0 4.25,
							      -1.021 0 4.177,
							      -0.653 0 4.25,
							      -0.853 0 4.25,
							      -1.061 0 4.63,
							      -1.021 0 4.177,
							      -0.853 0 4.25,
							      -1.257 0 4.581,
							      -1.359 0 4.551,
							      -1.46 0 4.52,
							      -1.22 0 4.159,
							      -1.257 0 4.581,
							      -1.46 0 4.52,
							      1.023 0 4.212,
							      -1.021 0 4.177,
							      -1.22 0 4.159,
							      1.204 0 4.128,
							      1.023 0 4.212,
							      -1.22 0 4.159,
							      1.204 0 4.128,
							      1.598 0 4.473,
							      1.498 0 4.508,
							      1.397 0 4.54,
							      1.204 0 4.128,
							      1.498 0 4.508,
							      1.386 0 4.107,
							      1.598 0 4.473,
							      1.204 0 4.128,
							      -1.381 0 4.072,
							      1.386 0 4.107,
							      1.204 0 4.128,
							      -1.381 0 4.072,
							      1.204 0 4.128,
							      -1.22 0 4.159,
							      -1.46 0 4.52,
							      -1.381 0 4.072,
							      -1.22 0 4.159,
							      -1.651 0 4.454,
							      -1.75 0 4.416,
							      -1.849 0 4.376,
							      -1.578 0 4.037,
							      -1.651 0 4.454,
							      -1.849 0 4.376,
							      1.386 0 4.107,
							      -1.381 0 4.072,
							      -1.578 0 4.037,
							      1.559 0 4.007,
							      1.386 0 4.107,
							      -1.578 0 4.037,
							      1.559 0 4.007,
							      1.981 0 4.317,
							      1.885 0 4.36,
							      1.787 0 4.401,
							      1.559 0 4.007,
							      1.885 0 4.36,
							      1.739 0 3.971,
							      1.981 0 4.317,
							      1.559 0 4.007,
							      -1.731 0 3.936,
							      1.739 0 3.971,
							      1.559 0 4.007,
							      -1.731 0 3.936,
							      1.559 0 4.007,
							      -1.578 0 4.037,
							      -1.849 0 4.376,
							      -1.731 0 3.936,
							      -1.578 0 4.037,
							      -2.033 0 4.293,
							      -2.129 0 4.246,
							      -2.223 0 4.198,
							      -1.924 0 3.884,
							      -2.033 0 4.293,
							      -2.223 0 4.198,
							      1.739 0 3.971,
							      -1.731 0 3.936,
							      -1.924 0 3.884,
							      1.903 0 3.856,
							      1.739 0 3.971,
							      -1.924 0 3.884,
							      1.903 0 3.856,
							      2.35 0 4.128,
							      2.258 0 4.179,
							      2.164 0 4.229,
							      1.903 0 3.856,
							      2.258 0 4.179,
							      2.078 0 3.804,
							      2.35 0 4.128,
							      1.903 0 3.856,
							      -2.067 0 3.77,
							      2.078 0 3.804,
							      1.903 0 3.856,
							      -2.067 0 3.77,
							      1.903 0 3.856,
							      -1.924 0 3.884,
							      -2.223 0 4.198,
							      -2.067 0 3.77,
							      -1.924 0 3.884,
							      -2.4 0 4.099,
							      -2.491 0 4.045,
							      -2.58 0 3.988,
							      -2.255 0 3.702,
							      -2.4 0 4.099,
							      -2.58 0 3.988,
							      2.078 0 3.804,
							      -2.067 0 3.77,
							      -2.255 0 3.702,
							      2.232 0 3.675,
							      2.078 0 3.804,
							      -2.255 0 3.702,
							      2.232 0 3.675,
							      2.701 0 3.907,
							      2.613 0 3.967,
							      2.524 0 4.024,
							      2.232 0 3.675,
							      2.613 0 3.967,
							      2.402 0 3.608,
							      2.701 0 3.907,
							      2.232 0 3.675,
							      -2.388 0 3.576,
							      2.402 0 3.608,
							      2.232 0 3.675,
							      -2.388 0 3.576,
							      2.232 0 3.675,
							      -2.255 0 3.702,
							      -2.58 0 3.988,
							      -2.388 0 3.576,
							      -2.255 0 3.702,
							      -2.748 0 3.874,
							      -2.834 0 3.812,
							      -2.918 0 3.748,
							      -2.569 0 3.491,
							      -2.748 0 3.874,
							      -2.918 0 3.748,
							      2.402 0 3.608,
							      -2.388 0 3.576,
							      -2.569 0 3.491,
							      2.543 0 3.467,
							      2.402 0 3.608,
							      -2.569 0 3.491,
							      2.543 0 3.467,
							      3.031 0 3.657,
							      2.949 0 3.724,
							      2.865 0 3.789,
							      2.543 0 3.467,
							      2.949 0 3.724,
							      2.707 0 3.385,
							      3.031 0 3.657,
							      2.543 0 3.467,
							      -2.691 0 3.354,
							      2.707 0 3.385,
							      2.543 0 3.467,
							      -2.691 0 3.354,
							      2.543 0 3.467,
							      -2.569 0 3.491,
							      -2.918 0 3.748,
							      -2.691 0 3.354,
							      -2.569 0 3.491,
							      -3.075 0 3.62,
							      -3.155 0 3.551,
							      -3.234 0 3.479,
							      -2.864 0 3.254,
							      -3.075 0 3.62,
							      -3.234 0 3.479,
							      2.707 0 3.385,
							      -2.691 0 3.354,
							      -2.864 0 3.254,
							      2.836 0 3.232,
							      2.707 0 3.385,
							      -2.864 0 3.254,
							      2.836 0 3.232,
							      3.338 0 3.379,
							      3.262 0 3.453,
							      3.184 0 3.524,
							      2.836 0 3.232,
							      3.262 0 3.453,
							      2.992 0 3.136,
							      3.338 0 3.379,
							      2.836 0 3.232,
							      -2.973 0 3.107,
							      2.992 0 3.136,
							      2.836 0 3.232,
							      -2.973 0 3.107,
							      2.836 0 3.232,
							      -2.864 0 3.254,
							      -3.234 0 3.479,
							      -2.973 0 3.107,
							      -2.864 0 3.254,
							      -3.379 0 3.338,
							      -3.453 0 3.262,
							      -3.524 0 3.184,
							      -3.136 0 2.992,
							      -3.379 0 3.338,
							      -3.524 0 3.184,
							      2.992 0 3.136,
							      -2.973 0 3.107,
							      -3.136 0 2.992,
							      3.107 0 2.973,
							      2.992 0 3.136,
							      -3.136 0 2.992,
							      3.107 0 2.973,
							      3.62 0 3.075,
							      3.551 0 3.155,
							      3.479 0 3.234,
							      3.107 0 2.973,
							      3.551 0 3.155,
							      3.254 0 2.864,
							      3.62 0 3.075,
							      3.107 0 2.973,
							      -3.232 0 2.836,
							      3.254 0 2.864,
							      3.107 0 2.973,
							      -3.232 0 2.836,
							      3.107 0 2.973,
							      -3.136 0 2.992,
							      -3.524 0 3.184,
							      -3.232 0 2.836,
							      -3.136 0 2.992,
							      -3.657 0 3.031,
							      -3.724 0 2.949,
							      -3.789 0 2.865,
							      -3.385 0 2.707,
							      -3.657 0 3.031,
							      -3.789 0 2.865,
							      3.254 0 2.864,
							      -3.232 0 2.836,
							      -3.385 0 2.707,
							      3.354 0 2.691,
							      3.254 0 2.864,
							      -3.385 0 2.707,
							      3.354 0 2.691,
							      3.874 0 2.748,
							      3.812 0 2.834,
							      3.748 0 2.918,
							      3.354 0 2.691,
							      3.812 0 2.834,
							      3.491 0 2.569,
							      3.874 0 2.748,
							      3.354 0 2.691,
							      -3.467 0 2.543,
							      3.491 0 2.569,
							      3.354 0 2.691,
							      -3.467 0 2.543,
							      3.354 0 2.691,
							      -3.385 0 2.707,
							      -3.789 0 2.865,
							      -3.467 0 2.543,
							      -3.385 0 2.707,
							      -3.907 0 2.701,
							      -3.967 0 2.613,
							      -4.024 0 2.524,
							      -3.608 0 2.402,
							      -3.907 0 2.701,
							      -4.024 0 2.524,
							      3.491 0 2.569,
							      -3.467 0 2.543,
							      -3.608 0 2.402,
							      3.576 0 2.388,
							      3.491 0 2.569,
							      -3.608 0 2.402,
							      3.576 0 2.388,
							      4.099 0 2.4,
							      4.045 0 2.491,
							      3.988 0 2.58,
							      3.576 0 2.388,
							      4.045 0 2.491,
							      3.702 0 2.255,
							      4.099 0 2.4,
							      3.576 0 2.388,
							      -3.675 0 2.232,
							      3.702 0 2.255,
							      3.576 0 2.388,
							      -3.675 0 2.232,
							      3.576 0 2.388,
							      -3.608 0 2.402,
							      -4.024 0 2.524,
							      -3.675 0 2.232,
							      -3.608 0 2.402,
							      -4.128 0 2.35,
							      -4.179 0 2.258,
							      -4.229 0 2.164,
							      -3.804 0 2.078,
							      -4.128 0 2.35,
							      -4.229 0 2.164,
							      3.702 0 2.255,
							      -3.675 0 2.232,
							      -3.804 0 2.078,
							      3.77 0 2.067,
							      3.702 0 2.255,
							      -3.804 0 2.078,
							      4.198 0 2.223,
							      3.77 0 2.067,
							      4.246 0 2.129,
							      4.293 0 2.033,
							      4.246 0 2.129,
							      3.77 0 2.067,
							      -3.856 0 1.903,
							      3.884 0 1.924,
							      4.293 0 2.033,
							      -3.856 0 1.903,
							      4.293 0 2.033,
							      3.77 0 2.067,
							      -3.856 0 1.903,
							      3.77 0 2.067,
							      -3.804 0 2.078,
							      -4.229 0 2.164,
							      -3.856 0 1.903,
							      -3.804 0 2.078,
							      -4.317 0 1.981,
							      -4.36 0 1.885,
							      -4.401 0 1.787,
							      -3.971 0 1.739,
							      -4.317 0 1.981,
							      -4.401 0 1.787,
							      3.884 0 1.924,
							      -3.856 0 1.903,
							      -3.971 0 1.739,
							      3.936 0 1.731,
							      3.884 0 1.924,
							      -3.971 0 1.739,
							      4.376 0 1.849,
							      3.936 0 1.731,
							      4.416 0 1.75,
							      4.454 0 1.651,
							      4.416 0 1.75,
							      3.936 0 1.731,
							      -4.007 0 1.559,
							      4.037 0 1.578,
							      4.454 0 1.651,
							      -4.007 0 1.559,
							      4.454 0 1.651,
							      3.936 0 1.731,
							      -4.007 0 1.559,
							      3.936 0 1.731,
							      -3.971 0 1.739,
							      -4.401 0 1.787,
							      -4.007 0 1.559,
							      -3.971 0 1.739,
							      -4.473 0 1.598,
							      -4.508 0 1.498,
							      -4.54 0 1.397,
							      -4.107 0 1.386,
							      -4.473 0 1.598,
							      -4.54 0 1.397,
							      4.037 0 1.578,
							      -4.007 0 1.559,
							      -4.107 0 1.386,
							      4.072 0 1.381,
							      4.037 0 1.578,
							      -4.107 0 1.386,
							      4.551 0 1.359,
							      4.52 0 1.46,
							      4.072 0 1.381,
							      -4.128 0 1.204,
							      4.159 0 1.22,
							      4.581 0 1.257,
							      -4.128 0 1.204,
							      4.581 0 1.257,
							      4.551 0 1.359,
							      -4.128 0 1.204,
							      4.551 0 1.359,
							      4.072 0 1.381,
							      -4.128 0 1.204,
							      4.072 0 1.381,
							      -4.107 0 1.386,
							      -4.54 0 1.397,
							      -4.128 0 1.204,
							      -4.107 0 1.386,
							      -4.212 0 1.023,
							      -4.595 0 1.202,
							      -4.621 0 1.099,
							      4.159 0 1.22,
							      -4.128 0 1.204,
							      -4.212 0 1.023,
							      4.177 0 1.021,
							      4.159 0 1.22,
							      -4.212 0 1.023,
							      -4.644 0 0.9955,
							      4.177 0 1.021,
							      -4.212 0 1.023,
							      -4.621 0 1.099,
							      -4.644 0 0.9955,
							      -4.212 0 1.023,
							      4.177 0 1.021,
							      -4.644 0 0.9955,
							      4.653 0 0.9571,
							      4.653 0 0.9571,
							      4.63 0 1.061,
							      4.177 0 1.021,
							      4.673 0 0.853,
							      4.653 0 0.9571,
							      4.25 0 0.853,
							      -4.217 0 0.8399,
							      4.25 0 0.853,
							      4.653 0 0.9571,
							      -4.644 0 0.9955,
							      -4.217 0 0.8399,
							      4.653 0 0.9571,
							      4.25 0 0.653,
							      4.25 0 0.853,
							      -4.217 0 0.8399,
							      -4.285 0 0.652,
							      -4.683 0 0.7966,
							      -4.699 0 0.692,
							      -4.285 0 0.652,
							      4.705 0 0.653,
							      4.25 0 0.653,
							      -4.217 0 0.8399,
							      -4.285 0 0.652,
							      4.25 0 0.653,
							      -4.699 0 0.692,
							      -4.714 0 0.5869,
							      -4.285 0 0.652,
							      4.705 0 0.653,
							      -4.285 0 0.652,
							      -4.714 0 0.5869,
							      4.718 0 0.548,
							      4.705 0 0.653,
							      -4.714 0 0.5869,
							      -4.274 0 0.4692,
							      4.308 0 0.4794,
							      4.718 0 0.548,
							      -4.714 0 0.5869,
							      -4.274 0 0.4692,
							      4.718 0 0.548,
							      4.729 0 0.4425,
							      4.718 0 0.548,
							      4.308 0 0.4794,
							      4.291 0 0.2801,
							      4.308 0 0.4794,
							      -4.274 0 0.4692,
							      -4.326 0 0.276,
							      -4.734 0 0.3854,
							      -4.742 0 0.2798,
							      -4.274 0 0.4692,
							      -4.326 0 0.276,
							      4.291 0 0.2801,
							      4.744 0 0.2405,
							      4.291 0 0.2801,
							      -4.326 0 0.276,
							      -4.747 0 0.1739,
							      4.744 0 0.2405,
							      -4.326 0 0.276,
							      -4.742 0 0.2798,
							      -4.747 0 0.1739,
							      -4.326 0 0.276,
							      4.748 0 0.1347,
							      4.744 0 0.2405,
							      -4.747 0 0.1739,
							      -4.299 0 0.09488,
							      4.334 0 0.1021,
							      4.748 0 0.1347,
							      -4.747 0 0.1739,
							      -4.299 0 0.09488,
							      4.748 0 0.1347,
							      4.75 0 0.02866,
							      4.748 0 0.1347,
							      4.334 0 0.1021,
							      4.299 0 -0.09488,
							      4.334 0 0.1021,
							      -4.299 0 0.09488,
							      -4.299 0 0.09488,
							      -4.334 0 -0.1021,
							      4.299 0 -0.09488,
							      -4.75 0 -0.02866,
							      -4.748 0 -0.1345,
							      -4.334 0 -0.1021,
							      4.299 0 -0.09488,
							      -4.334 0 -0.1021,
							      -4.748 0 -0.1345,
							      4.747 0 -0.1739,
							      4.299 0 -0.09488,
							      -4.748 0 -0.1345,
							      -4.748 0 -0.1345,
							      -4.744 0 -0.2405,
							      4.747 0 -0.1739,
							      4.747 0 -0.1739,
							      -4.744 0 -0.2405,
							      4.326 0 -0.276,
							      4.742 0 -0.2798,
							      4.747 0 -0.1739,
							      4.326 0 -0.276,
							      -4.744 0 -0.2405,
							      -4.291 0 -0.2801,
							      4.326 0 -0.276,
							      4.326 0 -0.276,
							      4.734 0 -0.3854,
							      4.742 0 -0.2798,
							      4.274 0 -0.4692,
							      4.326 0 -0.276,
							      -4.291 0 -0.2801,
							      -4.291 0 -0.2801,
							      -4.308 0 -0.4794,
							      4.274 0 -0.4692,
							      -4.729 0 -0.4425,
							      -4.718 0 -0.5478,
							      -4.308 0 -0.4794,
							      4.274 0 -0.4692,
							      -4.308 0 -0.4794,
							      -4.718 0 -0.5478,
							      4.714 0 -0.5869,
							      4.274 0 -0.4692,
							      -4.718 0 -0.5478,
							      -4.705 0 -0.653,
							      4.285 0 -0.652,
							      4.714 0 -0.5869,
							      -4.718 0 -0.5478,
							      -4.705 0 -0.653,
							      4.714 0 -0.5869,
							      4.699 0 -0.692,
							      4.714 0 -0.5869,
							      4.285 0 -0.652,
							      4.285 0 -0.652,
							      4.683 0 -0.7966,
							      4.699 0 -0.692,
							      4.285 0 -0.652,
							      -4.705 0 -0.653,
							      -4.25 0 -0.653,
							      4.217 0 -0.8399,
							      4.285 0 -0.652,
							      -4.25 0 -0.653,
							      -4.25 0 -0.653,
							      -4.25 0 -0.853,
							      4.217 0 -0.8399,
							      -4.673 0 -0.853,
							      -4.653 0 -0.957,
							      -4.25 0 -0.853,
							      4.217 0 -0.8399,
							      -4.25 0 -0.853,
							      -4.653 0 -0.957,
							      4.644 0 -0.9955,
							      4.217 0 -0.8399,
							      -4.653 0 -0.957,
							      -4.177 0 -1.021,
							      4.644 0 -0.9955,
							      -4.653 0 -0.957,
							      -4.653 0 -0.957,
							      -4.63 0 -1.061,
							      -4.177 0 -1.021,
							      4.644 0 -0.9955,
							      -4.177 0 -1.021,
							      4.212 0 -1.023,
							      4.621 0 -1.099,
							      4.644 0 -0.9955,
							      4.212 0 -1.023,
							      4.212 0 -1.023,
							      4.595 0 -1.202,
							      4.621 0 -1.099,
							      -4.159 0 -1.22,
							      4.128 0 -1.204,
							      4.212 0 -1.023,
							      -4.177 0 -1.021,
							      -4.159 0 -1.22,
							      4.212 0 -1.023,
							      4.128 0 -1.204,
							      -4.159 0 -1.22,
							      -4.581 0 -1.257,
							      4.128 0 -1.204,
							      -4.581 0 -1.257,
							      -4.551 0 -1.359,
							      4.128 0 -1.204,
							      -4.551 0 -1.359,
							      -4.072 0 -1.381,
							      4.128 0 -1.204,
							      -4.072 0 -1.381,
							      4.107 0 -1.386,
							      4.54 0 -1.397,
							      4.128 0 -1.204,
							      4.107 0 -1.386,
							      -4.551 0 -1.359,
							      -4.52 0 -1.46,
							      -4.072 0 -1.381,
							      -4.037 0 -1.578,
							      4.007 0 -1.559,
							      4.107 0 -1.386,
							      -4.072 0 -1.381,
							      -4.037 0 -1.578,
							      4.107 0 -1.386,
							      4.473 0 -1.598,
							      4.508 0 -1.498,
							      4.54 0 -1.397,
							      4.107 0 -1.386,
							      4.473 0 -1.598,
							      4.54 0 -1.397,
							      -4.454 0 -1.651,
							      -4.416 0 -1.75,
							      -3.936 0 -1.731,
							      4.007 0 -1.559,
							      -4.037 0 -1.578,
							      -4.454 0 -1.651,
							      4.007 0 -1.559,
							      -4.454 0 -1.651,
							      -3.936 0 -1.731,
							      4.007 0 -1.559,
							      -3.936 0 -1.731,
							      3.971 0 -1.739,
							      4.401 0 -1.787,
							      4.007 0 -1.559,
							      3.971 0 -1.739,
							      -4.376 0 -1.849,
							      -3.936 0 -1.731,
							      -4.416 0 -1.75,
							      -3.884 0 -1.924,
							      3.856 0 -1.903,
							      3.971 0 -1.739,
							      -3.936 0 -1.731,
							      -3.884 0 -1.924,
							      3.971 0 -1.739,
							      4.317 0 -1.981,
							      4.36 0 -1.885,
							      4.401 0 -1.787,
							      3.971 0 -1.739,
							      4.317 0 -1.981,
							      4.401 0 -1.787,
							      -4.293 0 -2.033,
							      -4.246 0 -2.129,
							      -3.77 0 -2.067,
							      3.856 0 -1.903,
							      -3.884 0 -1.924,
							      -4.293 0 -2.033,
							      3.856 0 -1.903,
							      -4.293 0 -2.033,
							      -3.77 0 -2.067,
							      3.856 0 -1.903,
							      -3.77 0 -2.067,
							      3.804 0 -2.078,
							      4.229 0 -2.164,
							      3.856 0 -1.903,
							      3.804 0 -2.078,
							      -4.198 0 -2.223,
							      -3.77 0 -2.067,
							      -4.246 0 -2.129,
							      3.804 0 -2.078,
							      -2.37 0 -2.177,
							      -2.227 0 -2.206,
							      3.675 0 -2.232,
							      3.804 0 -2.078,
							      -2.227 0 -2.206,
							      -3.702 0 -2.255,
							      -2.514 0 -2.206,
							      -2.37 0 -2.177,
							      -2.37 0 -2.177,
							      3.804 0 -2.078,
							      -3.77 0 -2.067,
							      -3.77 0 -2.067,
							      -3.702 0 -2.255,
							      -2.37 0 -2.177,
							      -2.636 0 -2.287,
							      -2.514 0 -2.206,
							      -3.702 0 -2.255,
							      -2.227 0 -2.206,
							      -2.105 0 -2.287,
							      3.675 0 -2.232,
							      4.128 0 -2.35,
							      4.179 0 -2.258,
							      4.229 0 -2.164,
							      3.804 0 -2.078,
							      4.128 0 -2.35,
							      4.229 0 -2.164,
							      -4.099 0 -2.4,
							      -3.576 0 -2.388,
							      -2.636 0 -2.287,
							      -3.702 0 -2.255,
							      -4.099 0 -2.4,
							      -2.636 0 -2.287,
							      -2.717 0 -2.408,
							      -2.636 0 -2.287,
							      -3.576 0 -2.388,
							      -2.105 0 -2.287,
							      -2.024 0 -2.408,
							      3.608 0 -2.402,
							      3.675 0 -2.232,
							      -2.105 0 -2.287,
							      3.608 0 -2.402,
							      4.024 0 -2.524,
							      3.675 0 -2.232,
							      3.608 0 -2.402,
							      3.467 0 -2.543,
							      3.608 0 -2.402,
							      -2.024 0 -2.408,
							      -2.024 0 -2.408,
							      -1.995 0 -2.552,
							      3.467 0 -2.543,
							      -3.491 0 -2.569,
							      -2.745 0 -2.552,
							      -2.717 0 -2.408,
							      -3.576 0 -2.388,
							      -3.491 0 -2.569,
							      -2.717 0 -2.408,
							      -3.576 0 -2.388,
							      -4.099 0 -2.4,
							      -4.045 0 -2.491,
							      -3.988 0 -2.58,
							      -3.576 0 -2.388,
							      -4.045 0 -2.491,
							      -2.745 0 -2.552,
							      -3.491 0 -2.569,
							      -3.354 0 -2.691,
							      -2.717 0 -2.695,
							      -2.745 0 -2.552,
							      -3.354 0 -2.691,
							      3.907 0 -2.701,
							      3.967 0 -2.613,
							      4.024 0 -2.524,
							      3.608 0 -2.402,
							      3.907 0 -2.701,
							      4.024 0 -2.524,
							      -3.491 0 -2.569,
							      -3.874 0 -2.748,
							      -3.354 0 -2.691,
							      -2.024 0 -2.695,
							      -2.105 0 -2.817,
							      3.385 0 -2.707,
							      3.232 0 -2.836,
							      3.385 0 -2.707,
							      -2.105 0 -2.817,
							      -3.254 0 -2.864,
							      -2.636 0 -2.817,
							      -2.717 0 -2.695,
							      -3.354 0 -2.691,
							      -3.254 0 -2.864,
							      -2.717 0 -2.695,
							      3.467 0 -2.543,
							      -1.995 0 -2.552,
							      -2.024 0 -2.695,
							      3.467 0 -2.543,
							      -2.024 0 -2.695,
							      3.385 0 -2.707,
							      3.789 0 -2.865,
							      3.467 0 -2.543,
							      3.385 0 -2.707,
							      -2.514 0 -2.898,
							      -2.636 0 -2.817,
							      -3.254 0 -2.864,
							      -2.105 0 -2.817,
							      -2.227 0 -2.898,
							      3.232 0 -2.836,
							      -3.354 0 -2.691,
							      -3.874 0 -2.748,
							      -3.812 0 -2.834,
							      -3.748 0 -2.918,
							      -3.354 0 -2.691,
							      -3.812 0 -2.834,
							      3.657 0 -3.031,
							      3.724 0 -2.949,
							      3.789 0 -2.865,
							      3.385 0 -2.707,
							      3.657 0 -3.031,
							      3.789 0 -2.865,
							      -3.107 0 -2.973,
							      -2.37 0 -2.927,
							      -2.514 0 -2.898,
							      -3.107 0 -2.973,
							      -2.514 0 -2.898,
							      -3.254 0 -2.864,
							      -3.254 0 -2.864,
							      -3.62 0 -3.075,
							      -3.107 0 -2.973,
							      -2.992 0 -3.136,
							      2.973 0 -3.107,
							      3.136 0 -2.992,
							      -3.107 0 -2.973,
							      -2.992 0 -3.136,
							      3.136 0 -2.992,
							      3.232 0 -2.836,
							      -2.227 0 -2.898,
							      -2.37 0 -2.927,
							      3.232 0 -2.836,
							      -2.37 0 -2.927,
							      -3.107 0 -2.973,
							      3.232 0 -2.836,
							      -3.107 0 -2.973,
							      3.136 0 -2.992,
							      3.524 0 -3.184,
							      3.232 0 -2.836,
							      3.136 0 -2.992,
							      -3.107 0 -2.973,
							      -3.62 0 -3.075,
							      -3.551 0 -3.155,
							      -3.479 0 -3.234,
							      -3.107 0 -2.973,
							      -3.551 0 -3.155,
							      3.379 0 -3.338,
							      3.453 0 -3.262,
							      3.524 0 -3.184,
							      3.136 0 -2.992,
							      3.379 0 -3.338,
							      3.524 0 -3.184,
							      -2.992 0 -3.136,
							      -3.338 0 -3.379,
							      -2.836 0 -3.232,
							      -2.707 0 -3.385,
							      2.691 0 -3.354,
							      2.864 0 -3.254,
							      -2.836 0 -3.232,
							      -2.707 0 -3.385,
							      2.864 0 -3.254,
							      2.973 0 -3.107,
							      -2.992 0 -3.136,
							      -2.836 0 -3.232,
							      2.973 0 -3.107,
							      -2.836 0 -3.232,
							      2.864 0 -3.254,
							      3.234 0 -3.479,
							      2.973 0 -3.107,
							      2.864 0 -3.254,
							      -2.836 0 -3.232,
							      -3.338 0 -3.379,
							      -3.262 0 -3.453,
							      -3.184 0 -3.524,
							      -2.836 0 -3.232,
							      -3.262 0 -3.453,
							      -2.402 0 -3.608,
							      2.388 0 -3.576,
							      2.569 0 -3.491,
							      -2.543 0 -3.467,
							      -2.402 0 -3.608,
							      2.569 0 -3.491,
							      3.075 0 -3.62,
							      3.155 0 -3.551,
							      3.234 0 -3.479,
							      2.864 0 -3.254,
							      3.075 0 -3.62,
							      3.234 0 -3.479,
							      -2.707 0 -3.385,
							      -3.031 0 -3.657,
							      -2.543 0 -3.467,
							      2.691 0 -3.354,
							      -2.707 0 -3.385,
							      -2.543 0 -3.467,
							      2.691 0 -3.354,
							      -2.543 0 -3.467,
							      2.569 0 -3.491,
							      2.918 0 -3.748,
							      2.691 0 -3.354,
							      2.569 0 -3.491,
							      -2.543 0 -3.467,
							      -3.031 0 -3.657,
							      -2.949 0 -3.724,
							      -2.865 0 -3.789,
							      -2.543 0 -3.467,
							      -2.949 0 -3.724,
							      -2.078 0 -3.804,
							      2.067 0 -3.77,
							      2.255 0 -3.702,
							      -2.232 0 -3.675,
							      -2.078 0 -3.804,
							      2.255 0 -3.702,
							      2.748 0 -3.874,
							      2.834 0 -3.812,
							      2.918 0 -3.748,
							      2.569 0 -3.491,
							      2.748 0 -3.874,
							      2.918 0 -3.748,
							      -2.402 0 -3.608,
							      -2.701 0 -3.907,
							      -2.232 0 -3.675,
							      -1.739 0 -3.971,
							      1.731 0 -3.936,
							      1.924 0 -3.884,
							      -1.903 0 -3.856,
							      -1.739 0 -3.971,
							      1.924 0 -3.884,
							      2.388 0 -3.576,
							      -2.402 0 -3.608,
							      -2.232 0 -3.675,
							      2.388 0 -3.576,
							      -2.232 0 -3.675,
							      2.255 0 -3.702,
							      2.58 0 -3.988,
							      2.388 0 -3.576,
							      2.255 0 -3.702,
							      -2.232 0 -3.675,
							      -2.701 0 -3.907,
							      -2.613 0 -3.967,
							      -2.524 0 -4.024,
							      -2.232 0 -3.675,
							      -2.613 0 -3.967,
							      2.4 0 -4.099,
							      2.491 0 -4.045,
							      2.58 0 -3.988,
							      2.255 0 -3.702,
							      2.4 0 -4.099,
							      2.58 0 -3.988,
							      -1.386 0 -4.107,
							      1.381 0 -4.072,
							      1.578 0 -4.037,
							      -1.559 0 -4.007,
							      -1.386 0 -4.107,
							      1.578 0 -4.037,
							      -2.078 0 -3.804,
							      -2.35 0 -4.128,
							      -1.903 0 -3.856,
							      2.067 0 -3.77,
							      -2.078 0 -3.804,
							      -1.903 0 -3.856,
							      2.067 0 -3.77,
							      -1.903 0 -3.856,
							      1.924 0 -3.884,
							      2.223 0 -4.198,
							      2.067 0 -3.77,
							      1.924 0 -3.884,
							      -1.023 0 -4.212,
							      1.021 0 -4.177,
							      1.22 0 -4.159,
							      -1.204 0 -4.128,
							      -1.023 0 -4.212,
							      1.22 0 -4.159,
							      -1.903 0 -3.856,
							      -2.35 0 -4.128,
							      -2.258 0 -4.179,
							      -2.164 0 -4.229,
							      -1.903 0 -3.856,
							      -2.258 0 -4.179,
							      -0.4692 0 -4.274,
							      0.653 0 -4.25,
							      -0.8399 0 -4.217,
							      -0.8399 0 -4.217,
							      -0.652 0 -4.285,
							      -0.4692 0 -4.274,
							      2.033 0 -4.293,
							      2.129 0 -4.246,
							      2.223 0 -4.198,
							      1.924 0 -3.884,
							      2.033 0 -4.293,
							      2.223 0 -4.198,
							      -1.739 0 -3.971,
							      -1.981 0 -4.317,
							      -1.559 0 -4.007,
							      -0.09488 0 -4.299,
							      0.2801 0 -4.291,
							      -0.4692 0 -4.274,
							      -0.4692 0 -4.274,
							      -0.276 0 -4.326,
							      -0.09488 0 -4.299,
							      1.731 0 -3.936,
							      -1.739 0 -3.971,
							      -1.559 0 -4.007,
							      1.731 0 -3.936,
							      -1.559 0 -4.007,
							      1.578 0 -4.037,
							      1.849 0 -4.376,
							      1.731 0 -3.936,
							      1.578 0 -4.037,
							      -1.559 0 -4.007,
							      -1.981 0 -4.317,
							      -1.885 0 -4.36,
							      -1.787 0 -4.401,
							      -1.559 0 -4.007,
							      -1.885 0 -4.36,
							      1.651 0 -4.454,
							      1.75 0 -4.416,
							      1.849 0 -4.376,
							      1.578 0 -4.037,
							      1.651 0 -4.454,
							      1.849 0 -4.376,
							      -1.386 0 -4.107,
							      -1.598 0 -4.473,
							      -1.204 0 -4.128,
							      1.381 0 -4.072,
							      -1.386 0 -4.107,
							      -1.204 0 -4.128,
							      1.381 0 -4.072,
							      -1.204 0 -4.128,
							      1.22 0 -4.159,
							      1.46 0 -4.52,
							      1.381 0 -4.072,
							      1.22 0 -4.159,
							      -1.204 0 -4.128,
							      -1.598 0 -4.473,
							      -1.498 0 -4.508,
							      -1.397 0 -4.54,
							      -1.204 0 -4.128,
							      -1.498 0 -4.508,
							      1.257 0 -4.581,
							      1.359 0 -4.551,
							      1.46 0 -4.52,
							      1.22 0 -4.159,
							      1.257 0 -4.581,
							      1.46 0 -4.52,
							      -1.023 0 -4.212,
							      -1.202 0 -4.595,
							      -0.8399 0 -4.217,
							      1.021 0 -4.177,
							      -1.023 0 -4.212,
							      -0.8399 0 -4.217,
							      1.021 0 -4.177,
							      -0.8399 0 -4.217,
							      0.653 0 -4.25,
							      1.021 0 -4.177,
							      0.653 0 -4.25,
							      0.853 0 -4.25,
							      1.061 0 -4.63,
							      1.021 0 -4.177,
							      0.853 0 -4.25,
							      -0.8399 0 -4.217,
							      -1.202 0 -4.595,
							      -1.099 0 -4.621,
							      -0.9955 0 -4.644,
							      -0.8399 0 -4.217,
							      -1.099 0 -4.621,
							      0.853 0 -4.673,
							      0.957 0 -4.653,
							      1.061 0 -4.63,
							      0.853 0 -4.25,
							      0.853 0 -4.673,
							      1.061 0 -4.63,
							      0.653 0 -4.25,
							      -0.4692 0 -4.274,
							      0.2801 0 -4.291,
							      0.653 0 -4.25,
							      0.2801 0 -4.291,
							      0.4794 0 -4.308,
							      0.653 0 -4.705,
							      0.653 0 -4.25,
							      0.4794 0 -4.308,
							      -0.4692 0 -4.274,
							      -0.652 0 -4.285,
							      -0.7966 0 -4.683,
							      -0.4692 0 -4.274,
							      -0.7966 0 -4.683,
							      -0.692 0 -4.699,
							      -0.5869 0 -4.714,
							      -0.4692 0 -4.274,
							      -0.692 0 -4.699,
							      0.4425 0 -4.729,
							      0.5478 0 -4.718,
							      0.653 0 -4.705,
							      0.4794 0 -4.308,
							      0.4425 0 -4.729,
							      0.653 0 -4.705,
							      0.2801 0 -4.291,
							      -0.09488 0 -4.299,
							      0.1021 0 -4.334,
							      0.2405 0 -4.744,
							      0.2801 0 -4.291,
							      0.1021 0 -4.334,
							      -0.09488 0 -4.299,
							      -0.276 0 -4.326,
							      -0.3854 0 -4.734,
							      -0.09488 0 -4.299,
							      -0.3854 0 -4.734,
							      -0.2798 0 -4.742,
							      -0.1739 0 -4.747,
							      -0.09488 0 -4.299,
							      -0.2798 0 -4.742,
							      0.02866 0 -4.75,
							      0.1345 0 -4.748,
							      0.2405 0 -4.744,
							      0.1021 0 -4.334,
							      0.02866 0 -4.75,
							      0.2405 0 -4.744 ]
				    }

				    ccw	TRUE
				    solid	FALSE
				    coordIndex	[ 0, 1, 2, -1, 3, 4, 5, -1,
						      6, 7, 8, -1, 9, 10, 11, -1,
						      12, 13, 14, -1, 15, 16, 17, -1,
						      18, 19, 20, -1, 21, 22, 23, -1,
						      24, 25, 26, -1, 27, 28, 29, -1,
						      30, 31, 32, -1, 33, 34, 35, -1,
						      36, 37, 38, -1, 39, 40, 41, -1,
						      42, 43, 44, -1, 45, 46, 47, -1,
						      48, 49, 50, -1, 51, 52, 53, -1,
						      54, 55, 56, -1, 57, 58, 59, -1,
						      60, 61, 62, -1, 63, 64, 65, -1,
						      66, 67, 68, -1, 69, 70, 71, -1,
						      72, 73, 74, -1, 75, 76, 77, -1,
						      78, 79, 80, -1, 81, 82, 83, -1,
						      84, 85, 86, -1, 87, 88, 89, -1,
						      90, 91, 92, -1, 93, 94, 95, -1,
						      96, 97, 98, -1, 99, 100, 101, -1,
						      102, 103, 104, -1, 105, 106, 107, -1,
						      108, 109, 110, -1, 111, 112, 113, -1,
						      114, 115, 116, -1, 117, 118, 119, -1,
						      120, 121, 122, -1, 123, 124, 125, -1,
						      126, 127, 128, -1, 129, 130, 131, -1,
						      132, 133, 134, -1, 135, 136, 137, -1,
						      138, 139, 140, -1, 141, 142, 143, -1,
						      144, 145, 146, -1, 147, 148, 149, -1,
						      150, 151, 152, -1, 153, 154, 155, -1,
						      156, 157, 158, -1, 159, 160, 161, -1,
						      162, 163, 164, -1, 165, 166, 167, -1,
						      168, 169, 170, -1, 171, 172, 173, -1,
						      174, 175, 176, -1, 177, 178, 179, -1,
						      180, 181, 182, -1, 183, 184, 185, -1,
						      186, 187, 188, -1, 189, 190, 191, -1,
						      192, 193, 194, -1, 195, 196, 197, -1,
						      198, 199, 200, -1, 201, 202, 203, -1,
						      204, 205, 206, -1, 207, 208, 209, -1,
						      210, 211, 212, -1, 213, 214, 215, -1,
						      216, 217, 218, -1, 219, 220, 221, -1,
						      222, 223, 224, -1, 225, 226, 227, -1,
						      228, 229, 230, -1, 231, 232, 233, -1,
						      234, 235, 236, -1, 237, 238, 239, -1,
						      240, 241, 242, -1, 243, 244, 245, -1,
						      246, 247, 248, -1, 249, 250, 251, -1,
						      252, 253, 254, -1, 255, 256, 257, -1,
						      258, 259, 260, -1, 261, 262, 263, -1,
						      264, 265, 266, -1, 267, 268, 269, -1,
						      270, 271, 272, -1, 273, 274, 275, -1,
						      276, 277, 278, -1, 279, 280, 281, -1,
						      282, 283, 284, -1, 285, 286, 287, -1,
						      288, 289, 290, -1, 291, 292, 293, -1,
						      294, 295, 296, -1, 297, 298, 299, -1,
						      300, 301, 302, -1, 303, 304, 305, -1,
						      306, 307, 308, -1, 309, 310, 311, -1,
						      312, 313, 314, -1, 315, 316, 317, -1,
						      318, 319, 320, -1, 321, 322, 323, -1,
						      324, 325, 326, -1, 327, 328, 329, -1,
						      330, 331, 332, -1, 333, 334, 335, -1,
						      336, 337, 338, -1, 339, 340, 341, -1,
						      342, 343, 344, -1, 345, 346, 347, -1,
						      348, 349, 350, -1, 351, 352, 353, -1,
						      354, 355, 356, -1, 357, 358, 359, -1,
						      360, 361, 362, -1, 363, 364, 365, -1,
						      366, 367, 368, -1, 369, 370, 371, -1,
						      372, 373, 374, -1, 375, 376, 377, -1,
						      378, 379, 380, -1, 381, 382, 383, -1,
						      384, 385, 386, -1, 387, 388, 389, -1,
						      390, 391, 392, -1, 393, 394, 395, -1,
						      396, 397, 398, -1, 399, 400, 401, -1,
						      402, 403, 404, -1, 405, 406, 407, -1,
						      408, 409, 410, -1, 411, 412, 413, -1,
						      414, 415, 416, -1, 417, 418, 419, -1,
						      420, 421, 422, -1, 423, 424, 425, -1,
						      426, 427, 428, -1, 429, 430, 431, -1,
						      432, 433, 434, -1, 435, 436, 437, -1,
						      438, 439, 440, -1, 441, 442, 443, -1,
						      444, 445, 446, -1, 447, 448, 449, -1,
						      450, 451, 452, -1, 453, 454, 455, -1,
						      456, 457, 458, -1, 459, 460, 461, -1,
						      462, 463, 464, -1, 465, 466, 467, -1,
						      468, 469, 470, -1, 471, 472, 473, -1,
						      474, 475, 476, -1, 477, 478, 479, -1,
						      480, 481, 482, -1, 483, 484, 485, -1,
						      486, 487, 488, -1, 489, 490, 491, -1,
						      492, 493, 494, -1, 495, 496, 497, -1,
						      498, 499, 500, -1, 501, 502, 503, -1,
						      504, 505, 506, -1, 507, 508, 509, -1,
						      510, 511, 512, -1, 513, 514, 515, -1,
						      516, 517, 518, -1, 519, 520, 521, -1,
						      522, 523, 524, -1, 525, 526, 527, -1,
						      528, 529, 530, -1, 531, 532, 533, -1,
						      534, 535, 536, -1, 537, 538, 539, -1,
						      540, 541, 542, -1, 543, 544, 545, -1,
						      546, 547, 548, -1, 549, 550, 551, -1,
						      552, 553, 554, -1, 555, 556, 557, -1,
						      558, 559, 560, -1, 561, 562, 563, -1,
						      564, 565, 566, -1, 567, 568, 569, -1,
						      570, 571, 572, -1, 573, 574, 575, -1,
						      576, 577, 578, -1, 579, 580, 581, -1,
						      582, 583, 584, -1, 585, 586, 587, -1,
						      588, 589, 590, -1, 591, 592, 593, -1,
						      594, 595, 596, -1, 597, 598, 599, -1,
						      600, 601, 602, -1, 603, 604, 605, -1,
						      606, 607, 608, -1, 609, 610, 611, -1,
						      612, 613, 614, -1, 615, 616, 617, -1,
						      618, 619, 620, -1, 621, 622, 623, -1,
						      624, 625, 626, -1, 627, 628, 629, -1,
						      630, 631, 632, -1, 633, 634, 635, -1,
						      636, 637, 638, -1, 639, 640, 641, -1,
						      642, 643, 644, -1, 645, 646, 647, -1,
						      648, 649, 650, -1, 651, 652, 653, -1,
						      654, 655, 656, -1, 657, 658, 659, -1,
						      660, 661, 662, -1, 663, 664, 665, -1,
						      666, 667, 668, -1, 669, 670, 671, -1,
						      672, 673, 674, -1, 675, 676, 677, -1,
						      678, 679, 680, -1, 681, 682, 683, -1,
						      684, 685, 686, -1, 687, 688, 689, -1,
						      690, 691, 692, -1, 693, 694, 695, -1,
						      696, 697, 698, -1, 699, 700, 701, -1,
						      702, 703, 704, -1, 705, 706, 707, -1,
						      708, 709, 710, -1, 711, 712, 713, -1,
						      714, 715, 716, -1, 717, 718, 719, -1,
						      720, 721, 722, -1, 723, 724, 725, -1,
						      726, 727, 728, -1, 729, 730, 731, -1,
						      732, 733, 734, -1, 735, 736, 737, -1,
						      738, 739, 740, -1, 741, 742, 743, -1,
						      744, 745, 746, -1, 747, 748, 749, -1,
						      750, 751, 752, -1, 753, 754, 755, -1,
						      756, 757, 758, -1, 759, 760, 761, -1,
						      762, 763, 764, -1, 765, 766, 767, -1,
						      768, 769, 770, -1, 771, 772, 773, -1,
						      774, 775, 776, -1, 777, 778, 779, -1,
						      780, 781, 782, -1, 783, 784, 785, -1,
						      786, 787, 788, -1, 789, 790, 791, -1,
						      792, 793, 794, -1, 795, 796, 797, -1,
						      798, 799, 800, -1, 801, 802, 803, -1,
						      804, 805, 806, -1, 807, 808, 809, -1,
						      810, 811, 812, -1, 813, 814, 815, -1,
						      816, 817, 818, -1, 819, 820, 821, -1,
						      822, 823, 824, -1, 825, 826, 827, -1,
						      828, 829, 830, -1, 831, 832, 833, -1,
						      834, 835, 836, -1, 837, 838, 839, -1,
						      840, 841, 842, -1, 843, 844, 845, -1,
						      846, 847, 848, -1, 849, 850, 851, -1,
						      852, 853, 854, -1, 855, 856, 857, -1,
						      858, 859, 860, -1, 861, 862, 863, -1,
						      864, 865, 866, -1, 867, 868, 869, -1,
						      870, 871, 872, -1, 873, 874, 875, -1,
						      876, 877, 878, -1, 879, 880, 881, -1,
						      882, 883, 884, -1, 885, 886, 887, -1,
						      888, 889, 890, -1, 891, 892, 893, -1,
						      894, 895, 896, -1, 897, 898, 899, -1,
						      900, 901, 902, -1, 903, 904, 905, -1,
						      906, 907, 908, -1, 909, 910, 911, -1,
						      912, 913, 914, -1, 915, 916, 917, -1,
						      918, 919, 920, -1, 921, 922, 923, -1,
						      924, 925, 926, -1, 927, 928, 929, -1,
						      930, 931, 932, -1, 933, 934, 935, -1,
						      936, 937, 938, -1, 939, 940, 941, -1,
						      942, 943, 944, -1, 945, 946, 947, -1,
						      948, 949, 950, -1, 951, 952, 953, -1,
						      954, 955, 956, -1, 957, 958, 959, -1,
						      960, 961, 962, -1, 963, 964, 965, -1,
						      966, 967, 968, -1, 969, 970, 971, -1,
						      972, 973, 974, -1, 975, 976, 977, -1,
						      978, 979, 980, -1, 981, 982, 983, -1,
						      984, 985, 986, -1, 987, 988, 989, -1,
						      990, 991, 992, -1, 993, 994, 995, -1,
						      996, 997, 998, -1, 999, 1000, 1001, -1,
						      1002, 1003, 1004, -1, 1005, 1006, 1007, -1,
						      1008, 1009, 1010, -1, 1011, 1012, 1013, -1,
						      1014, 1015, 1016, -1, 1017, 1018, 1019, -1,
						      1020, 1021, 1022, -1, 1023, 1024, 1025, -1,
						      1026, 1027, 1028, -1, 1029, 1030, 1031, -1,
						      1032, 1033, 1034, -1, 1035, 1036, 1037, -1,
						      1038, 1039, 1040, -1, 1041, 1042, 1043, -1,
						      1044, 1045, 1046, -1, 1047, 1048, 1049, -1,
						      1050, 1051, 1052, -1, 1053, 1054, 1055, -1,
						      1056, 1057, 1058, -1, 1059, 1060, 1061, -1,
						      1062, 1063, 1064, -1, 1065, 1066, 1067, -1,
						      1068, 1069, 1070, -1, 1071, 1072, 1073, -1,
						      1074, 1075, 1076, -1, 1077, 1078, 1079, -1,
						      1080, 1081, 1082, -1, 1083, 1084, 1085, -1,
						      1086, 1087, 1088, -1, 1089, 1090, 1091, -1,
						      1092, 1093, 1094, -1, 1095, 1096, 1097, -1,
						      1098, 1099, 1100, -1, 1101, 1102, 1103, -1,
						      1104, 1105, 1106, -1, 1107, 1108, 1109, -1,
						      1110, 1111, 1112, -1, 1113, 1114, 1115, -1,
						      1116, 1117, 1118, -1, 1119, 1120, 1121, -1,
						      1122, 1123, 1124, -1, 1125, 1126, 1127, -1 ]
			    }

		    }
	    }
	]
ROUTE group04-TIMER.fraction_changed TO group04-ROT-INTERP.set_fraction
ROUTE group04-ROT-INTERP.value_changed TO group04.set_rotation
}
DEF group05 Transform {
	translation	-0.02579 23.21 24.49
	children [ 
	    DEF group05-TIMER TimeSensor {
		    cycleInterval	1
		    loop	TRUE
	    }

	    DEF group05-ROT-INTERP OrientationInterpolator {
		    key	[ 0, 0.03, 0.06, 0.09,
				      0.12, 0.15, 0.18, 0.21,
				      0.24, 0.27, 0.3, 0.33,
				      0.36, 0.39, 0.42, 0.45,
				      0.48, 0.51, 0.54, 0.57,
				      0.6, 0.63, 0.66, 0.69,
				      0.72, 0.75, 0.78, 0.81,
				      0.84, 0.87, 0.9, 0.93,
				      0.96, 0.99, 1 ]
		    keyValue	[ 0 0 1  0,
				      0 0 1  0.0637903,
				      0 0 1  0.2389,
				      0 0 1  0.5008,
				      0 0 1  0.8252,
				      0 0 1  1.188,
				      0 0 1  1.563,
				      0 0 1  1.929,
				      0 0 -1  4.025,
				      0 0 -1  3.738,
				      0 0 -1  3.456,
				      0 0 -1  3.173,
				      0 0 -1  2.89,
				      0 0 -1  2.608,
				      0 0 -1  2.325,
				      0 0 -1  2.042,
				      0 0 -1  1.759,
				      0 0 -1  1.477,
				      0 0 -1  1.194,
				      0 0 -1  0.9111,
				      0 0 -1  0.6283,
				      0 0 -1  0.3456,
				      0 0 -1  0.0628298,
				      0 0 1  0.2199,
				      0 0 1  0.5027,
				      0 0 1  0.7854,
				      0 0 1  1.098,
				      0 0 1  1.454,
				      0 0 1  1.829,
				      0 0 -1  4.085,
				      0 0 -1  3.745,
				      0 0 -1  3.459,
				      0 0 -1  3.253,
				      0 0 -1  3.149,
				      0 0 -1  3.142 ]
	    }

	    DEF VIFS938 Transform {
		    translation	0 0 0.25
		    rotation	1 0 0  1.571
		    children Shape {
			    appearance	Appearance {
				    material	Material {
					    ambientIntensity	1
					    diffuseColor	0.8588 0.8 0.7765
					    shininess	0.62
					    specularColor	0.9 0.9 0.9
				    }

			    }

			    geometry	DEF VIFS938-FACES IndexedFaceSet {
				    coord	DEF VIFS938-COORD Coordinate {
					    point	[ -0.75 -1.5 0,
							      -0.7047 -1.5 0.2566,
							      -0.75 0 0,
							      -0.7047 0 0.2566,
							      -0.75 0 0,
							      -0.7047 -1.5 0.2566,
							      -0.7047 -1.5 0.2566,
							      -0.5746 -1.5 0.482,
							      -0.7047 0 0.2566,
							      -0.5745 0 0.4821,
							      -0.7047 0 0.2566,
							      -0.5746 -1.5 0.482,
							      -0.5746 -1.5 0.482,
							      -0.375 -1.5 0.6495,
							      -0.5745 0 0.4821,
							      -0.3751 0 0.6495,
							      -0.5745 0 0.4821,
							      -0.375 -1.5 0.6495,
							      -0.375 -1.5 0.6495,
							      -0.1301 -1.5 0.7386,
							      -0.3751 0 0.6495,
							      -0.1303 0 0.7386,
							      -0.3751 0 0.6495,
							      -0.1301 -1.5 0.7386,
							      -0.1301 -1.5 0.7386,
							      0.1301 -1.5 0.7386,
							      -0.1303 0 0.7386,
							      0.1303 0 0.7386,
							      -0.1303 0 0.7386,
							      0.1301 -1.5 0.7386,
							      0.1301 -1.5 0.7386,
							      0.375 -1.5 0.6495,
							      0.1303 0 0.7386,
							      0.3751 0 0.6495,
							      0.1303 0 0.7386,
							      0.375 -1.5 0.6495,
							      0.375 -1.5 0.6495,
							      0.5746 -1.5 0.482,
							      0.3751 0 0.6495,
							      0.5745 0 0.4821,
							      0.3751 0 0.6495,
							      0.5746 -1.5 0.482,
							      0.5746 -1.5 0.482,
							      0.7047 -1.5 0.2566,
							      0.5745 0 0.4821,
							      0.7047 0 0.2566,
							      0.5745 0 0.4821,
							      0.7047 -1.5 0.2566,
							      0.7047 -1.5 0.2566,
							      0.75 -1.5 0,
							      0.7047 0 0.2566,
							      0.75 0 0,
							      0.7047 0 0.2566,
							      0.75 -1.5 0 ]
				    }

				    ccw	TRUE
				    solid	FALSE
				    coordIndex	[ 0, 1, 2, -1, 3, 4, 5, -1,
						      6, 7, 8, -1, 9, 10, 11, -1,
						      12, 13, 14, -1, 15, 16, 17, -1,
						      18, 19, 20, -1, 21, 22, 23, -1,
						      24, 25, 26, -1, 27, 28, 29, -1,
						      30, 31, 32, -1, 33, 34, 35, -1,
						      36, 37, 38, -1, 39, 40, 41, -1,
						      42, 43, 44, -1, 45, 46, 47, -1,
						      48, 49, 50, -1, 51, 52, 53, -1 ]
			    }

		    }
	    }

	    DEF VIFS937 Transform {
		    translation	0 0 0.25
		    rotation	1 0 0  1.571
		    children Shape {
			    appearance	Appearance {
				    material	Material {
					    ambientIntensity	1
					    diffuseColor	0.8588 0.8 0.7765
					    shininess	0.62
					    specularColor	0.9 0.9 0.9
				    }

			    }

			    geometry	DEF VIFS937-FACES IndexedFaceSet {
				    coord	DEF VIFS937-COORD Coordinate {
					    point	[ 0.75 -1.5 0,
							      0.7047 -1.5 -0.2566,
							      0.75 0 0,
							      0.7047 0 -0.2566,
							      0.75 0 0,
							      0.7047 -1.5 -0.2566,
							      0.7047 -1.5 -0.2566,
							      0.5746 -1.5 -0.482,
							      0.7047 0 -0.2566,
							      0.5745 0 -0.4821,
							      0.7047 0 -0.2566,
							      0.5746 -1.5 -0.482,
							      0.5746 -1.5 -0.482,
							      0.375 -1.5 -0.6495,
							      0.5745 0 -0.4821,
							      0.3751 0 -0.6495,
							      0.5745 0 -0.4821,
							      0.375 -1.5 -0.6495,
							      0.375 -1.5 -0.6495,
							      0.1301 -1.5 -0.7386,
							      0.3751 0 -0.6495,
							      0.1303 0 -0.7386,
							      0.3751 0 -0.6495,
							      0.1301 -1.5 -0.7386,
							      0.1301 -1.5 -0.7386,
							      -0.1301 -1.5 -0.7386,
							      0.1303 0 -0.7386,
							      -0.1303 0 -0.7386,
							      0.1303 0 -0.7386,
							      -0.1301 -1.5 -0.7386,
							      -0.1301 -1.5 -0.7386,
							      -0.375 -1.5 -0.6495,
							      -0.1303 0 -0.7386,
							      -0.3751 0 -0.6495,
							      -0.1303 0 -0.7386,
							      -0.375 -1.5 -0.6495,
							      -0.375 -1.5 -0.6495,
							      -0.5746 -1.5 -0.482,
							      -0.3751 0 -0.6495,
							      -0.5745 0 -0.4821,
							      -0.3751 0 -0.6495,
							      -0.5746 -1.5 -0.482,
							      -0.5746 -1.5 -0.482,
							      -0.7047 -1.5 -0.2566,
							      -0.5745 0 -0.4821,
							      -0.7047 0 -0.2566,
							      -0.5745 0 -0.4821,
							      -0.7047 -1.5 -0.2566,
							      -0.7047 -1.5 -0.2566,
							      -0.75 -1.5 0,
							      -0.7047 0 -0.2566,
							      -0.75 0 0,
							      -0.7047 0 -0.2566,
							      -0.75 -1.5 0 ]
				    }

				    ccw	TRUE
				    solid	FALSE
				    coordIndex	[ 0, 1, 2, -1, 3, 4, 5, -1,
						      6, 7, 8, -1, 9, 10, 11, -1,
						      12, 13, 14, -1, 15, 16, 17, -1,
						      18, 19, 20, -1, 21, 22, 23, -1,
						      24, 25, 26, -1, 27, 28, 29, -1,
						      30, 31, 32, -1, 33, 34, 35, -1,
						      36, 37, 38, -1, 39, 40, 41, -1,
						      42, 43, 44, -1, 45, 46, 47, -1,
						      48, 49, 50, -1, 51, 52, 53, -1 ]
			    }

		    }
	    }

	    DEF VIFS936 Transform {
		    translation	0 0 0.25
		    rotation	1 0 0  1.571
		    children Shape {
			    appearance	Appearance {
				    material	Material {
					    ambientIntensity	1
					    diffuseColor	0.8588 0.8 0.7765
					    shininess	0.62
					    specularColor	0.9 0.9 0.9
				    }

			    }

			    geometry	DEF VIFS936-FACES IndexedFaceSet {
				    coord	DEF VIFS936-COORD Coordinate {
					    point	[ 0.1301 -1.5 -0.7386,
							      0.375 -1.5 -0.6495,
							      -0.1301 -1.5 -0.7386,
							      -0.375 -1.5 -0.6495,
							      -0.1301 -1.5 -0.7386,
							      0.375 -1.5 -0.6495,
							      0.375 -1.5 -0.6495,
							      0.5746 -1.5 -0.482,
							      -0.375 -1.5 -0.6495,
							      -0.5746 -1.5 -0.482,
							      -0.375 -1.5 -0.6495,
							      0.5746 -1.5 -0.482,
							      0.5746 -1.5 -0.482,
							      0.7047 -1.5 -0.2566,
							      -0.5746 -1.5 -0.482,
							      -0.7047 -1.5 -0.2566,
							      -0.5746 -1.5 -0.482,
							      0.7047 -1.5 -0.2566,
							      0.7047 -1.5 -0.2566,
							      0.75 -1.5 0,
							      -0.7047 -1.5 -0.2566,
							      -0.75 -1.5 0,
							      -0.7047 -1.5 -0.2566,
							      0.75 -1.5 0,
							      0.75 -1.5 0,
							      0.7047 -1.5 0.2566,
							      -0.75 -1.5 0,
							      -0.7047 -1.5 0.2566,
							      -0.75 -1.5 0,
							      0.7047 -1.5 0.2566,
							      0.7047 -1.5 0.2566,
							      0.5746 -1.5 0.482,
							      -0.7047 -1.5 0.2566,
							      -0.5746 -1.5 0.482,
							      -0.7047 -1.5 0.2566,
							      0.5746 -1.5 0.482,
							      0.5746 -1.5 0.482,
							      0.375 -1.5 0.6495,
							      -0.5746 -1.5 0.482,
							      -0.375 -1.5 0.6495,
							      -0.5746 -1.5 0.482,
							      0.375 -1.5 0.6495,
							      0.375 -1.5 0.6495,
							      0.1301 -1.5 0.7386,
							      -0.375 -1.5 0.6495,
							      -0.1301 -1.5 0.7386,
							      -0.375 -1.5 0.6495,
							      0.1301 -1.5 0.7386 ]
				    }

				    ccw	TRUE
				    solid	FALSE
				    coordIndex	[ 0, 1, 2, -1, 3, 4, 5, -1,
						      6, 7, 8, -1, 9, 10, 11, -1,
						      12, 13, 14, -1, 15, 16, 17, -1,
						      18, 19, 20, -1, 21, 22, 23, -1,
						      24, 25, 26, -1, 27, 28, 29, -1,
						      30, 31, 32, -1, 33, 34, 35, -1,
						      36, 37, 38, -1, 39, 40, 41, -1,
						      42, 43, 44, -1, 45, 46, 47, -1 ]
			    }

		    }
	    }

	    DEF VIFS935 Transform {
		    translation	0 0 0.25
		    rotation	1 0 0  1.571
		    children Shape {
			    appearance	Appearance {
				    material	Material {
					    ambientIntensity	1
					    diffuseColor	0.8588 0.8 0.7765
					    shininess	0.62
					    specularColor	0.9 0.9 0.9
				    }

			    }

			    geometry	DEF VIFS935-FACES IndexedFaceSet {
				    coord	DEF VIFS935-COORD Coordinate {
					    point	[ 0.7858 1 -3.445,
							      0.6663 0.5013 -3.69,
							      0.5267 0 -3.713,
							      0.5053 0 -3.469,
							      0.7858 1 -3.445,
							      0.5267 0 -3.713,
							      0.8048 1 -3.663,
							      0.6663 0.5013 -3.69,
							      0.7858 1 -3.445 ]
				    }

				    ccw	TRUE
				    solid	FALSE
				    coordIndex	[ 0, 1, 2, -1, 3, 4, 5, -1,
						      6, 7, 8, -1 ]
			    }

		    }
	    }

	    DEF VIFS934 Transform {
		    translation	0 0 0.25
		    rotation	1 0 0  1.571
		    children Shape {
			    appearance	Appearance {
				    material	Material {
					    ambientIntensity	1
					    diffuseColor	0.8588 0.8 0.7765
					    shininess	0.62
					    specularColor	0.9 0.9 0.9
				    }

			    }

			    geometry	DEF VIFS934-FACES IndexedFaceSet {
				    coord	DEF VIFS934-COORD Coordinate {
					    point	[ 0.305 0 -3.487,
							      0.4669 0.5005 -3.721,
							      0.6063 1 -3.701,
							      0.5855 1 -3.462,
							      0.305 0 -3.487,
							      0.6063 1 -3.701,
							      0.3268 0 -3.736,
							      0.4669 0.5005 -3.721,
							      0.305 0 -3.487 ]
				    }

				    ccw	TRUE
				    solid	FALSE
				    coordIndex	[ 0, 1, 2, -1, 3, 4, 5, -1,
						      6, 7, 8, -1 ]
			    }

		    }
	    }

	    DEF VIFS933 Transform {
		    translation	0 0 0.25
		    rotation	1 0 0  1.571
		    children Shape {
			    appearance	Appearance {
				    material	Material {
					    ambientIntensity	1
					    diffuseColor	0.8588 0.8 0.7765
					    shininess	0.62
					    specularColor	0.9 0.9 0.9
				    }

			    }

			    geometry	DEF VIFS933-FACES IndexedFaceSet {
				    coord	DEF VIFS933-COORD Coordinate {
					    point	[ 0.305 0 -3.487,
							      0.5855 1 -3.462,
							      0.5053 0 -3.469,
							      0.7858 1 -3.445,
							      0.5053 0 -3.469,
							      0.5855 1 -3.462 ]
				    }

				    ccw	TRUE
				    solid	FALSE
				    coordIndex	[ 0, 1, 2, -1, 3, 4, 5, -1 ]
			    }

		    }
	    }

	    DEF VIFS932 Transform {
		    translation	0 0 0.25
		    rotation	1 0 0  1.571
		    children Shape {
			    appearance	Appearance {
				    material	Material {
					    ambientIntensity	1
					    diffuseColor	0.8588 0.8 0.7765
					    shininess	0.62
					    specularColor	0.9 0.9 0.9
				    }

			    }

			    geometry	DEF VIFS932-FACES IndexedFaceSet {
				    coord	DEF VIFS932-COORD Coordinate {
					    point	[ 1.083 1 -3.363,
							      0.9854 0.5013 -3.618,
							      0.8482 0 -3.653,
							      0.8058 0 -3.412,
							      1.083 1 -3.363,
							      0.8482 0 -3.653,
							      1.121 1 -3.579,
							      0.9854 0.5013 -3.618,
							      1.083 1 -3.363 ]
				    }

				    ccw	TRUE
				    solid	FALSE
				    coordIndex	[ 0, 1, 2, -1, 3, 4, 5, -1,
						      6, 7, 8, -1 ]
			    }

		    }
	    }

	    DEF VIFS931 Transform {
		    translation	0 0 0.25
		    rotation	1 0 0  1.571
		    children Shape {
			    appearance	Appearance {
				    material	Material {
					    ambientIntensity	1
					    diffuseColor	0.8588 0.8 0.7765
					    shininess	0.62
					    specularColor	0.9 0.9 0.9
				    }

			    }

			    geometry	DEF VIFS931-FACES IndexedFaceSet {
				    coord	DEF VIFS931-COORD Coordinate {
					    point	[ 0.6078 0 -3.447,
							      0.7895 0.5005 -3.666,
							      0.9265 1 -3.634,
							      0.885 1 -3.398,
							      0.6078 0 -3.447,
							      0.9265 1 -3.634,
							      0.6512 0 -3.693,
							      0.7895 0.5005 -3.666,
							      0.6078 0 -3.447 ]
				    }

				    ccw	TRUE
				    solid	FALSE
				    coordIndex	[ 0, 1, 2, -1, 3, 4, 5, -1,
						      6, 7, 8, -1 ]
			    }

		    }
	    }

	    DEF VIFS930 Transform {
		    translation	0 0 0.25
		    rotation	1 0 0  1.571
		    children Shape {
			    appearance	Appearance {
				    material	Material {
					    ambientIntensity	1
					    diffuseColor	0.8588 0.8 0.7765
					    shininess	0.62
					    specularColor	0.9 0.9 0.9
				    }

			    }

			    geometry	DEF VIFS930-FACES IndexedFaceSet {
				    coord	DEF VIFS930-COORD Coordinate {
					    point	[ 0.6078 0 -3.447,
							      0.885 1 -3.398,
							      0.8058 0 -3.412,
							      1.083 1 -3.363,
							      0.8058 0 -3.412,
							      0.885 1 -3.398 ]
				    }

				    ccw	TRUE
				    solid	FALSE
				    coordIndex	[ 0, 1, 2, -1, 3, 4, 5, -1 ]
			    }

		    }
	    }

	    DEF VIFS929 Transform {
		    translation	0 0 0.25
		    rotation	1 0 0  1.571
		    children Shape {
			    appearance	Appearance {
				    material	Material {
					    ambientIntensity	1
					    diffuseColor	0.8588 0.8 0.7765
					    shininess	0.62
					    specularColor	0.9 0.9 0.9
				    }

			    }

			    geometry	DEF VIFS929-FACES IndexedFaceSet {
				    coord	DEF VIFS929-COORD Coordinate {
					    point	[ 1.372 1 -3.256,
							      1.297 0.5013 -3.519,
							      1.163 0 -3.565,
							      1.1 0 -3.329,
							      1.372 1 -3.256,
							      1.163 0 -3.565,
							      1.429 1 -3.467,
							      1.297 0.5013 -3.519,
							      1.372 1 -3.256 ]
				    }

				    ccw	TRUE
				    solid	FALSE
				    coordIndex	[ 0, 1, 2, -1, 3, 4, 5, -1,
						      6, 7, 8, -1 ]
			    }

		    }
	    }

	    DEF VIFS928 Transform {
		    translation	0 0 0.25
		    rotation	1 0 0  1.571
		    children Shape {
			    appearance	Appearance {
				    material	Material {
					    ambientIntensity	1
					    diffuseColor	0.8588 0.8 0.7765
					    shininess	0.62
					    specularColor	0.9 0.9 0.9
				    }

			    }

			    geometry	DEF VIFS928-FACES IndexedFaceSet {
				    coord	DEF VIFS928-COORD Coordinate {
					    point	[ 0.9059 0 -3.381,
							      1.106 0.5005 -3.583,
							      1.24 1 -3.539,
							      1.178 1 -3.308,
							      0.9059 0 -3.381,
							      1.24 1 -3.539,
							      0.9706 0 -3.622,
							      1.106 0.5005 -3.583,
							      0.9059 0 -3.381 ]
				    }

				    ccw	TRUE
				    solid	FALSE
				    coordIndex	[ 0, 1, 2, -1, 3, 4, 5, -1,
						      6, 7, 8, -1 ]
			    }

		    }
	    }

	    DEF VIFS927 Transform {
		    translation	0 0 0.25
		    rotation	1 0 0  1.571
		    children Shape {
			    appearance	Appearance {
				    material	Material {
					    ambientIntensity	1
					    diffuseColor	0.8588 0.8 0.7765
					    shininess	0.62
					    specularColor	0.9 0.9 0.9
				    }

			    }

			    geometry	DEF VIFS927-FACES IndexedFaceSet {
				    coord	DEF VIFS927-COORD Coordinate {
					    point	[ 0.9059 0 -3.381,
							      1.178 1 -3.308,
							      1.1 0 -3.329,
							      1.372 1 -3.256,
							      1.1 0 -3.329,
							      1.178 1 -3.308 ]
				    }

				    ccw	TRUE
				    solid	FALSE
				    coordIndex	[ 0, 1, 2, -1, 3, 4, 5, -1 ]
			    }

		    }
	    }

	    DEF VIFS926 Transform {
		    translation	0 0 0.25
		    rotation	1 0 0  1.571
		    children Shape {
			    appearance	Appearance {
				    material	Material {
					    ambientIntensity	1
					    diffuseColor	0.8588 0.8 0.7765
					    shininess	0.62
					    specularColor	0.9 0.9 0.9
				    }

			    }

			    geometry	DEF VIFS926-FACES IndexedFaceSet {
				    coord	DEF VIFS926-COORD Coordinate {
					    point	[ 1.651 1 -3.124,
							      1.599 0.5013 -3.392,
							      1.47 0 -3.45,
							      1.386 0 -3.22,
							      1.651 1 -3.124,
							      1.47 0 -3.45,
							      1.725 1 -3.329,
							      1.599 0.5013 -3.392,
							      1.651 1 -3.124 ]
				    }

				    ccw	TRUE
				    solid	FALSE
				    coordIndex	[ 0, 1, 2, -1, 3, 4, 5, -1,
						      6, 7, 8, -1 ]
			    }

		    }
	    }

	    DEF VIFS925 Transform {
		    translation	0 0 0.25
		    rotation	1 0 0  1.571
		    children Shape {
			    appearance	Appearance {
				    material	Material {
					    ambientIntensity	1
					    diffuseColor	0.8588 0.8 0.7765
					    shininess	0.62
					    specularColor	0.9 0.9 0.9
				    }

			    }

			    geometry	DEF VIFS925-FACES IndexedFaceSet {
				    coord	DEF VIFS925-COORD Coordinate {
					    point	[ 1.197 0 -3.289,
							      1.414 0.5005 -3.473,
							      1.543 1 -3.418,
							      1.462 1 -3.193,
							      1.197 0 -3.289,
							      1.543 1 -3.418,
							      1.283 0 -3.524,
							      1.414 0.5005 -3.473,
							      1.197 0 -3.289 ]
				    }

				    ccw	TRUE
				    solid	FALSE
				    coordIndex	[ 0, 1, 2, -1, 3, 4, 5, -1,
						      6, 7, 8, -1 ]
			    }

		    }
	    }

	    DEF VIFS924 Transform {
		    translation	0 0 0.25
		    rotation	1 0 0  1.571
		    children Shape {
			    appearance	Appearance {
				    material	Material {
					    ambientIntensity	1
					    diffuseColor	0.8588 0.8 0.7765
					    shininess	0.62
					    specularColor	0.9 0.9 0.9
				    }

			    }

			    geometry	DEF VIFS924-FACES IndexedFaceSet {
				    coord	DEF VIFS924-COORD Coordinate {
					    point	[ 1.197 0 -3.289,
							      1.462 1 -3.193,
							      1.386 0 -3.22,
							      1.651 1 -3.124,
							      1.386 0 -3.22,
							      1.462 1 -3.193 ]
				    }

				    ccw	TRUE
				    solid	FALSE
				    coordIndex	[ 0, 1, 2, -1, 3, 4, 5, -1 ]
			    }

		    }
	    }

	    DEF VIFS923 Transform {
		    translation	0 0 0.25
		    rotation	1 0 0  1.571
		    children Shape {
			    appearance	Appearance {
				    material	Material {
					    ambientIntensity	1
					    diffuseColor	0.8588 0.8 0.7765
					    shininess	0.62
					    specularColor	0.9 0.9 0.9
				    }

			    }

			    geometry	DEF VIFS923-FACES IndexedFaceSet {
				    coord	DEF VIFS923-COORD Coordinate {
					    point	[ 1.916 1 -2.968,
							      1.888 0.5013 -3.24,
							      1.765 0 -3.309,
							      1.661 0 -3.087,
							      1.916 1 -2.968,
							      1.765 0 -3.309,
							      2.009 1 -3.166,
							      1.888 0.5013 -3.24,
							      1.916 1 -2.968 ]
				    }

				    ccw	TRUE
				    solid	FALSE
				    coordIndex	[ 0, 1, 2, -1, 3, 4, 5, -1,
						      6, 7, 8, -1 ]
			    }

		    }
	    }

	    DEF VIFS922 Transform {
		    translation	0 0 0.25
		    rotation	1 0 0  1.571
		    children Shape {
			    appearance	Appearance {
				    material	Material {
					    ambientIntensity	1
					    diffuseColor	0.8588 0.8 0.7765
					    shininess	0.62
					    specularColor	0.9 0.9 0.9
				    }

			    }

			    geometry	DEF VIFS922-FACES IndexedFaceSet {
				    coord	DEF VIFS922-COORD Coordinate {
					    point	[ 1.479 0 -3.172,
							      1.711 0.5005 -3.337,
							      1.835 1 -3.27,
							      1.734 1 -3.053,
							      1.479 0 -3.172,
							      1.835 1 -3.27,
							      1.585 0 -3.399,
							      1.711 0.5005 -3.337,
							      1.479 0 -3.172 ]
				    }

				    ccw	TRUE
				    solid	FALSE
				    coordIndex	[ 0, 1, 2, -1, 3, 4, 5, -1,
						      6, 7, 8, -1 ]
			    }

		    }
	    }

	    DEF VIFS921 Transform {
		    translation	0 0 0.25
		    rotation	1 0 0  1.571
		    children Shape {
			    appearance	Appearance {
				    material	Material {
					    ambientIntensity	1
					    diffuseColor	0.8588 0.8 0.7765
					    shininess	0.62
					    specularColor	0.9 0.9 0.9
				    }

			    }

			    geometry	DEF VIFS921-FACES IndexedFaceSet {
				    coord	DEF VIFS921-COORD Coordinate {
					    point	[ 1.479 0 -3.172,
							      1.734 1 -3.053,
							      1.661 0 -3.087,
							      1.916 1 -2.968,
							      1.661 0 -3.087,
							      1.734 1 -3.053 ]
				    }

				    ccw	TRUE
				    solid	FALSE
				    coordIndex	[ 0, 1, 2, -1, 3, 4, 5, -1 ]
			    }

		    }
	    }

	    DEF VIFS920 Transform {
		    translation	0 0 0.25
		    rotation	1 0 0  1.571
		    children Shape {
			    appearance	Appearance {
				    material	Material {
					    ambientIntensity	1
					    diffuseColor	0.8588 0.8 0.7765
					    shininess	0.62
					    specularColor	0.9 0.9 0.9
				    }

			    }

			    geometry	DEF VIFS920-FACES IndexedFaceSet {
				    coord	DEF VIFS920-COORD Coordinate {
					    point	[ 2.168 1 -2.79,
							      2.164 0.5013 -3.063,
							      2.046 0 -3.142,
							      1.924 0 -2.931,
							      2.168 1 -2.79,
							      2.046 0 -3.142,
							      2.277 1 -2.979,
							      2.164 0.5013 -3.063,
							      2.168 1 -2.79 ]
				    }

				    ccw	TRUE
				    solid	FALSE
				    coordIndex	[ 0, 1, 2, -1, 3, 4, 5, -1,
						      6, 7, 8, -1 ]
			    }

		    }
	    }

	    DEF VIFS919 Transform {
		    translation	0 0 0.25
		    rotation	1 0 0  1.571
		    children Shape {
			    appearance	Appearance {
				    material	Material {
					    ambientIntensity	1
					    diffuseColor	0.8588 0.8 0.7765
					    shininess	0.62
					    specularColor	0.9 0.9 0.9
				    }

			    }

			    geometry	DEF VIFS919-FACES IndexedFaceSet {
				    coord	DEF VIFS919-COORD Coordinate {
					    point	[ 1.75 0 -3.031,
							      1.996 0.5005 -3.175,
							      2.113 1 -3.098,
							      1.994 1 -2.89,
							      1.75 0 -3.031,
							      2.113 1 -3.098,
							      1.875 0 -3.248,
							      1.996 0.5005 -3.175,
							      1.75 0 -3.031 ]
				    }

				    ccw	TRUE
				    solid	FALSE
				    coordIndex	[ 0, 1, 2, -1, 3, 4, 5, -1,
						      6, 7, 8, -1 ]
			    }

		    }
	    }

	    DEF VIFS918 Transform {
		    translation	0 0 0.25
		    rotation	1 0 0  1.571
		    children Shape {
			    appearance	Appearance {
				    material	Material {
					    ambientIntensity	1
					    diffuseColor	0.8588 0.8 0.7765
					    shininess	0.62
					    specularColor	0.9 0.9 0.9
				    }

			    }

			    geometry	DEF VIFS918-FACES IndexedFaceSet {
				    coord	DEF VIFS918-COORD Coordinate {
					    point	[ 1.75 0 -3.031,
							      1.994 1 -2.89,
							      1.924 0 -2.931,
							      2.168 1 -2.79,
							      1.924 0 -2.931,
							      1.994 1 -2.89 ]
				    }

				    ccw	TRUE
				    solid	FALSE
				    coordIndex	[ 0, 1, 2, -1, 3, 4, 5, -1 ]
			    }

		    }
	    }

	    DEF VIFS917 Transform {
		    translation	0 0 0.25
		    rotation	1 0 0  1.571
		    children Shape {
			    appearance	Appearance {
				    material	Material {
					    ambientIntensity	1
					    diffuseColor	0.8588 0.8 0.7765
					    shininess	0.62
					    specularColor	0.9 0.9 0.9
				    }

			    }

			    geometry	DEF VIFS917-FACES IndexedFaceSet {
				    coord	DEF VIFS917-COORD Coordinate {
					    point	[ 2.403 1 -2.59,
							      2.422 0.5013 -2.863,
							      2.313 0 -2.952,
							      2.172 0 -2.752,
							      2.403 1 -2.59,
							      2.313 0 -2.952,
							      2.528 1 -2.769,
							      2.422 0.5013 -2.863,
							      2.403 1 -2.59 ]
				    }

				    ccw	TRUE
				    solid	FALSE
				    coordIndex	[ 0, 1, 2, -1, 3, 4, 5, -1,
						      6, 7, 8, -1 ]
			    }

		    }
	    }

	    DEF VIFS916 Transform {
		    translation	0 0 0.25
		    rotation	1 0 0  1.571
		    children Shape {
			    appearance	Appearance {
				    material	Material {
					    ambientIntensity	1
					    diffuseColor	0.8588 0.8 0.7765
					    shininess	0.62
					    specularColor	0.9 0.9 0.9
				    }

			    }

			    geometry	DEF VIFS916-FACES IndexedFaceSet {
				    coord	DEF VIFS916-COORD Coordinate {
					    point	[ 2.008 0 -2.867,
							      2.265 0.5005 -2.989,
							      2.375 1 -2.902,
							      2.238 1 -2.706,
							      2.008 0 -2.867,
							      2.375 1 -2.902,
							      2.151 0 -3.072,
							      2.265 0.5005 -2.989,
							      2.008 0 -2.867 ]
				    }

				    ccw	TRUE
				    solid	FALSE
				    coordIndex	[ 0, 1, 2, -1, 3, 4, 5, -1,
						      6, 7, 8, -1 ]
			    }

		    }
	    }

	    DEF VIFS915 Transform {
		    translation	0 0 0.25
		    rotation	1 0 0  1.571
		    children Shape {
			    appearance	Appearance {
				    material	Material {
					    ambientIntensity	1
					    diffuseColor	0.8588 0.8 0.7765
					    shininess	0.62
					    specularColor	0.9 0.9 0.9
				    }

			    }

			    geometry	DEF VIFS915-FACES IndexedFaceSet {
				    coord	DEF VIFS915-COORD Coordinate {
					    point	[ 2.008 0 -2.867,
							      2.238 1 -2.706,
							      2.172 0 -2.752,
							      2.403 1 -2.59,
							      2.172 0 -2.752,
							      2.238 1 -2.706 ]
				    }

				    ccw	TRUE
				    solid	FALSE
				    coordIndex	[ 0, 1, 2, -1, 3, 4, 5, -1 ]
			    }

		    }
	    }

	    DEF VIFS914 Transform {
		    translation	0 0 0.25
		    rotation	1 0 0  1.571
		    children Shape {
			    appearance	Appearance {
				    material	Material {
					    ambientIntensity	1
					    diffuseColor	0.8588 0.8 0.7765
					    shininess	0.62
					    specularColor	0.9 0.9 0.9
				    }

			    }

			    geometry	DEF VIFS914-FACES IndexedFaceSet {
				    coord	DEF VIFS914-COORD Coordinate {
					    point	[ 2.619 1 -2.371,
							      2.663 0.5013 -2.641,
							      2.561 0 -2.739,
							      2.404 0 -2.552,
							      2.619 1 -2.371,
							      2.561 0 -2.739,
							      2.76 1 -2.539,
							      2.663 0.5013 -2.641,
							      2.619 1 -2.371 ]
				    }

				    ccw	TRUE
				    solid	FALSE
				    coordIndex	[ 0, 1, 2, -1, 3, 4, 5, -1,
						      6, 7, 8, -1 ]
			    }

		    }
	    }

	    DEF VIFS913 Transform {
		    translation	0 0 0.25
		    rotation	1 0 0  1.571
		    children Shape {
			    appearance	Appearance {
				    material	Material {
					    ambientIntensity	1
					    diffuseColor	0.8588 0.8 0.7765
					    shininess	0.62
					    specularColor	0.9 0.9 0.9
				    }

			    }

			    geometry	DEF VIFS913-FACES IndexedFaceSet {
				    coord	DEF VIFS913-COORD Coordinate {
					    point	[ 2.25 0 -2.681,
							      2.517 0.5005 -2.78,
							      2.619 1 -2.684,
							      2.465 1 -2.5,
							      2.25 0 -2.681,
							      2.619 1 -2.684,
							      2.41 0 -2.873,
							      2.517 0.5005 -2.78,
							      2.25 0 -2.681 ]
				    }

				    ccw	TRUE
				    solid	FALSE
				    coordIndex	[ 0, 1, 2, -1, 3, 4, 5, -1,
						      6, 7, 8, -1 ]
			    }

		    }
	    }

	    DEF VIFS912 Transform {
		    translation	0 0 0.25
		    rotation	1 0 0  1.571
		    children Shape {
			    appearance	Appearance {
				    material	Material {
					    ambientIntensity	1
					    diffuseColor	0.8588 0.8 0.7765
					    shininess	0.62
					    specularColor	0.9 0.9 0.9
				    }

			    }

			    geometry	DEF VIFS912-FACES IndexedFaceSet {
				    coord	DEF VIFS912-COORD Coordinate {
					    point	[ 2.25 0 -2.681,
							      2.465 1 -2.5,
							      2.404 0 -2.552,
							      2.619 1 -2.371,
							      2.404 0 -2.552,
							      2.465 1 -2.5 ]
				    }

				    ccw	TRUE
				    solid	FALSE
				    coordIndex	[ 0, 1, 2, -1, 3, 4, 5, -1 ]
			    }

		    }
	    }

	    DEF VIFS911 Transform {
		    translation	0 0 0.25
		    rotation	1 0 0  1.571
		    children Shape {
			    appearance	Appearance {
				    material	Material {
					    ambientIntensity	1
					    diffuseColor	0.8588 0.8 0.7765
					    shininess	0.62
					    specularColor	0.9 0.9 0.9
				    }

			    }

			    geometry	DEF VIFS911-FACES IndexedFaceSet {
				    coord	DEF VIFS911-COORD Coordinate {
					    point	[ 2.816 1 -2.134,
							      2.883 0.5013 -2.399,
							      2.79 0 -2.506,
							      2.617 0 -2.333,
							      2.816 1 -2.134,
							      2.79 0 -2.506,
							      2.971 1 -2.288,
							      2.883 0.5013 -2.399,
							      2.816 1 -2.134 ]
				    }

				    ccw	TRUE
				    solid	FALSE
				    coordIndex	[ 0, 1, 2, -1, 3, 4, 5, -1,
						      6, 7, 8, -1 ]
			    }

		    }
	    }

	    DEF VIFS910 Transform {
		    translation	0 0 0.25
		    rotation	1 0 0  1.571
		    children Shape {
			    appearance	Appearance {
				    material	Material {
					    ambientIntensity	1
					    diffuseColor	0.8588 0.8 0.7765
					    shininess	0.62
					    specularColor	0.9 0.9 0.9
				    }

			    }

			    geometry	DEF VIFS910-FACES IndexedFaceSet {
				    coord	DEF VIFS910-COORD Coordinate {
					    point	[ 2.475 0 -2.475,
							      2.749 0.5005 -2.55,
							      2.843 1 -2.445,
							      2.674 1 -2.276,
							      2.475 0 -2.475,
							      2.843 1 -2.445,
							      2.652 0 -2.652,
							      2.749 0.5005 -2.55,
							      2.475 0 -2.475 ]
				    }

				    ccw	TRUE
				    solid	FALSE
				    coordIndex	[ 0, 1, 2, -1, 3, 4, 5, -1,
						      6, 7, 8, -1 ]
			    }

		    }
	    }

	    DEF VIFS909 Transform {
		    translation	0 0 0.25
		    rotation	1 0 0  1.571
		    children Shape {
			    appearance	Appearance {
				    material	Material {
					    ambientIntensity	1
					    diffuseColor	0.8588 0.8 0.7765
					    shininess	0.62
					    specularColor	0.9 0.9 0.9
				    }

			    }

			    geometry	DEF VIFS909-FACES IndexedFaceSet {
				    coord	DEF VIFS909-COORD Coordinate {
					    point	[ 2.475 0 -2.475,
							      2.674 1 -2.276,
							      2.617 0 -2.333,
							      2.816 1 -2.134,
							      2.617 0 -2.333,
							      2.674 1 -2.276 ]
				    }

				    ccw	TRUE
				    solid	FALSE
				    coordIndex	[ 0, 1, 2, -1, 3, 4, 5, -1 ]
			    }

		    }
	    }

	    DEF VIFS908 Transform {
		    translation	0 0 0.25
		    rotation	1 0 0  1.571
		    children Shape {
			    appearance	Appearance {
				    material	Material {
					    ambientIntensity	1
					    diffuseColor	0.8588 0.8 0.7765
					    shininess	0.62
					    specularColor	0.9 0.9 0.9
				    }

			    }

			    geometry	DEF VIFS908-FACES IndexedFaceSet {
				    coord	DEF VIFS908-COORD Coordinate {
					    point	[ 2.991 1 -1.88,
							      3.081 0.5013 -2.138,
							      2.998 0 -2.253,
							      2.81 0 -2.096,
							      2.991 1 -1.88,
							      2.998 0 -2.253,
							      3.159 1 -2.021,
							      3.081 0.5013 -2.138,
							      2.991 1 -1.88 ]
				    }

				    ccw	TRUE
				    solid	FALSE
				    coordIndex	[ 0, 1, 2, -1, 3, 4, 5, -1,
						      6, 7, 8, -1 ]
			    }

		    }
	    }

	    DEF VIFS907 Transform {
		    translation	0 0 0.25
		    rotation	1 0 0  1.571
		    children Shape {
			    appearance	Appearance {
				    material	Material {
					    ambientIntensity	1
					    diffuseColor	0.8588 0.8 0.7765
					    shininess	0.62
					    specularColor	0.9 0.9 0.9
				    }

			    }

			    geometry	DEF VIFS907-FACES IndexedFaceSet {
				    coord	DEF VIFS907-COORD Coordinate {
					    point	[ 2.681 0 -2.25,
							      2.961 0.5005 -2.301,
							      3.046 1 -2.188,
							      2.862 1 -2.034,
							      2.681 0 -2.25,
							      3.046 1 -2.188,
							      2.873 0 -2.41,
							      2.961 0.5005 -2.301,
							      2.681 0 -2.25 ]
				    }

				    ccw	TRUE
				    solid	FALSE
				    coordIndex	[ 0, 1, 2, -1, 3, 4, 5, -1,
						      6, 7, 8, -1 ]
			    }

		    }
	    }

	    DEF VIFS906 Transform {
		    translation	0 0 0.25
		    rotation	1 0 0  1.571
		    children Shape {
			    appearance	Appearance {
				    material	Material {
					    ambientIntensity	1
					    diffuseColor	0.8588 0.8 0.7765
					    shininess	0.62
					    specularColor	0.9 0.9 0.9
				    }

			    }

			    geometry	DEF VIFS906-FACES IndexedFaceSet {
				    coord	DEF VIFS906-COORD Coordinate {
					    point	[ 2.681 0 -2.25,
							      2.862 1 -2.034,
							      2.81 0 -2.096,
							      2.991 1 -1.88,
							      2.81 0 -2.096,
							      2.862 1 -2.034 ]
				    }

				    ccw	TRUE
				    solid	FALSE
				    coordIndex	[ 0, 1, 2, -1, 3, 4, 5, -1 ]
			    }

		    }
	    }

	    DEF VIFS905 Transform {
		    translation	0 0 0.25
		    rotation	1 0 0  1.571
		    children Shape {
			    appearance	Appearance {
				    material	Material {
					    ambientIntensity	1
					    diffuseColor	0.8588 0.8 0.7765
					    shininess	0.62
					    specularColor	0.9 0.9 0.9
				    }

			    }

			    geometry	DEF VIFS905-FACES IndexedFaceSet {
				    coord	DEF VIFS905-COORD Coordinate {
					    point	[ 3.144 1 -1.612,
							      3.255 0.5013 -1.862,
							      3.183 0 -1.983,
							      2.982 0 -1.843,
							      3.144 1 -1.612,
							      3.183 0 -1.983,
							      3.323 1 -1.738,
							      3.255 0.5013 -1.862,
							      3.144 1 -1.612 ]
				    }

				    ccw	TRUE
				    solid	FALSE
				    coordIndex	[ 0, 1, 2, -1, 3, 4, 5, -1,
						      6, 7, 8, -1 ]
			    }

		    }
	    }

	    DEF VIFS904 Transform {
		    translation	0 0 0.25
		    rotation	1 0 0  1.571
		    children Shape {
			    appearance	Appearance {
				    material	Material {
					    ambientIntensity	1
					    diffuseColor	0.8588 0.8 0.7765
					    shininess	0.62
					    specularColor	0.9 0.9 0.9
				    }

			    }

			    geometry	DEF VIFS904-FACES IndexedFaceSet {
				    coord	DEF VIFS904-COORD Coordinate {
					    point	[ 2.867 0 -2.008,
							      3.15 0.5005 -2.034,
							      3.225 1 -1.914,
							      3.028 1 -1.777,
							      2.867 0 -2.008,
							      3.225 1 -1.914,
							      3.072 0 -2.151,
							      3.15 0.5005 -2.034,
							      2.867 0 -2.008 ]
				    }

				    ccw	TRUE
				    solid	FALSE
				    coordIndex	[ 0, 1, 2, -1, 3, 4, 5, -1,
						      6, 7, 8, -1 ]
			    }

		    }
	    }

	    DEF VIFS903 Transform {
		    translation	0 0 0.25
		    rotation	1 0 0  1.571
		    children Shape {
			    appearance	Appearance {
				    material	Material {
					    ambientIntensity	1
					    diffuseColor	0.8588 0.8 0.7765
					    shininess	0.62
					    specularColor	0.9 0.9 0.9
				    }

			    }

			    geometry	DEF VIFS903-FACES IndexedFaceSet {
				    coord	DEF VIFS903-COORD Coordinate {
					    point	[ 2.867 0 -2.008,
							      3.028 1 -1.777,
							      2.982 0 -1.843,
							      3.144 1 -1.612,
							      2.982 0 -1.843,
							      3.028 1 -1.777 ]
				    }

				    ccw	TRUE
				    solid	FALSE
				    coordIndex	[ 0, 1, 2, -1, 3, 4, 5, -1 ]
			    }

		    }
	    }

	    DEF VIFS902 Transform {
		    translation	0 0 0.25
		    rotation	1 0 0  1.571
		    children Shape {
			    appearance	Appearance {
				    material	Material {
					    ambientIntensity	1
					    diffuseColor	0.8588 0.8 0.7765
					    shininess	0.62
					    specularColor	0.9 0.9 0.9
				    }

			    }

			    geometry	DEF VIFS902-FACES IndexedFaceSet {
				    coord	DEF VIFS902-COORD Coordinate {
					    point	[ 3.272 1 -1.332,
							      3.405 0.5013 -1.571,
							      3.343 0 -1.698,
							      3.132 0 -1.576,
							      3.272 1 -1.332,
							      3.343 0 -1.698,
							      3.462 1 -1.441,
							      3.405 0.5013 -1.571,
							      3.272 1 -1.332 ]
				    }

				    ccw	TRUE
				    solid	FALSE
				    coordIndex	[ 0, 1, 2, -1, 3, 4, 5, -1,
						      6, 7, 8, -1 ]
			    }

		    }
	    }

	    DEF VIFS901 Transform {
		    translation	0 0 0.25
		    rotation	1 0 0  1.571
		    children Shape {
			    appearance	Appearance {
				    material	Material {
					    ambientIntensity	1
					    diffuseColor	0.8588 0.8 0.7765
					    shininess	0.62
					    specularColor	0.9 0.9 0.9
				    }

			    }

			    geometry	DEF VIFS901-FACES IndexedFaceSet {
				    coord	DEF VIFS901-COORD Coordinate {
					    point	[ 3.031 0 -1.75,
							      3.316 0.5005 -1.752,
							      3.379 1 -1.626,
							      3.172 1 -1.506,
							      3.031 0 -1.75,
							      3.379 1 -1.626,
							      3.248 0 -1.875,
							      3.316 0.5005 -1.752,
							      3.031 0 -1.75 ]
				    }

				    ccw	TRUE
				    solid	FALSE
				    coordIndex	[ 0, 1, 2, -1, 3, 4, 5, -1,
						      6, 7, 8, -1 ]
			    }

		    }
	    }

	    DEF VIFS900 Transform {
		    translation	0 0 0.25
		    rotation	1 0 0  1.571
		    children Shape {
			    appearance	Appearance {
				    material	Material {
					    ambientIntensity	1
					    diffuseColor	0.8588 0.8 0.7765
					    shininess	0.62
					    specularColor	0.9 0.9 0.9
				    }

			    }

			    geometry	DEF VIFS900-FACES IndexedFaceSet {
				    coord	DEF VIFS900-COORD Coordinate {
					    point	[ 3.031 0 -1.75,
							      3.172 1 -1.506,
							      3.132 0 -1.576,
							      3.272 1 -1.332,
							      3.132 0 -1.576,
							      3.172 1 -1.506 ]
				    }

				    ccw	TRUE
				    solid	FALSE
				    coordIndex	[ 0, 1, 2, -1, 3, 4, 5, -1 ]
			    }

		    }
	    }

	    DEF VIFS899 Transform {
		    translation	0 0 0.25
		    rotation	1 0 0  1.571
		    children Shape {
			    appearance	Appearance {
				    material	Material {
					    ambientIntensity	1
					    diffuseColor	0.8588 0.8 0.7765
					    shininess	0.62
					    specularColor	0.9 0.9 0.9
				    }

			    }

			    geometry	DEF VIFS899-FACES IndexedFaceSet {
				    coord	DEF VIFS899-COORD Coordinate {
					    point	[ 3.376 1 -1.042,
							      3.529 0.5013 -1.268,
							      3.479 0 -1.4,
							      3.257 0 -1.297,
							      3.376 1 -1.042,
							      3.479 0 -1.4,
							      3.574 1 -1.134,
							      3.529 0.5013 -1.268,
							      3.376 1 -1.042 ]
				    }

				    ccw	TRUE
				    solid	FALSE
				    coordIndex	[ 0, 1, 2, -1, 3, 4, 5, -1,
						      6, 7, 8, -1 ]
			    }

		    }
	    }

	    DEF VIFS898 Transform {
		    translation	0 0 0.25
		    rotation	1 0 0  1.571
		    children Shape {
			    appearance	Appearance {
				    material	Material {
					    ambientIntensity	1
					    diffuseColor	0.8588 0.8 0.7765
					    shininess	0.62
					    specularColor	0.9 0.9 0.9
				    }

			    }

			    geometry	DEF VIFS898-FACES IndexedFaceSet {
				    coord	DEF VIFS898-COORD Coordinate {
					    point	[ 3.172 0 -1.479,
							      3.456 0.5005 -1.456,
							      3.508 1 -1.325,
							      3.291 1 -1.224,
							      3.172 0 -1.479,
							      3.508 1 -1.325,
							      3.399 0 -1.585,
							      3.456 0.5005 -1.456,
							      3.172 0 -1.479 ]
				    }

				    ccw	TRUE
				    solid	FALSE
				    coordIndex	[ 0, 1, 2, -1, 3, 4, 5, -1,
						      6, 7, 8, -1 ]
			    }

		    }
	    }

	    DEF VIFS897 Transform {
		    translation	0 0 0.25
		    rotation	1 0 0  1.571
		    children Shape {
			    appearance	Appearance {
				    material	Material {
					    ambientIntensity	1
					    diffuseColor	0.8588 0.8 0.7765
					    shininess	0.62
					    specularColor	0.9 0.9 0.9
				    }

			    }

			    geometry	DEF VIFS897-FACES IndexedFaceSet {
				    coord	DEF VIFS897-COORD Coordinate {
					    point	[ 3.172 0 -1.479,
							      3.291 1 -1.224,
							      3.257 0 -1.297,
							      3.376 1 -1.042,
							      3.257 0 -1.297,
							      3.291 1 -1.224 ]
				    }

				    ccw	TRUE
				    solid	FALSE
				    coordIndex	[ 0, 1, 2, -1, 3, 4, 5, -1 ]
			    }

		    }
	    }

	    DEF VIFS896 Transform {
		    translation	0 0 0.25
		    rotation	1 0 0  1.571
		    children Shape {
			    appearance	Appearance {
				    material	Material {
					    ambientIntensity	1
					    diffuseColor	0.8588 0.8 0.7765
					    shininess	0.62
					    specularColor	0.9 0.9 0.9
				    }

			    }

			    geometry	DEF VIFS896-FACES IndexedFaceSet {
				    coord	DEF VIFS896-COORD Coordinate {
					    point	[ 3.454 1 -0.7436,
							      3.626 0.5013 -0.9557,
							      3.588 0 -1.092,
							      3.358 0 -1.008,
							      3.454 1 -0.7436,
							      3.588 0 -1.092,
							      3.66 1 -0.8184,
							      3.626 0.5013 -0.9557,
							      3.454 1 -0.7436 ]
				    }

				    ccw	TRUE
				    solid	FALSE
				    coordIndex	[ 0, 1, 2, -1, 3, 4, 5, -1,
						      6, 7, 8, -1 ]
			    }

		    }
	    }

	    DEF VIFS895 Transform {
		    translation	0 0 0.25
		    rotation	1 0 0  1.571
		    children Shape {
			    appearance	Appearance {
				    material	Material {
					    ambientIntensity	1
					    diffuseColor	0.8588 0.8 0.7765
					    shininess	0.62
					    specularColor	0.9 0.9 0.9
				    }

			    }

			    geometry	DEF VIFS895-FACES IndexedFaceSet {
				    coord	DEF VIFS895-COORD Coordinate {
					    point	[ 3.289 0 -1.197,
							      3.57 0.5005 -1.149,
							      3.61 1 -1.014,
							      3.385 1 -0.9326,
							      3.289 0 -1.197,
							      3.61 1 -1.014,
							      3.524 0 -1.283,
							      3.57 0.5005 -1.149,
							      3.289 0 -1.197 ]
				    }

				    ccw	TRUE
				    solid	FALSE
				    coordIndex	[ 0, 1, 2, -1, 3, 4, 5, -1,
						      6, 7, 8, -1 ]
			    }

		    }
	    }

	    DEF VIFS894 Transform {
		    translation	0 0 0.25
		    rotation	1 0 0  1.571
		    children Shape {
			    appearance	Appearance {
				    material	Material {
					    ambientIntensity	1
					    diffuseColor	0.8588 0.8 0.7765
					    shininess	0.62
					    specularColor	0.9 0.9 0.9
				    }

			    }

			    geometry	DEF VIFS894-FACES IndexedFaceSet {
				    coord	DEF VIFS894-COORD Coordinate {
					    point	[ 3.289 0 -1.197,
							      3.385 1 -0.9326,
							      3.358 0 -1.008,
							      3.454 1 -0.7436,
							      3.358 0 -1.008,
							      3.385 1 -0.9326 ]
				    }

				    ccw	TRUE
				    solid	FALSE
				    coordIndex	[ 0, 1, 2, -1, 3, 4, 5, -1 ]
			    }

		    }
	    }

	    DEF VIFS893 Transform {
		    translation	0 0 0.25
		    rotation	1 0 0  1.571
		    children Shape {
			    appearance	Appearance {
				    material	Material {
					    ambientIntensity	1
					    diffuseColor	0.8588 0.8 0.7765
					    shininess	0.62
					    specularColor	0.9 0.9 0.9
				    }

			    }

			    geometry	DEF VIFS893-FACES IndexedFaceSet {
				    coord	DEF VIFS893-COORD Coordinate {
					    point	[ 3.506 1 -0.4397,
							      3.696 0.5013 -0.636,
							      3.669 0 -0.775,
							      3.433 0 -0.7117,
							      3.506 1 -0.4397,
							      3.669 0 -0.775,
							      3.717 1 -0.4964,
							      3.696 0.5013 -0.636,
							      3.506 1 -0.4397 ]
				    }

				    ccw	TRUE
				    solid	FALSE
				    coordIndex	[ 0, 1, 2, -1, 3, 4, 5, -1,
						      6, 7, 8, -1 ]
			    }

		    }
	    }

	    DEF VIFS892 Transform {
		    translation	0 0 0.25
		    rotation	1 0 0  1.571
		    children Shape {
			    appearance	Appearance {
				    material	Material {
					    ambientIntensity	1
					    diffuseColor	0.8588 0.8 0.7765
					    shininess	0.62
					    specularColor	0.9 0.9 0.9
				    }

			    }

			    geometry	DEF VIFS892-FACES IndexedFaceSet {
				    coord	DEF VIFS892-COORD Coordinate {
					    point	[ 3.381 0 -0.9059,
							      3.656 0.5005 -0.8338,
							      3.685 1 -0.6959,
							      3.454 1 -0.634,
							      3.381 0 -0.9059,
							      3.685 1 -0.6959,
							      3.622 0 -0.9706,
							      3.656 0.5005 -0.8338,
							      3.381 0 -0.9059 ]
				    }

				    ccw	TRUE
				    solid	FALSE
				    coordIndex	[ 0, 1, 2, -1, 3, 4, 5, -1,
						      6, 7, 8, -1 ]
			    }

		    }
	    }

	    DEF VIFS891 Transform {
		    translation	0 0 0.25
		    rotation	1 0 0  1.571
		    children Shape {
			    appearance	Appearance {
				    material	Material {
					    ambientIntensity	1
					    diffuseColor	0.8588 0.8 0.7765
					    shininess	0.62
					    specularColor	0.9 0.9 0.9
				    }

			    }

			    geometry	DEF VIFS891-FACES IndexedFaceSet {
				    coord	DEF VIFS891-COORD Coordinate {
					    point	[ 3.381 0 -0.9059,
							      3.454 1 -0.634,
							      3.433 0 -0.7117,
							      3.506 1 -0.4397,
							      3.433 0 -0.7117,
							      3.454 1 -0.634 ]
				    }

				    ccw	TRUE
				    solid	FALSE
				    coordIndex	[ 0, 1, 2, -1, 3, 4, 5, -1 ]
			    }

		    }
	    }

	    DEF VIFS890 Transform {
		    translation	0 0 0.25
		    rotation	1 0 0  1.571
		    children Shape {
			    appearance	Appearance {
				    material	Material {
					    ambientIntensity	1
					    diffuseColor	0.8588 0.8 0.7765
					    shininess	0.62
					    specularColor	0.9 0.9 0.9
				    }

			    }

			    geometry	DEF VIFS890-FACES IndexedFaceSet {
				    coord	DEF VIFS890-COORD Coordinate {
					    point	[ 3.531 1 -0.1325,
							      3.737 0.5013 -0.3115,
							      3.723 0 -0.4522,
							      3.482 0 -0.4098,
							      3.531 1 -0.1325,
							      3.723 0 -0.4522,
							      3.746 1 -0.1705,
							      3.737 0.5013 -0.3115,
							      3.531 1 -0.1325 ]
				    }

				    ccw	TRUE
				    solid	FALSE
				    coordIndex	[ 0, 1, 2, -1, 3, 4, 5, -1,
						      6, 7, 8, -1 ]
			    }

		    }
	    }

	    DEF VIFS889 Transform {
		    translation	0 0 0.25
		    rotation	1 0 0  1.571
		    children Shape {
			    appearance	Appearance {
				    material	Material {
					    ambientIntensity	1
					    diffuseColor	0.8588 0.8 0.7765
					    shininess	0.62
					    specularColor	0.9 0.9 0.9
				    }

			    }

			    geometry	DEF VIFS889-FACES IndexedFaceSet {
				    coord	DEF VIFS889-COORD Coordinate {
					    point	[ 3.447 0 -0.6078,
							      3.715 0.5005 -0.512,
							      3.731 1 -0.3721,
							      3.496 1 -0.3305,
							      3.447 0 -0.6078,
							      3.731 1 -0.3721,
							      3.693 0 -0.6512,
							      3.715 0.5005 -0.512,
							      3.447 0 -0.6078 ]
				    }

				    ccw	TRUE
				    solid	FALSE
				    coordIndex	[ 0, 1, 2, -1, 3, 4, 5, -1,
						      6, 7, 8, -1 ]
			    }

		    }
	    }

	    DEF VIFS888 Transform {
		    translation	0 0 0.25
		    rotation	1 0 0  1.571
		    children Shape {
			    appearance	Appearance {
				    material	Material {
					    ambientIntensity	1
					    diffuseColor	0.8588 0.8 0.7765
					    shininess	0.62
					    specularColor	0.9 0.9 0.9
				    }

			    }

			    geometry	DEF VIFS888-FACES IndexedFaceSet {
				    coord	DEF VIFS888-COORD Coordinate {
					    point	[ 3.447 0 -0.6078,
							      3.496 1 -0.3305,
							      3.482 0 -0.4098,
							      3.531 1 -0.1325,
							      3.482 0 -0.4098,
							      3.496 1 -0.3305 ]
				    }

				    ccw	TRUE
				    solid	FALSE
				    coordIndex	[ 0, 1, 2, -1, 3, 4, 5, -1 ]
			    }

		    }
	    }

	    DEF VIFS887 Transform {
		    translation	0 0 0.25
		    rotation	1 0 0  1.571
		    children Shape {
			    appearance	Appearance {
				    material	Material {
					    ambientIntensity	1
					    diffuseColor	0.8588 0.8 0.7765
					    shininess	0.62
					    specularColor	0.9 0.9 0.9
				    }

			    }

			    geometry	DEF VIFS887-FACES IndexedFaceSet {
				    coord	DEF VIFS887-COORD Coordinate {
					    point	[ 3.529 1 0.1757,
							      3.75 0.5013 0.01539,
							      3.748 0 -0.1261,
							      3.504 0 -0.1047,
							      3.529 1 0.1757,
							      3.748 0 -0.1261,
							      3.747 1 0.1566,
							      3.75 0.5013 0.01539,
							      3.529 1 0.1757 ]
				    }

				    ccw	TRUE
				    solid	FALSE
				    coordIndex	[ 0, 1, 2, -1, 3, 4, 5, -1,
						      6, 7, 8, -1 ]
			    }

		    }
	    }

	    DEF VIFS886 Transform {
		    translation	0 0 0.25
		    rotation	1 0 0  1.571
		    children Shape {
			    appearance	Appearance {
				    material	Material {
					    ambientIntensity	1
					    diffuseColor	0.8588 0.8 0.7765
					    shininess	0.62
					    specularColor	0.9 0.9 0.9
				    }

			    }

			    geometry	DEF VIFS886-FACES IndexedFaceSet {
				    coord	DEF VIFS886-COORD Coordinate {
					    point	[ 3.487 0 -0.305,
							      3.745 0.5005 -0.1862,
							      3.75 1 -0.04549,
							      3.511 1 -0.02462,
							      3.487 0 -0.305,
							      3.75 1 -0.04549,
							      3.736 0 -0.3268,
							      3.745 0.5005 -0.1862,
							      3.487 0 -0.305 ]
				    }

				    ccw	TRUE
				    solid	FALSE
				    coordIndex	[ 0, 1, 2, -1, 3, 4, 5, -1,
						      6, 7, 8, -1 ]
			    }

		    }
	    }

	    DEF VIFS885 Transform {
		    translation	0 0 0.25
		    rotation	1 0 0  1.571
		    children Shape {
			    appearance	Appearance {
				    material	Material {
					    ambientIntensity	1
					    diffuseColor	0.8588 0.8 0.7765
					    shininess	0.62
					    specularColor	0.9 0.9 0.9
				    }

			    }

			    geometry	DEF VIFS885-FACES IndexedFaceSet {
				    coord	DEF VIFS885-COORD Coordinate {
					    point	[ 3.487 0 -0.305,
							      3.511 1 -0.02462,
							      3.504 0 -0.1047,
							      3.529 1 0.1757,
							      3.504 0 -0.1047,
							      3.511 1 -0.02462 ]
				    }

				    ccw	TRUE
				    solid	FALSE
				    coordIndex	[ 0, 1, 2, -1, 3, 4, 5, -1 ]
			    }

		    }
	    }

	    DEF VIFS884 Transform {
		    translation	0 0 0.25
		    rotation	1 0 0  1.571
		    children Shape {
			    appearance	Appearance {
				    material	Material {
					    ambientIntensity	1
					    diffuseColor	0.8588 0.8 0.7765
					    shininess	0.62
					    specularColor	0.9 0.9 0.9
				    }

			    }

			    geometry	DEF VIFS884-FACES IndexedFaceSet {
				    coord	DEF VIFS884-COORD Coordinate {
					    point	[ 3.5 1 0.4825,
							      3.734 0.5013 0.3422,
							      3.745 0 0.2011,
							      3.5 0 0.2011,
							      3.5 1 0.4825,
							      3.745 0 0.2011,
							      3.719 1 0.4825,
							      3.734 0.5013 0.3422,
							      3.5 1 0.4825 ]
				    }

				    ccw	TRUE
				    solid	FALSE
				    coordIndex	[ 0, 1, 2, -1, 3, 4, 5, -1,
						      6, 7, 8, -1 ]
			    }

		    }
	    }

	    DEF VIFS883 Transform {
		    translation	0 0 0.25
		    rotation	1 0 0  1.571
		    children Shape {
			    appearance	Appearance {
				    material	Material {
					    ambientIntensity	1
					    diffuseColor	0.8588 0.8 0.7765
					    shininess	0.62
					    specularColor	0.9 0.9 0.9
				    }

			    }

			    geometry	DEF VIFS883-FACES IndexedFaceSet {
				    coord	DEF VIFS883-COORD Coordinate {
					    point	[ 3.5 0 0,
							      3.747 0.5005 0.1409,
							      3.739 1 0.2815,
							      3.5 1 0.2815,
							      3.5 0 0,
							      3.739 1 0.2815,
							      3.75 0 0,
							      3.747 0.5005 0.1409,
							      3.5 0 0 ]
				    }

				    ccw	TRUE
				    solid	FALSE
				    coordIndex	[ 0, 1, 2, -1, 3, 4, 5, -1,
						      6, 7, 8, -1 ]
			    }

		    }
	    }

	    DEF VIFS882 Transform {
		    translation	0 0 0.25
		    rotation	1 0 0  1.571
		    children Shape {
			    appearance	Appearance {
				    material	Material {
					    ambientIntensity	1
					    diffuseColor	0.8588 0.8 0.7765
					    shininess	0.62
					    specularColor	0.9 0.9 0.9
				    }

			    }

			    geometry	DEF VIFS882-FACES IndexedFaceSet {
				    coord	DEF VIFS882-COORD Coordinate {
					    point	[ 3.5 0 0,
							      3.5 1 0.2815,
							      3.5 0 0.2011,
							      3.5 1 0.4825,
							      3.5 0 0.2011,
							      3.5 1 0.2815 ]
				    }

				    ccw	TRUE
				    solid	FALSE
				    coordIndex	[ 0, 1, 2, -1, 3, 4, 5, -1 ]
			    }

		    }
	    }

	    DEF VIFS881 Transform {
		    translation	0 0 0.25
		    rotation	1 0 0  1.571
		    children Shape {
			    appearance	Appearance {
				    material	Material {
					    ambientIntensity	1
					    diffuseColor	0.8588 0.8 0.7765
					    shininess	0.62
					    specularColor	0.9 0.9 0.9
				    }

			    }

			    geometry	DEF VIFS881-FACES IndexedFaceSet {
				    coord	DEF VIFS881-COORD Coordinate {
					    point	[ 3.445 1 0.7858,
							      3.69 0.5013 0.6663,
							      3.713 0 0.5267,
							      3.469 0 0.5053,
							      3.445 1 0.7858,
							      3.713 0 0.5267,
							      3.663 1 0.8048,
							      3.69 0.5013 0.6663,
							      3.445 1 0.7858 ]
				    }

				    ccw	TRUE
				    solid	FALSE
				    coordIndex	[ 0, 1, 2, -1, 3, 4, 5, -1,
						      6, 7, 8, -1 ]
			    }

		    }
	    }

	    DEF VIFS880 Transform {
		    translation	0 0 0.25
		    rotation	1 0 0  1.571
		    children Shape {
			    appearance	Appearance {
				    material	Material {
					    ambientIntensity	1
					    diffuseColor	0.8588 0.8 0.7765
					    shininess	0.62
					    specularColor	0.9 0.9 0.9
				    }

			    }

			    geometry	DEF VIFS880-FACES IndexedFaceSet {
				    coord	DEF VIFS880-COORD Coordinate {
					    point	[ 3.487 0 0.305,
							      3.721 0.5005 0.4669,
							      3.701 1 0.6063,
							      3.462 1 0.5855,
							      3.487 0 0.305,
							      3.701 1 0.6063,
							      3.736 0 0.3268,
							      3.721 0.5005 0.4669,
							      3.487 0 0.305 ]
				    }

				    ccw	TRUE
				    solid	FALSE
				    coordIndex	[ 0, 1, 2, -1, 3, 4, 5, -1,
						      6, 7, 8, -1 ]
			    }

		    }
	    }

	    DEF VIFS879 Transform {
		    translation	0 0 0.25
		    rotation	1 0 0  1.571
		    children Shape {
			    appearance	Appearance {
				    material	Material {
					    ambientIntensity	1
					    diffuseColor	0.8588 0.8 0.7765
					    shininess	0.62
					    specularColor	0.9 0.9 0.9
				    }

			    }

			    geometry	DEF VIFS879-FACES IndexedFaceSet {
				    coord	DEF VIFS879-COORD Coordinate {
					    point	[ 3.487 0 0.305,
							      3.462 1 0.5855,
							      3.469 0 0.5053,
							      3.445 1 0.7858,
							      3.469 0 0.5053,
							      3.462 1 0.5855 ]
				    }

				    ccw	TRUE
				    solid	FALSE
				    coordIndex	[ 0, 1, 2, -1, 3, 4, 5, -1 ]
			    }

		    }
	    }

	    DEF VIFS878 Transform {
		    translation	0 0 0.25
		    rotation	1 0 0  1.571
		    children Shape {
			    appearance	Appearance {
				    material	Material {
					    ambientIntensity	1
					    diffuseColor	0.8588 0.8 0.7765
					    shininess	0.62
					    specularColor	0.9 0.9 0.9
				    }

			    }

			    geometry	DEF VIFS878-FACES IndexedFaceSet {
				    coord	DEF VIFS878-COORD Coordinate {
					    point	[ 3.363 1 1.083,
							      3.618 0.5013 0.9854,
							      3.653 0 0.8482,
							      3.412 0 0.8058,
							      3.363 1 1.083,
							      3.653 0 0.8482,
							      3.579 1 1.121,
							      3.618 0.5013 0.9854,
							      3.363 1 1.083 ]
				    }

				    ccw	TRUE
				    solid	FALSE
				    coordIndex	[ 0, 1, 2, -1, 3, 4, 5, -1,
						      6, 7, 8, -1 ]
			    }

		    }
	    }

	    DEF VIFS877 Transform {
		    translation	0 0 0.25
		    rotation	1 0 0  1.571
		    children Shape {
			    appearance	Appearance {
				    material	Material {
					    ambientIntensity	1
					    diffuseColor	0.8588 0.8 0.7765
					    shininess	0.62
					    specularColor	0.9 0.9 0.9
				    }

			    }

			    geometry	DEF VIFS877-FACES IndexedFaceSet {
				    coord	DEF VIFS877-COORD Coordinate {
					    point	[ 3.447 0 0.6078,
							      3.666 0.5005 0.7895,
							      3.634 1 0.9265,
							      3.398 1 0.885,
							      3.447 0 0.6078,
							      3.634 1 0.9265,
							      3.693 0 0.6512,
							      3.666 0.5005 0.7895,
							      3.447 0 0.6078 ]
				    }

				    ccw	TRUE
				    solid	FALSE
				    coordIndex	[ 0, 1, 2, -1, 3, 4, 5, -1,
						      6, 7, 8, -1 ]
			    }

		    }
	    }

	    DEF VIFS876 Transform {
		    translation	0 0 0.25
		    rotation	1 0 0  1.571
		    children Shape {
			    appearance	Appearance {
				    material	Material {
					    ambientIntensity	1
					    diffuseColor	0.8588 0.8 0.7765
					    shininess	0.62
					    specularColor	0.9 0.9 0.9
				    }

			    }

			    geometry	DEF VIFS876-FACES IndexedFaceSet {
				    coord	DEF VIFS876-COORD Coordinate {
					    point	[ 3.447 0 0.6078,
							      3.398 1 0.885,
							      3.412 0 0.8058,
							      3.363 1 1.083,
							      3.412 0 0.8058,
							      3.398 1 0.885 ]
				    }

				    ccw	TRUE
				    solid	FALSE
				    coordIndex	[ 0, 1, 2, -1, 3, 4, 5, -1 ]
			    }

		    }
	    }

	    DEF VIFS875 Transform {
		    translation	0 0 0.25
		    rotation	1 0 0  1.571
		    children Shape {
			    appearance	Appearance {
				    material	Material {
					    ambientIntensity	1
					    diffuseColor	0.8588 0.8 0.7765
					    shininess	0.62
					    specularColor	0.9 0.9 0.9
				    }

			    }

			    geometry	DEF VIFS875-FACES IndexedFaceSet {
				    coord	DEF VIFS875-COORD Coordinate {
					    point	[ 3.256 1 1.372,
							      3.519 0.5013 1.297,
							      3.565 0 1.163,
							      3.329 0 1.1,
							      3.256 1 1.372,
							      3.565 0 1.163,
							      3.467 1 1.429,
							      3.519 0.5013 1.297,
							      3.256 1 1.372 ]
				    }

				    ccw	TRUE
				    solid	FALSE
				    coordIndex	[ 0, 1, 2, -1, 3, 4, 5, -1,
						      6, 7, 8, -1 ]
			    }

		    }
	    }

	    DEF VIFS874 Transform {
		    translation	0 0 0.25
		    rotation	1 0 0  1.571
		    children Shape {
			    appearance	Appearance {
				    material	Material {
					    ambientIntensity	1
					    diffuseColor	0.8588 0.8 0.7765
					    shininess	0.62
					    specularColor	0.9 0.9 0.9
				    }

			    }

			    geometry	DEF VIFS874-FACES IndexedFaceSet {
				    coord	DEF VIFS874-COORD Coordinate {
					    point	[ 3.381 0 0.9059,
							      3.583 0.5005 1.106,
							      3.539 1 1.24,
							      3.308 1 1.178,
							      3.381 0 0.9059,
							      3.539 1 1.24,
							      3.622 0 0.9706,
							      3.583 0.5005 1.106,
							      3.381 0 0.9059 ]
				    }

				    ccw	TRUE
				    solid	FALSE
				    coordIndex	[ 0, 1, 2, -1, 3, 4, 5, -1,
						      6, 7, 8, -1 ]
			    }

		    }
	    }

	    DEF VIFS873 Transform {
		    translation	0 0 0.25
		    rotation	1 0 0  1.571
		    children Shape {
			    appearance	Appearance {
				    material	Material {
					    ambientIntensity	1
					    diffuseColor	0.8588 0.8 0.7765
					    shininess	0.62
					    specularColor	0.9 0.9 0.9
				    }

			    }

			    geometry	DEF VIFS873-FACES IndexedFaceSet {
				    coord	DEF VIFS873-COORD Coordinate {
					    point	[ 3.381 0 0.9059,
							      3.308 1 1.178,
							      3.329 0 1.1,
							      3.256 1 1.372,
							      3.329 0 1.1,
							      3.308 1 1.178 ]
				    }

				    ccw	TRUE
				    solid	FALSE
				    coordIndex	[ 0, 1, 2, -1, 3, 4, 5, -1 ]
			    }

		    }
	    }

	    DEF VIFS872 Transform {
		    translation	0 0 0.25
		    rotation	1 0 0  1.571
		    children Shape {
			    appearance	Appearance {
				    material	Material {
					    ambientIntensity	1
					    diffuseColor	0.8588 0.8 0.7765
					    shininess	0.62
					    specularColor	0.9 0.9 0.9
				    }

			    }

			    geometry	DEF VIFS872-FACES IndexedFaceSet {
				    coord	DEF VIFS872-COORD Coordinate {
					    point	[ 3.124 1 1.651,
							      3.392 0.5013 1.599,
							      3.45 0 1.47,
							      3.22 0 1.386,
							      3.124 1 1.651,
							      3.45 0 1.47,
							      3.329 1 1.725,
							      3.392 0.5013 1.599,
							      3.124 1 1.651 ]
				    }

				    ccw	TRUE
				    solid	FALSE
				    coordIndex	[ 0, 1, 2, -1, 3, 4, 5, -1,
						      6, 7, 8, -1 ]
			    }

		    }
	    }

	    DEF VIFS871 Transform {
		    translation	0 0 0.25
		    rotation	1 0 0  1.571
		    children Shape {
			    appearance	Appearance {
				    material	Material {
					    ambientIntensity	1
					    diffuseColor	0.8588 0.8 0.7765
					    shininess	0.62
					    specularColor	0.9 0.9 0.9
				    }

			    }

			    geometry	DEF VIFS871-FACES IndexedFaceSet {
				    coord	DEF VIFS871-COORD Coordinate {
					    point	[ 3.289 0 1.197,
							      3.473 0.5005 1.414,
							      3.418 1 1.543,
							      3.193 1 1.462,
							      3.289 0 1.197,
							      3.418 1 1.543,
							      3.524 0 1.283,
							      3.473 0.5005 1.414,
							      3.289 0 1.197 ]
				    }

				    ccw	TRUE
				    solid	FALSE
				    coordIndex	[ 0, 1, 2, -1, 3, 4, 5, -1,
						      6, 7, 8, -1 ]
			    }

		    }
	    }

	    DEF VIFS870 Transform {
		    translation	0 0 0.25
		    rotation	1 0 0  1.571
		    children Shape {
			    appearance	Appearance {
				    material	Material {
					    ambientIntensity	1
					    diffuseColor	0.8588 0.8 0.7765
					    shininess	0.62
					    specularColor	0.9 0.9 0.9
				    }

			    }

			    geometry	DEF VIFS870-FACES IndexedFaceSet {
				    coord	DEF VIFS870-COORD Coordinate {
					    point	[ 3.289 0 1.197,
							      3.193 1 1.462,
							      3.22 0 1.386,
							      3.124 1 1.651,
							      3.22 0 1.386,
							      3.193 1 1.462 ]
				    }

				    ccw	TRUE
				    solid	FALSE
				    coordIndex	[ 0, 1, 2, -1, 3, 4, 5, -1 ]
			    }

		    }
	    }

	    DEF VIFS869 Transform {
		    translation	0 0 0.25
		    rotation	1 0 0  1.571
		    children Shape {
			    appearance	Appearance {
				    material	Material {
					    ambientIntensity	1
					    diffuseColor	0.8588 0.8 0.7765
					    shininess	0.62
					    specularColor	0.9 0.9 0.9
				    }

			    }

			    geometry	DEF VIFS869-FACES IndexedFaceSet {
				    coord	DEF VIFS869-COORD Coordinate {
					    point	[ 2.968 1 1.916,
							      3.24 0.5013 1.888,
							      3.309 0 1.765,
							      3.087 0 1.661,
							      2.968 1 1.916,
							      3.309 0 1.765,
							      3.166 1 2.009,
							      3.24 0.5013 1.888,
							      2.968 1 1.916 ]
				    }

				    ccw	TRUE
				    solid	FALSE
				    coordIndex	[ 0, 1, 2, -1, 3, 4, 5, -1,
						      6, 7, 8, -1 ]
			    }

		    }
	    }

	    DEF VIFS868 Transform {
		    translation	0 0 0.25
		    rotation	1 0 0  1.571
		    children Shape {
			    appearance	Appearance {
				    material	Material {
					    ambientIntensity	1
					    diffuseColor	0.8588 0.8 0.7765
					    shininess	0.62
					    specularColor	0.9 0.9 0.9
				    }

			    }

			    geometry	DEF VIFS868-FACES IndexedFaceSet {
				    coord	DEF VIFS868-COORD Coordinate {
					    point	[ 3.172 0 1.479,
							      3.337 0.5005 1.711,
							      3.27 1 1.835,
							      3.053 1 1.734,
							      3.172 0 1.479,
							      3.27 1 1.835,
							      3.399 0 1.585,
							      3.337 0.5005 1.711,
							      3.172 0 1.479 ]
				    }

				    ccw	TRUE
				    solid	FALSE
				    coordIndex	[ 0, 1, 2, -1, 3, 4, 5, -1,
						      6, 7, 8, -1 ]
			    }

		    }
	    }

	    DEF VIFS867 Transform {
		    translation	0 0 0.25
		    rotation	1 0 0  1.571
		    children Shape {
			    appearance	Appearance {
				    material	Material {
					    ambientIntensity	1
					    diffuseColor	0.8588 0.8 0.7765
					    shininess	0.62
					    specularColor	0.9 0.9 0.9
				    }

			    }

			    geometry	DEF VIFS867-FACES IndexedFaceSet {
				    coord	DEF VIFS867-COORD Coordinate {
					    point	[ 3.172 0 1.479,
							      3.053 1 1.734,
							      3.087 0 1.661,
							      2.968 1 1.916,
							      3.087 0 1.661,
							      3.053 1 1.734 ]
				    }

				    ccw	TRUE
				    solid	FALSE
				    coordIndex	[ 0, 1, 2, -1, 3, 4, 5, -1 ]
			    }

		    }
	    }

	    DEF VIFS866 Transform {
		    translation	0 0 0.25
		    rotation	1 0 0  1.571
		    children Shape {
			    appearance	Appearance {
				    material	Material {
					    ambientIntensity	1
					    diffuseColor	0.8588 0.8 0.7765
					    shininess	0.62
					    specularColor	0.9 0.9 0.9
				    }

			    }

			    geometry	DEF VIFS866-FACES IndexedFaceSet {
				    coord	DEF VIFS866-COORD Coordinate {
					    point	[ 2.79 1 2.168,
							      3.063 0.5013 2.164,
							      3.142 0 2.046,
							      2.931 0 1.924,
							      2.79 1 2.168,
							      3.142 0 2.046,
							      2.979 1 2.277,
							      3.063 0.5013 2.164,
							      2.79 1 2.168 ]
				    }

				    ccw	TRUE
				    solid	FALSE
				    coordIndex	[ 0, 1, 2, -1, 3, 4, 5, -1,
						      6, 7, 8, -1 ]
			    }

		    }
	    }

	    DEF VIFS865 Transform {
		    translation	0 0 0.25
		    rotation	1 0 0  1.571
		    children Shape {
			    appearance	Appearance {
				    material	Material {
					    ambientIntensity	1
					    diffuseColor	0.8588 0.8 0.7765
					    shininess	0.62
					    specularColor	0.9 0.9 0.9
				    }

			    }

			    geometry	DEF VIFS865-FACES IndexedFaceSet {
				    coord	DEF VIFS865-COORD Coordinate {
					    point	[ 3.031 0 1.75,
							      3.175 0.5005 1.996,
							      3.098 1 2.113,
							      2.89 1 1.994,
							      3.031 0 1.75,
							      3.098 1 2.113,
							      3.248 0 1.875,
							      3.175 0.5005 1.996,
							      3.031 0 1.75 ]
				    }

				    ccw	TRUE
				    solid	FALSE
				    coordIndex	[ 0, 1, 2, -1, 3, 4, 5, -1,
						      6, 7, 8, -1 ]
			    }

		    }
	    }

	    DEF VIFS864 Transform {
		    translation	0 0 0.25
		    rotation	1 0 0  1.571
		    children Shape {
			    appearance	Appearance {
				    material	Material {
					    ambientIntensity	1
					    diffuseColor	0.8588 0.8 0.7765
					    shininess	0.62
					    specularColor	0.9 0.9 0.9
				    }

			    }

			    geometry	DEF VIFS864-FACES IndexedFaceSet {
				    coord	DEF VIFS864-COORD Coordinate {
					    point	[ 3.031 0 1.75,
							      2.89 1 1.994,
							      2.931 0 1.924,
							      2.79 1 2.168,
							      2.931 0 1.924,
							      2.89 1 1.994 ]
				    }

				    ccw	TRUE
				    solid	FALSE
				    coordIndex	[ 0, 1, 2, -1, 3, 4, 5, -1 ]
			    }

		    }
	    }

	    DEF VIFS863 Transform {
		    translation	0 0 0.25
		    rotation	1 0 0  1.571
		    children Shape {
			    appearance	Appearance {
				    material	Material {
					    ambientIntensity	1
					    diffuseColor	0.8588 0.8 0.7765
					    shininess	0.62
					    specularColor	0.9 0.9 0.9
				    }

			    }

			    geometry	DEF VIFS863-FACES IndexedFaceSet {
				    coord	DEF VIFS863-COORD Coordinate {
					    point	[ 2.59 1 2.403,
							      2.863 0.5013 2.422,
							      2.952 0 2.313,
							      2.752 0 2.172,
							      2.59 1 2.403,
							      2.952 0 2.313,
							      2.769 1 2.528,
							      2.863 0.5013 2.422,
							      2.59 1 2.403 ]
				    }

				    ccw	TRUE
				    solid	FALSE
				    coordIndex	[ 0, 1, 2, -1, 3, 4, 5, -1,
						      6, 7, 8, -1 ]
			    }

		    }
	    }

	    DEF VIFS862 Transform {
		    translation	0 0 0.25
		    rotation	1 0 0  1.571
		    children Shape {
			    appearance	Appearance {
				    material	Material {
					    ambientIntensity	1
					    diffuseColor	0.8588 0.8 0.7765
					    shininess	0.62
					    specularColor	0.9 0.9 0.9
				    }

			    }

			    geometry	DEF VIFS862-FACES IndexedFaceSet {
				    coord	DEF VIFS862-COORD Coordinate {
					    point	[ 2.867 0 2.008,
							      2.989 0.5005 2.265,
							      2.902 1 2.375,
							      2.706 1 2.238,
							      2.867 0 2.008,
							      2.902 1 2.375,
							      3.072 0 2.151,
							      2.989 0.5005 2.265,
							      2.867 0 2.008 ]
				    }

				    ccw	TRUE
				    solid	FALSE
				    coordIndex	[ 0, 1, 2, -1, 3, 4, 5, -1,
						      6, 7, 8, -1 ]
			    }

		    }
	    }

	    DEF VIFS861 Transform {
		    translation	0 0 0.25
		    rotation	1 0 0  1.571
		    children Shape {
			    appearance	Appearance {
				    material	Material {
					    ambientIntensity	1
					    diffuseColor	0.8588 0.8 0.7765
					    shininess	0.62
					    specularColor	0.9 0.9 0.9
				    }

			    }

			    geometry	DEF VIFS861-FACES IndexedFaceSet {
				    coord	DEF VIFS861-COORD Coordinate {
					    point	[ 2.867 0 2.008,
							      2.706 1 2.238,
							      2.752 0 2.172,
							      2.59 1 2.403,
							      2.752 0 2.172,
							      2.706 1 2.238 ]
				    }

				    ccw	TRUE
				    solid	FALSE
				    coordIndex	[ 0, 1, 2, -1, 3, 4, 5, -1 ]
			    }

		    }
	    }

	    DEF VIFS860 Transform {
		    translation	0 0 0.25
		    rotation	1 0 0  1.571
		    children Shape {
			    appearance	Appearance {
				    material	Material {
					    ambientIntensity	1
					    diffuseColor	0.8588 0.8 0.7765
					    shininess	0.62
					    specularColor	0.9 0.9 0.9
				    }

			    }

			    geometry	DEF VIFS860-FACES IndexedFaceSet {
				    coord	DEF VIFS860-COORD Coordinate {
					    point	[ 2.371 1 2.619,
							      2.641 0.5013 2.663,
							      2.739 0 2.561,
							      2.552 0 2.404,
							      2.371 1 2.619,
							      2.739 0 2.561,
							      2.539 1 2.76,
							      2.641 0.5013 2.663,
							      2.371 1 2.619 ]
				    }

				    ccw	TRUE
				    solid	FALSE
				    coordIndex	[ 0, 1, 2, -1, 3, 4, 5, -1,
						      6, 7, 8, -1 ]
			    }

		    }
	    }

	    DEF VIFS859 Transform {
		    translation	0 0 0.25
		    rotation	1 0 0  1.571
		    children Shape {
			    appearance	Appearance {
				    material	Material {
					    ambientIntensity	1
					    diffuseColor	0.8588 0.8 0.7765
					    shininess	0.62
					    specularColor	0.9 0.9 0.9
				    }

			    }

			    geometry	DEF VIFS859-FACES IndexedFaceSet {
				    coord	DEF VIFS859-COORD Coordinate {
					    point	[ 2.681 0 2.25,
							      2.78 0.5005 2.517,
							      2.684 1 2.619,
							      2.5 1 2.465,
							      2.681 0 2.25,
							      2.684 1 2.619,
							      2.873 0 2.41,
							      2.78 0.5005 2.517,
							      2.681 0 2.25 ]
				    }

				    ccw	TRUE
				    solid	FALSE
				    coordIndex	[ 0, 1, 2, -1, 3, 4, 5, -1,
						      6, 7, 8, -1 ]
			    }

		    }
	    }

	    DEF VIFS858 Transform {
		    translation	0 0 0.25
		    rotation	1 0 0  1.571
		    children Shape {
			    appearance	Appearance {
				    material	Material {
					    ambientIntensity	1
					    diffuseColor	0.8588 0.8 0.7765
					    shininess	0.62
					    specularColor	0.9 0.9 0.9
				    }

			    }

			    geometry	DEF VIFS858-FACES IndexedFaceSet {
				    coord	DEF VIFS858-COORD Coordinate {
					    point	[ 2.681 0 2.25,
							      2.5 1 2.465,
							      2.552 0 2.404,
							      2.371 1 2.619,
							      2.552 0 2.404,
							      2.5 1 2.465 ]
				    }

				    ccw	TRUE
				    solid	FALSE
				    coordIndex	[ 0, 1, 2, -1, 3, 4, 5, -1 ]
			    }

		    }
	    }

	    DEF VIFS857 Transform {
		    translation	0 0 0.25
		    rotation	1 0 0  1.571
		    children Shape {
			    appearance	Appearance {
				    material	Material {
					    ambientIntensity	1
					    diffuseColor	0.8588 0.8 0.7765
					    shininess	0.62
					    specularColor	0.9 0.9 0.9
				    }

			    }

			    geometry	DEF VIFS857-FACES IndexedFaceSet {
				    coord	DEF VIFS857-COORD Coordinate {
					    point	[ 2.134 1 2.816,
							      2.399 0.5013 2.883,
							      2.506 0 2.79,
							      2.333 0 2.617,
							      2.134 1 2.816,
							      2.506 0 2.79,
							      2.288 1 2.971,
							      2.399 0.5013 2.883,
							      2.134 1 2.816 ]
				    }

				    ccw	TRUE
				    solid	FALSE
				    coordIndex	[ 0, 1, 2, -1, 3, 4, 5, -1,
						      6, 7, 8, -1 ]
			    }

		    }
	    }

	    DEF VIFS856 Transform {
		    translation	0 0 0.25
		    rotation	1 0 0  1.571
		    children Shape {
			    appearance	Appearance {
				    material	Material {
					    ambientIntensity	1
					    diffuseColor	0.8588 0.8 0.7765
					    shininess	0.62
					    specularColor	0.9 0.9 0.9
				    }

			    }

			    geometry	DEF VIFS856-FACES IndexedFaceSet {
				    coord	DEF VIFS856-COORD Coordinate {
					    point	[ 2.475 0 2.475,
							      2.55 0.5005 2.749,
							      2.445 1 2.843,
							      2.276 1 2.674,
							      2.475 0 2.475,
							      2.445 1 2.843,
							      2.652 0 2.652,
							      2.55 0.5005 2.749,
							      2.475 0 2.475 ]
				    }

				    ccw	TRUE
				    solid	FALSE
				    coordIndex	[ 0, 1, 2, -1, 3, 4, 5, -1,
						      6, 7, 8, -1 ]
			    }

		    }
	    }

	    DEF VIFS855 Transform {
		    translation	0 0 0.25
		    rotation	1 0 0  1.571
		    children Shape {
			    appearance	Appearance {
				    material	Material {
					    ambientIntensity	1
					    diffuseColor	0.8588 0.8 0.7765
					    shininess	0.62
					    specularColor	0.9 0.9 0.9
				    }

			    }

			    geometry	DEF VIFS855-FACES IndexedFaceSet {
				    coord	DEF VIFS855-COORD Coordinate {
					    point	[ 2.475 0 2.475,
							      2.276 1 2.674,
							      2.333 0 2.617,
							      2.134 1 2.816,
							      2.333 0 2.617,
							      2.276 1 2.674 ]
				    }

				    ccw	TRUE
				    solid	FALSE
				    coordIndex	[ 0, 1, 2, -1, 3, 4, 5, -1 ]
			    }

		    }
	    }

	    DEF VIFS854 Transform {
		    translation	0 0 0.25
		    rotation	1 0 0  1.571
		    children Shape {
			    appearance	Appearance {
				    material	Material {
					    ambientIntensity	1
					    diffuseColor	0.8588 0.8 0.7765
					    shininess	0.62
					    specularColor	0.9 0.9 0.9
				    }

			    }

			    geometry	DEF VIFS854-FACES IndexedFaceSet {
				    coord	DEF VIFS854-COORD Coordinate {
					    point	[ 1.88 1 2.991,
							      2.138 0.5013 3.081,
							      2.253 0 2.998,
							      2.096 0 2.81,
							      1.88 1 2.991,
							      2.253 0 2.998,
							      2.021 1 3.159,
							      2.138 0.5013 3.081,
							      1.88 1 2.991 ]
				    }

				    ccw	TRUE
				    solid	FALSE
				    coordIndex	[ 0, 1, 2, -1, 3, 4, 5, -1,
						      6, 7, 8, -1 ]
			    }

		    }
	    }

	    DEF VIFS853 Transform {
		    translation	0 0 0.25
		    rotation	1 0 0  1.571
		    children Shape {
			    appearance	Appearance {
				    material	Material {
					    ambientIntensity	1
					    diffuseColor	0.8588 0.8 0.7765
					    shininess	0.62
					    specularColor	0.9 0.9 0.9
				    }

			    }

			    geometry	DEF VIFS853-FACES IndexedFaceSet {
				    coord	DEF VIFS853-COORD Coordinate {
					    point	[ 2.25 0 2.681,
							      2.301 0.5005 2.961,
							      2.188 1 3.046,
							      2.034 1 2.862,
							      2.25 0 2.681,
							      2.188 1 3.046,
							      2.41 0 2.873,
							      2.301 0.5005 2.961,
							      2.25 0 2.681 ]
				    }

				    ccw	TRUE
				    solid	FALSE
				    coordIndex	[ 0, 1, 2, -1, 3, 4, 5, -1,
						      6, 7, 8, -1 ]
			    }

		    }
	    }

	    DEF VIFS852 Transform {
		    translation	0 0 0.25
		    rotation	1 0 0  1.571
		    children Shape {
			    appearance	Appearance {
				    material	Material {
					    ambientIntensity	1
					    diffuseColor	0.8588 0.8 0.7765
					    shininess	0.62
					    specularColor	0.9 0.9 0.9
				    }

			    }

			    geometry	DEF VIFS852-FACES IndexedFaceSet {
				    coord	DEF VIFS852-COORD Coordinate {
					    point	[ 2.25 0 2.681,
							      2.034 1 2.862,
							      2.096 0 2.81,
							      1.88 1 2.991,
							      2.096 0 2.81,
							      2.034 1 2.862 ]
				    }

				    ccw	TRUE
				    solid	FALSE
				    coordIndex	[ 0, 1, 2, -1, 3, 4, 5, -1 ]
			    }

		    }
	    }

	    DEF VIFS851 Transform {
		    translation	0 0 0.25
		    rotation	1 0 0  1.571
		    children Shape {
			    appearance	Appearance {
				    material	Material {
					    ambientIntensity	1
					    diffuseColor	0.8588 0.8 0.7765
					    shininess	0.62
					    specularColor	0.9 0.9 0.9
				    }

			    }

			    geometry	DEF VIFS851-FACES IndexedFaceSet {
				    coord	DEF VIFS851-COORD Coordinate {
					    point	[ 1.612 1 3.144,
							      1.862 0.5013 3.255,
							      1.983 0 3.183,
							      1.843 0 2.982,
							      1.612 1 3.144,
							      1.983 0 3.183,
							      1.738 1 3.323,
							      1.862 0.5013 3.255,
							      1.612 1 3.144 ]
				    }

				    ccw	TRUE
				    solid	FALSE
				    coordIndex	[ 0, 1, 2, -1, 3, 4, 5, -1,
						      6, 7, 8, -1 ]
			    }

		    }
	    }

	    DEF VIFS850 Transform {
		    translation	0 0 0.25
		    rotation	1 0 0  1.571
		    children Shape {
			    appearance	Appearance {
				    material	Material {
					    ambientIntensity	1
					    diffuseColor	0.8588 0.8 0.7765
					    shininess	0.62
					    specularColor	0.9 0.9 0.9
				    }

			    }

			    geometry	DEF VIFS850-FACES IndexedFaceSet {
				    coord	DEF VIFS850-COORD Coordinate {
					    point	[ 2.008 0 2.867,
							      2.034 0.5005 3.15,
							      1.914 1 3.225,
							      1.777 1 3.028,
							      2.008 0 2.867,
							      1.914 1 3.225,
							      2.151 0 3.072,
							      2.034 0.5005 3.15,
							      2.008 0 2.867 ]
				    }

				    ccw	TRUE
				    solid	FALSE
				    coordIndex	[ 0, 1, 2, -1, 3, 4, 5, -1,
						      6, 7, 8, -1 ]
			    }

		    }
	    }

	    DEF VIFS849 Transform {
		    translation	0 0 0.25
		    rotation	1 0 0  1.571
		    children Shape {
			    appearance	Appearance {
				    material	Material {
					    ambientIntensity	1
					    diffuseColor	0.8588 0.8 0.7765
					    shininess	0.62
					    specularColor	0.9 0.9 0.9
				    }

			    }

			    geometry	DEF VIFS849-FACES IndexedFaceSet {
				    coord	DEF VIFS849-COORD Coordinate {
					    point	[ 2.008 0 2.867,
							      1.777 1 3.028,
							      1.843 0 2.982,
							      1.612 1 3.144,
							      1.843 0 2.982,
							      1.777 1 3.028 ]
				    }

				    ccw	TRUE
				    solid	FALSE
				    coordIndex	[ 0, 1, 2, -1, 3, 4, 5, -1 ]
			    }

		    }
	    }

	    DEF VIFS848 Transform {
		    translation	0 0 0.25
		    rotation	1 0 0  1.571
		    children Shape {
			    appearance	Appearance {
				    material	Material {
					    ambientIntensity	1
					    diffuseColor	0.8588 0.8 0.7765
					    shininess	0.62
					    specularColor	0.9 0.9 0.9
				    }

			    }

			    geometry	DEF VIFS848-FACES IndexedFaceSet {
				    coord	DEF VIFS848-COORD Coordinate {
					    point	[ 1.332 1 3.272,
							      1.571 0.5013 3.405,
							      1.698 0 3.343,
							      1.576 0 3.132,
							      1.332 1 3.272,
							      1.698 0 3.343,
							      1.441 1 3.462,
							      1.571 0.5013 3.405,
							      1.332 1 3.272 ]
				    }

				    ccw	TRUE
				    solid	FALSE
				    coordIndex	[ 0, 1, 2, -1, 3, 4, 5, -1,
						      6, 7, 8, -1 ]
			    }

		    }
	    }

	    DEF VIFS847 Transform {
		    translation	0 0 0.25
		    rotation	1 0 0  1.571
		    children Shape {
			    appearance	Appearance {
				    material	Material {
					    ambientIntensity	1
					    diffuseColor	0.8588 0.8 0.7765
					    shininess	0.62
					    specularColor	0.9 0.9 0.9
				    }

			    }

			    geometry	DEF VIFS847-FACES IndexedFaceSet {
				    coord	DEF VIFS847-COORD Coordinate {
					    point	[ 1.75 0 3.031,
							      1.752 0.5005 3.316,
							      1.626 1 3.379,
							      1.506 1 3.172,
							      1.75 0 3.031,
							      1.626 1 3.379,
							      1.875 0 3.248,
							      1.752 0.5005 3.316,
							      1.75 0 3.031 ]
				    }

				    ccw	TRUE
				    solid	FALSE
				    coordIndex	[ 0, 1, 2, -1, 3, 4, 5, -1,
						      6, 7, 8, -1 ]
			    }

		    }
	    }

	    DEF VIFS846 Transform {
		    translation	0 0 0.25
		    rotation	1 0 0  1.571
		    children Shape {
			    appearance	Appearance {
				    material	Material {
					    ambientIntensity	1
					    diffuseColor	0.8588 0.8 0.7765
					    shininess	0.62
					    specularColor	0.9 0.9 0.9
				    }

			    }

			    geometry	DEF VIFS846-FACES IndexedFaceSet {
				    coord	DEF VIFS846-COORD Coordinate {
					    point	[ 1.75 0 3.031,
							      1.506 1 3.172,
							      1.576 0 3.132,
							      1.332 1 3.272,
							      1.576 0 3.132,
							      1.506 1 3.172 ]
				    }

				    ccw	TRUE
				    solid	FALSE
				    coordIndex	[ 0, 1, 2, -1, 3, 4, 5, -1 ]
			    }

		    }
	    }

	    DEF VIFS845 Transform {
		    translation	0 0 0.25
		    rotation	1 0 0  1.571
		    children Shape {
			    appearance	Appearance {
				    material	Material {
					    ambientIntensity	1
					    diffuseColor	0.8588 0.8 0.7765
					    shininess	0.62
					    specularColor	0.9 0.9 0.9
				    }

			    }

			    geometry	DEF VIFS845-FACES IndexedFaceSet {
				    coord	DEF VIFS845-COORD Coordinate {
					    point	[ 1.042 1 3.376,
							      1.268 0.5013 3.529,
							      1.4 0 3.479,
							      1.297 0 3.257,
							      1.042 1 3.376,
							      1.4 0 3.479,
							      1.134 1 3.574,
							      1.268 0.5013 3.529,
							      1.042 1 3.376 ]
				    }

				    ccw	TRUE
				    solid	FALSE
				    coordIndex	[ 0, 1, 2, -1, 3, 4, 5, -1,
						      6, 7, 8, -1 ]
			    }

		    }
	    }

	    DEF VIFS844 Transform {
		    translation	0 0 0.25
		    rotation	1 0 0  1.571
		    children Shape {
			    appearance	Appearance {
				    material	Material {
					    ambientIntensity	1
					    diffuseColor	0.8588 0.8 0.7765
					    shininess	0.62
					    specularColor	0.9 0.9 0.9
				    }

			    }

			    geometry	DEF VIFS844-FACES IndexedFaceSet {
				    coord	DEF VIFS844-COORD Coordinate {
					    point	[ 1.479 0 3.172,
							      1.456 0.5005 3.456,
							      1.325 1 3.508,
							      1.224 1 3.291,
							      1.479 0 3.172,
							      1.325 1 3.508,
							      1.585 0 3.399,
							      1.456 0.5005 3.456,
							      1.479 0 3.172 ]
				    }

				    ccw	TRUE
				    solid	FALSE
				    coordIndex	[ 0, 1, 2, -1, 3, 4, 5, -1,
						      6, 7, 8, -1 ]
			    }

		    }
	    }

	    DEF VIFS843 Transform {
		    translation	0 0 0.25
		    rotation	1 0 0  1.571
		    children Shape {
			    appearance	Appearance {
				    material	Material {
					    ambientIntensity	1
					    diffuseColor	0.8588 0.8 0.7765
					    shininess	0.62
					    specularColor	0.9 0.9 0.9
				    }

			    }

			    geometry	DEF VIFS843-FACES IndexedFaceSet {
				    coord	DEF VIFS843-COORD Coordinate {
					    point	[ 1.479 0 3.172,
							      1.224 1 3.291,
							      1.297 0 3.257,
							      1.042 1 3.376,
							      1.297 0 3.257,
							      1.224 1 3.291 ]
				    }

				    ccw	TRUE
				    solid	FALSE
				    coordIndex	[ 0, 1, 2, -1, 3, 4, 5, -1 ]
			    }

		    }
	    }

	    DEF VIFS842 Transform {
		    translation	0 0 0.25
		    rotation	1 0 0  1.571
		    children Shape {
			    appearance	Appearance {
				    material	Material {
					    ambientIntensity	1
					    diffuseColor	0.8588 0.8 0.7765
					    shininess	0.62
					    specularColor	0.9 0.9 0.9
				    }

			    }

			    geometry	DEF VIFS842-FACES IndexedFaceSet {
				    coord	DEF VIFS842-COORD Coordinate {
					    point	[ 0.7436 1 3.454,
							      0.9557 0.5013 3.626,
							      1.092 0 3.588,
							      1.008 0 3.358,
							      0.7436 1 3.454,
							      1.092 0 3.588,
							      0.8184 1 3.66,
							      0.9557 0.5013 3.626,
							      0.7436 1 3.454 ]
				    }

				    ccw	TRUE
				    solid	FALSE
				    coordIndex	[ 0, 1, 2, -1, 3, 4, 5, -1,
						      6, 7, 8, -1 ]
			    }

		    }
	    }

	    DEF VIFS841 Transform {
		    translation	0 0 0.25
		    rotation	1 0 0  1.571
		    children Shape {
			    appearance	Appearance {
				    material	Material {
					    ambientIntensity	1
					    diffuseColor	0.8588 0.8 0.7765
					    shininess	0.62
					    specularColor	0.9 0.9 0.9
				    }

			    }

			    geometry	DEF VIFS841-FACES IndexedFaceSet {
				    coord	DEF VIFS841-COORD Coordinate {
					    point	[ 1.197 0 3.289,
							      1.149 0.5005 3.57,
							      1.014 1 3.61,
							      0.9326 1 3.385,
							      1.197 0 3.289,
							      1.014 1 3.61,
							      1.283 0 3.524,
							      1.149 0.5005 3.57,
							      1.197 0 3.289 ]
				    }

				    ccw	TRUE
				    solid	FALSE
				    coordIndex	[ 0, 1, 2, -1, 3, 4, 5, -1,
						      6, 7, 8, -1 ]
			    }

		    }
	    }

	    DEF VIFS840 Transform {
		    translation	0 0 0.25
		    rotation	1 0 0  1.571
		    children Shape {
			    appearance	Appearance {
				    material	Material {
					    ambientIntensity	1
					    diffuseColor	0.8588 0.8 0.7765
					    shininess	0.62
					    specularColor	0.9 0.9 0.9
				    }

			    }

			    geometry	DEF VIFS840-FACES IndexedFaceSet {
				    coord	DEF VIFS840-COORD Coordinate {
					    point	[ 1.197 0 3.289,
							      0.9326 1 3.385,
							      1.008 0 3.358,
							      0.7436 1 3.454,
							      1.008 0 3.358,
							      0.9326 1 3.385 ]
				    }

				    ccw	TRUE
				    solid	FALSE
				    coordIndex	[ 0, 1, 2, -1, 3, 4, 5, -1 ]
			    }

		    }
	    }

	    DEF VIFS839 Transform {
		    translation	0 0 0.25
		    rotation	1 0 0  1.571
		    children Shape {
			    appearance	Appearance {
				    material	Material {
					    ambientIntensity	1
					    diffuseColor	0.8588 0.8 0.7765
					    shininess	0.62
					    specularColor	0.9 0.9 0.9
				    }

			    }

			    geometry	DEF VIFS839-FACES IndexedFaceSet {
				    coord	DEF VIFS839-COORD Coordinate {
					    point	[ 0.4397 1 3.506,
							      0.636 0.5013 3.696,
							      0.775 0 3.669,
							      0.7117 0 3.433,
							      0.4397 1 3.506,
							      0.775 0 3.669,
							      0.4964 1 3.717,
							      0.636 0.5013 3.696,
							      0.4397 1 3.506 ]
				    }

				    ccw	TRUE
				    solid	FALSE
				    coordIndex	[ 0, 1, 2, -1, 3, 4, 5, -1,
						      6, 7, 8, -1 ]
			    }

		    }
	    }

	    DEF VIFS838 Transform {
		    translation	0 0 0.25
		    rotation	1 0 0  1.571
		    children Shape {
			    appearance	Appearance {
				    material	Material {
					    ambientIntensity	1
					    diffuseColor	0.8588 0.8 0.7765
					    shininess	0.62
					    specularColor	0.9 0.9 0.9
				    }

			    }

			    geometry	DEF VIFS838-FACES IndexedFaceSet {
				    coord	DEF VIFS838-COORD Coordinate {
					    point	[ 0.9059 0 3.381,
							      0.8338 0.5005 3.656,
							      0.6959 1 3.685,
							      0.634 1 3.454,
							      0.9059 0 3.381,
							      0.6959 1 3.685,
							      0.9706 0 3.622,
							      0.8338 0.5005 3.656,
							      0.9059 0 3.381 ]
				    }

				    ccw	TRUE
				    solid	FALSE
				    coordIndex	[ 0, 1, 2, -1, 3, 4, 5, -1,
						      6, 7, 8, -1 ]
			    }

		    }
	    }

	    DEF VIFS837 Transform {
		    translation	0 0 0.25
		    rotation	1 0 0  1.571
		    children Shape {
			    appearance	Appearance {
				    material	Material {
					    ambientIntensity	1
					    diffuseColor	0.8588 0.8 0.7765
					    shininess	0.62
					    specularColor	0.9 0.9 0.9
				    }

			    }

			    geometry	DEF VIFS837-FACES IndexedFaceSet {
				    coord	DEF VIFS837-COORD Coordinate {
					    point	[ 0.9059 0 3.381,
							      0.634 1 3.454,
							      0.7117 0 3.433,
							      0.4397 1 3.506,
							      0.7117 0 3.433,
							      0.634 1 3.454 ]
				    }

				    ccw	TRUE
				    solid	FALSE
				    coordIndex	[ 0, 1, 2, -1, 3, 4, 5, -1 ]
			    }

		    }
	    }

	    DEF VIFS836 Transform {
		    translation	0 0 0.25
		    rotation	1 0 0  1.571
		    children Shape {
			    appearance	Appearance {
				    material	Material {
					    ambientIntensity	1
					    diffuseColor	0.8588 0.8 0.7765
					    shininess	0.62
					    specularColor	0.9 0.9 0.9
				    }

			    }

			    geometry	DEF VIFS836-FACES IndexedFaceSet {
				    coord	DEF VIFS836-COORD Coordinate {
					    point	[ 0.1325 1 3.531,
							      0.3115 0.5013 3.737,
							      0.4522 0 3.723,
							      0.4098 0 3.482,
							      0.1325 1 3.531,
							      0.4522 0 3.723,
							      0.1705 1 3.746,
							      0.3115 0.5013 3.737,
							      0.1325 1 3.531 ]
				    }

				    ccw	TRUE
				    solid	FALSE
				    coordIndex	[ 0, 1, 2, -1, 3, 4, 5, -1,
						      6, 7, 8, -1 ]
			    }

		    }
	    }

	    DEF VIFS835 Transform {
		    translation	0 0 0.25
		    rotation	1 0 0  1.571
		    children Shape {
			    appearance	Appearance {
				    material	Material {
					    ambientIntensity	1
					    diffuseColor	0.8588 0.8 0.7765
					    shininess	0.62
					    specularColor	0.9 0.9 0.9
				    }

			    }

			    geometry	DEF VIFS835-FACES IndexedFaceSet {
				    coord	DEF VIFS835-COORD Coordinate {
					    point	[ 0.6078 0 3.447,
							      0.512 0.5005 3.715,
							      0.3721 1 3.731,
							      0.3305 1 3.496,
							      0.6078 0 3.447,
							      0.3721 1 3.731,
							      0.6512 0 3.693,
							      0.512 0.5005 3.715,
							      0.6078 0 3.447 ]
				    }

				    ccw	TRUE
				    solid	FALSE
				    coordIndex	[ 0, 1, 2, -1, 3, 4, 5, -1,
						      6, 7, 8, -1 ]
			    }

		    }
	    }

	    DEF VIFS834 Transform {
		    translation	0 0 0.25
		    rotation	1 0 0  1.571
		    children Shape {
			    appearance	Appearance {
				    material	Material {
					    ambientIntensity	1
					    diffuseColor	0.8588 0.8 0.7765
					    shininess	0.62
					    specularColor	0.9 0.9 0.9
				    }

			    }

			    geometry	DEF VIFS834-FACES IndexedFaceSet {
				    coord	DEF VIFS834-COORD Coordinate {
					    point	[ 0.6078 0 3.447,
							      0.3305 1 3.496,
							      0.4098 0 3.482,
							      0.1325 1 3.531,
							      0.4098 0 3.482,
							      0.3305 1 3.496 ]
				    }

				    ccw	TRUE
				    solid	FALSE
				    coordIndex	[ 0, 1, 2, -1, 3, 4, 5, -1 ]
			    }

		    }
	    }

	    DEF VIFS833 Transform {
		    translation	0 0 0.25
		    rotation	1 0 0  1.571
		    children Shape {
			    appearance	Appearance {
				    material	Material {
					    ambientIntensity	1
					    diffuseColor	0.8588 0.8 0.7765
					    shininess	0.62
					    specularColor	0.9 0.9 0.9
				    }

			    }

			    geometry	DEF VIFS833-FACES IndexedFaceSet {
				    coord	DEF VIFS833-COORD Coordinate {
					    point	[ -0.1757 1 3.529,
							      -0.01539 0.5013 3.75,
							      0.1261 0 3.748,
							      0.1047 0 3.504,
							      -0.1757 1 3.529,
							      0.1261 0 3.748,
							      -0.1566 1 3.747,
							      -0.01539 0.5013 3.75,
							      -0.1757 1 3.529 ]
				    }

				    ccw	TRUE
				    solid	FALSE
				    coordIndex	[ 0, 1, 2, -1, 3, 4, 5, -1,
						      6, 7, 8, -1 ]
			    }

		    }
	    }

	    DEF VIFS832 Transform {
		    translation	0 0 0.25
		    rotation	1 0 0  1.571
		    children Shape {
			    appearance	Appearance {
				    material	Material {
					    ambientIntensity	1
					    diffuseColor	0.8588 0.8 0.7765
					    shininess	0.62
					    specularColor	0.9 0.9 0.9
				    }

			    }

			    geometry	DEF VIFS832-FACES IndexedFaceSet {
				    coord	DEF VIFS832-COORD Coordinate {
					    point	[ 0.305 0 3.487,
							      0.1862 0.5005 3.745,
							      0.04549 1 3.75,
							      0.02462 1 3.511,
							      0.305 0 3.487,
							      0.04549 1 3.75,
							      0.3268 0 3.736,
							      0.1862 0.5005 3.745,
							      0.305 0 3.487 ]
				    }

				    ccw	TRUE
				    solid	FALSE
				    coordIndex	[ 0, 1, 2, -1, 3, 4, 5, -1,
						      6, 7, 8, -1 ]
			    }

		    }
	    }

	    DEF VIFS831 Transform {
		    translation	0 0 0.25
		    rotation	1 0 0  1.571
		    children Shape {
			    appearance	Appearance {
				    material	Material {
					    ambientIntensity	1
					    diffuseColor	0.8588 0.8 0.7765
					    shininess	0.62
					    specularColor	0.9 0.9 0.9
				    }

			    }

			    geometry	DEF VIFS831-FACES IndexedFaceSet {
				    coord	DEF VIFS831-COORD Coordinate {
					    point	[ 0.305 0 3.487,
							      0.02462 1 3.511,
							      0.1047 0 3.504,
							      -0.1757 1 3.529,
							      0.1047 0 3.504,
							      0.02462 1 3.511 ]
				    }

				    ccw	TRUE
				    solid	FALSE
				    coordIndex	[ 0, 1, 2, -1, 3, 4, 5, -1 ]
			    }

		    }
	    }

	    DEF VIFS830 Transform {
		    translation	0 0 0.25
		    rotation	1 0 0  1.571
		    children Shape {
			    appearance	Appearance {
				    material	Material {
					    ambientIntensity	1
					    diffuseColor	0.8588 0.8 0.7765
					    shininess	0.62
					    specularColor	0.9 0.9 0.9
				    }

			    }

			    geometry	DEF VIFS830-FACES IndexedFaceSet {
				    coord	DEF VIFS830-COORD Coordinate {
					    point	[ -0.4825 1 3.5,
							      -0.3422 0.5013 3.734,
							      -0.2011 0 3.745,
							      -0.2011 0 3.5,
							      -0.4825 1 3.5,
							      -0.2011 0 3.745,
							      -0.4825 1 3.719,
							      -0.3422 0.5013 3.734,
							      -0.4825 1 3.5 ]
				    }

				    ccw	TRUE
				    solid	FALSE
				    coordIndex	[ 0, 1, 2, -1, 3, 4, 5, -1,
						      6, 7, 8, -1 ]
			    }

		    }
	    }

	    DEF VIFS829 Transform {
		    translation	0 0 0.25
		    rotation	1 0 0  1.571
		    children Shape {
			    appearance	Appearance {
				    material	Material {
					    ambientIntensity	1
					    diffuseColor	0.8588 0.8 0.7765
					    shininess	0.62
					    specularColor	0.9 0.9 0.9
				    }

			    }

			    geometry	DEF VIFS829-FACES IndexedFaceSet {
				    coord	DEF VIFS829-COORD Coordinate {
					    point	[ 0 0 3.5,
							      -0.1409 0.5005 3.747,
							      -0.2815 1 3.739,
							      -0.2815 1 3.5,
							      0 0 3.5,
							      -0.2815 1 3.739,
							      0 0 3.75,
							      -0.1409 0.5005 3.747,
							      0 0 3.5 ]
				    }

				    ccw	TRUE
				    solid	FALSE
				    coordIndex	[ 0, 1, 2, -1, 3, 4, 5, -1,
						      6, 7, 8, -1 ]
			    }

		    }
	    }

	    DEF VIFS828 Transform {
		    translation	0 0 0.25
		    rotation	1 0 0  1.571
		    children Shape {
			    appearance	Appearance {
				    material	Material {
					    ambientIntensity	1
					    diffuseColor	0.8588 0.8 0.7765
					    shininess	0.62
					    specularColor	0.9 0.9 0.9
				    }

			    }

			    geometry	DEF VIFS828-FACES IndexedFaceSet {
				    coord	DEF VIFS828-COORD Coordinate {
					    point	[ 0 0 3.5,
							      -0.2815 1 3.5,
							      -0.2011 0 3.5,
							      -0.4825 1 3.5,
							      -0.2011 0 3.5,
							      -0.2815 1 3.5 ]
				    }

				    ccw	TRUE
				    solid	FALSE
				    coordIndex	[ 0, 1, 2, -1, 3, 4, 5, -1 ]
			    }

		    }
	    }

	    DEF VIFS827 Transform {
		    translation	0 0 0.25
		    rotation	1 0 0  1.571
		    children Shape {
			    appearance	Appearance {
				    material	Material {
					    ambientIntensity	1
					    diffuseColor	0.8588 0.8 0.7765
					    shininess	0.62
					    specularColor	0.9 0.9 0.9
				    }

			    }

			    geometry	DEF VIFS827-FACES IndexedFaceSet {
				    coord	DEF VIFS827-COORD Coordinate {
					    point	[ -0.7858 1 3.445,
							      -0.6663 0.5013 3.69,
							      -0.5267 0 3.713,
							      -0.5053 0 3.469,
							      -0.7858 1 3.445,
							      -0.5267 0 3.713,
							      -0.8048 1 3.663,
							      -0.6663 0.5013 3.69,
							      -0.7858 1 3.445 ]
				    }

				    ccw	TRUE
				    solid	FALSE
				    coordIndex	[ 0, 1, 2, -1, 3, 4, 5, -1,
						      6, 7, 8, -1 ]
			    }

		    }
	    }

	    DEF VIFS826 Transform {
		    translation	0 0 0.25
		    rotation	1 0 0  1.571
		    children Shape {
			    appearance	Appearance {
				    material	Material {
					    ambientIntensity	1
					    diffuseColor	0.8588 0.8 0.7765
					    shininess	0.62
					    specularColor	0.9 0.9 0.9
				    }

			    }

			    geometry	DEF VIFS826-FACES IndexedFaceSet {
				    coord	DEF VIFS826-COORD Coordinate {
					    point	[ -0.305 0 3.487,
							      -0.4669 0.5005 3.721,
							      -0.6063 1 3.701,
							      -0.5855 1 3.462,
							      -0.305 0 3.487,
							      -0.6063 1 3.701,
							      -0.3268 0 3.736,
							      -0.4669 0.5005 3.721,
							      -0.305 0 3.487 ]
				    }

				    ccw	TRUE
				    solid	FALSE
				    coordIndex	[ 0, 1, 2, -1, 3, 4, 5, -1,
						      6, 7, 8, -1 ]
			    }

		    }
	    }

	    DEF VIFS825 Transform {
		    translation	0 0 0.25
		    rotation	1 0 0  1.571
		    children Shape {
			    appearance	Appearance {
				    material	Material {
					    ambientIntensity	1
					    diffuseColor	0.8588 0.8 0.7765
					    shininess	0.62
					    specularColor	0.9 0.9 0.9
				    }

			    }

			    geometry	DEF VIFS825-FACES IndexedFaceSet {
				    coord	DEF VIFS825-COORD Coordinate {
					    point	[ -0.305 0 3.487,
							      -0.5855 1 3.462,
							      -0.5053 0 3.469,
							      -0.7858 1 3.445,
							      -0.5053 0 3.469,
							      -0.5855 1 3.462 ]
				    }

				    ccw	TRUE
				    solid	FALSE
				    coordIndex	[ 0, 1, 2, -1, 3, 4, 5, -1 ]
			    }

		    }
	    }

	    DEF VIFS824 Transform {
		    translation	0 0 0.25
		    rotation	1 0 0  1.571
		    children Shape {
			    appearance	Appearance {
				    material	Material {
					    ambientIntensity	1
					    diffuseColor	0.8588 0.8 0.7765
					    shininess	0.62
					    specularColor	0.9 0.9 0.9
				    }

			    }

			    geometry	DEF VIFS824-FACES IndexedFaceSet {
				    coord	DEF VIFS824-COORD Coordinate {
					    point	[ -1.083 1 3.363,
							      -0.9854 0.5013 3.618,
							      -0.8482 0 3.653,
							      -0.8058 0 3.412,
							      -1.083 1 3.363,
							      -0.8482 0 3.653,
							      -1.121 1 3.579,
							      -0.9854 0.5013 3.618,
							      -1.083 1 3.363 ]
				    }

				    ccw	TRUE
				    solid	FALSE
				    coordIndex	[ 0, 1, 2, -1, 3, 4, 5, -1,
						      6, 7, 8, -1 ]
			    }

		    }
	    }

	    DEF VIFS823 Transform {
		    translation	0 0 0.25
		    rotation	1 0 0  1.571
		    children Shape {
			    appearance	Appearance {
				    material	Material {
					    ambientIntensity	1
					    diffuseColor	0.8588 0.8 0.7765
					    shininess	0.62
					    specularColor	0.9 0.9 0.9
				    }

			    }

			    geometry	DEF VIFS823-FACES IndexedFaceSet {
				    coord	DEF VIFS823-COORD Coordinate {
					    point	[ -0.6078 0 3.447,
							      -0.7895 0.5005 3.666,
							      -0.9265 1 3.634,
							      -0.885 1 3.398,
							      -0.6078 0 3.447,
							      -0.9265 1 3.634,
							      -0.6512 0 3.693,
							      -0.7895 0.5005 3.666,
							      -0.6078 0 3.447 ]
				    }

				    ccw	TRUE
				    solid	FALSE
				    coordIndex	[ 0, 1, 2, -1, 3, 4, 5, -1,
						      6, 7, 8, -1 ]
			    }

		    }
	    }

	    DEF VIFS822 Transform {
		    translation	0 0 0.25
		    rotation	1 0 0  1.571
		    children Shape {
			    appearance	Appearance {
				    material	Material {
					    ambientIntensity	1
					    diffuseColor	0.8588 0.8 0.7765
					    shininess	0.62
					    specularColor	0.9 0.9 0.9
				    }

			    }

			    geometry	DEF VIFS822-FACES IndexedFaceSet {
				    coord	DEF VIFS822-COORD Coordinate {
					    point	[ -0.6078 0 3.447,
							      -0.885 1 3.398,
							      -0.8058 0 3.412,
							      -1.083 1 3.363,
							      -0.8058 0 3.412,
							      -0.885 1 3.398 ]
				    }

				    ccw	TRUE
				    solid	FALSE
				    coordIndex	[ 0, 1, 2, -1, 3, 4, 5, -1 ]
			    }

		    }
	    }

	    DEF VIFS821 Transform {
		    translation	0 0 0.25
		    rotation	1 0 0  1.571
		    children Shape {
			    appearance	Appearance {
				    material	Material {
					    ambientIntensity	1
					    diffuseColor	0.8588 0.8 0.7765
					    shininess	0.62
					    specularColor	0.9 0.9 0.9
				    }

			    }

			    geometry	DEF VIFS821-FACES IndexedFaceSet {
				    coord	DEF VIFS821-COORD Coordinate {
					    point	[ -1.372 1 3.256,
							      -1.297 0.5013 3.519,
							      -1.163 0 3.565,
							      -1.1 0 3.329,
							      -1.372 1 3.256,
							      -1.163 0 3.565,
							      -1.429 1 3.467,
							      -1.297 0.5013 3.519,
							      -1.372 1 3.256 ]
				    }

				    ccw	TRUE
				    solid	FALSE
				    coordIndex	[ 0, 1, 2, -1, 3, 4, 5, -1,
						      6, 7, 8, -1 ]
			    }

		    }
	    }

	    DEF VIFS820 Transform {
		    translation	0 0 0.25
		    rotation	1 0 0  1.571
		    children Shape {
			    appearance	Appearance {
				    material	Material {
					    ambientIntensity	1
					    diffuseColor	0.8588 0.8 0.7765
					    shininess	0.62
					    specularColor	0.9 0.9 0.9
				    }

			    }

			    geometry	DEF VIFS820-FACES IndexedFaceSet {
				    coord	DEF VIFS820-COORD Coordinate {
					    point	[ -0.9059 0 3.381,
							      -1.106 0.5005 3.583,
							      -1.24 1 3.539,
							      -1.178 1 3.308,
							      -0.9059 0 3.381,
							      -1.24 1 3.539,
							      -0.9706 0 3.622,
							      -1.106 0.5005 3.583,
							      -0.9059 0 3.381 ]
				    }

				    ccw	TRUE
				    solid	FALSE
				    coordIndex	[ 0, 1, 2, -1, 3, 4, 5, -1,
						      6, 7, 8, -1 ]
			    }

		    }
	    }

	    DEF VIFS819 Transform {
		    translation	0 0 0.25
		    rotation	1 0 0  1.571
		    children Shape {
			    appearance	Appearance {
				    material	Material {
					    ambientIntensity	1
					    diffuseColor	0.8588 0.8 0.7765
					    shininess	0.62
					    specularColor	0.9 0.9 0.9
				    }

			    }

			    geometry	DEF VIFS819-FACES IndexedFaceSet {
				    coord	DEF VIFS819-COORD Coordinate {
					    point	[ -0.9059 0 3.381,
							      -1.178 1 3.308,
							      -1.1 0 3.329,
							      -1.372 1 3.256,
							      -1.1 0 3.329,
							      -1.178 1 3.308 ]
				    }

				    ccw	TRUE
				    solid	FALSE
				    coordIndex	[ 0, 1, 2, -1, 3, 4, 5, -1 ]
			    }

		    }
	    }

	    DEF VIFS818 Transform {
		    translation	0 0 0.25
		    rotation	1 0 0  1.571
		    children Shape {
			    appearance	Appearance {
				    material	Material {
					    ambientIntensity	1
					    diffuseColor	0.8588 0.8 0.7765
					    shininess	0.62
					    specularColor	0.9 0.9 0.9
				    }

			    }

			    geometry	DEF VIFS818-FACES IndexedFaceSet {
				    coord	DEF VIFS818-COORD Coordinate {
					    point	[ -1.651 1 3.124,
							      -1.599 0.5013 3.392,
							      -1.47 0 3.45,
							      -1.386 0 3.22,
							      -1.651 1 3.124,
							      -1.47 0 3.45,
							      -1.725 1 3.329,
							      -1.599 0.5013 3.392,
							      -1.651 1 3.124 ]
				    }

				    ccw	TRUE
				    solid	FALSE
				    coordIndex	[ 0, 1, 2, -1, 3, 4, 5, -1,
						      6, 7, 8, -1 ]
			    }

		    }
	    }

	    DEF VIFS817 Transform {
		    translation	0 0 0.25
		    rotation	1 0 0  1.571
		    children Shape {
			    appearance	Appearance {
				    material	Material {
					    ambientIntensity	1
					    diffuseColor	0.8588 0.8 0.7765
					    shininess	0.62
					    specularColor	0.9 0.9 0.9
				    }

			    }

			    geometry	DEF VIFS817-FACES IndexedFaceSet {
				    coord	DEF VIFS817-COORD Coordinate {
					    point	[ -1.197 0 3.289,
							      -1.414 0.5005 3.473,
							      -1.543 1 3.418,
							      -1.462 1 3.193,
							      -1.197 0 3.289,
							      -1.543 1 3.418,
							      -1.283 0 3.524,
							      -1.414 0.5005 3.473,
							      -1.197 0 3.289 ]
				    }

				    ccw	TRUE
				    solid	FALSE
				    coordIndex	[ 0, 1, 2, -1, 3, 4, 5, -1,
						      6, 7, 8, -1 ]
			    }

		    }
	    }

	    DEF VIFS816 Transform {
		    translation	0 0 0.25
		    rotation	1 0 0  1.571
		    children Shape {
			    appearance	Appearance {
				    material	Material {
					    ambientIntensity	1
					    diffuseColor	0.8588 0.8 0.7765
					    shininess	0.62
					    specularColor	0.9 0.9 0.9
				    }

			    }

			    geometry	DEF VIFS816-FACES IndexedFaceSet {
				    coord	DEF VIFS816-COORD Coordinate {
					    point	[ -1.197 0 3.289,
							      -1.462 1 3.193,
							      -1.386 0 3.22,
							      -1.651 1 3.124,
							      -1.386 0 3.22,
							      -1.462 1 3.193 ]
				    }

				    ccw	TRUE
				    solid	FALSE
				    coordIndex	[ 0, 1, 2, -1, 3, 4, 5, -1 ]
			    }

		    }
	    }

	    DEF VIFS815 Transform {
		    translation	0 0 0.25
		    rotation	1 0 0  1.571
		    children Shape {
			    appearance	Appearance {
				    material	Material {
					    ambientIntensity	1
					    diffuseColor	0.8588 0.8 0.7765
					    shininess	0.62
					    specularColor	0.9 0.9 0.9
				    }

			    }

			    geometry	DEF VIFS815-FACES IndexedFaceSet {
				    coord	DEF VIFS815-COORD Coordinate {
					    point	[ -1.916 1 2.968,
							      -1.888 0.5013 3.24,
							      -1.765 0 3.309,
							      -1.661 0 3.087,
							      -1.916 1 2.968,
							      -1.765 0 3.309,
							      -2.009 1 3.166,
							      -1.888 0.5013 3.24,
							      -1.916 1 2.968 ]
				    }

				    ccw	TRUE
				    solid	FALSE
				    coordIndex	[ 0, 1, 2, -1, 3, 4, 5, -1,
						      6, 7, 8, -1 ]
			    }

		    }
	    }

	    DEF VIFS814 Transform {
		    translation	0 0 0.25
		    rotation	1 0 0  1.571
		    children Shape {
			    appearance	Appearance {
				    material	Material {
					    ambientIntensity	1
					    diffuseColor	0.8588 0.8 0.7765
					    shininess	0.62
					    specularColor	0.9 0.9 0.9
				    }

			    }

			    geometry	DEF VIFS814-FACES IndexedFaceSet {
				    coord	DEF VIFS814-COORD Coordinate {
					    point	[ -1.479 0 3.172,
							      -1.711 0.5005 3.337,
							      -1.835 1 3.27,
							      -1.734 1 3.053,
							      -1.479 0 3.172,
							      -1.835 1 3.27,
							      -1.585 0 3.399,
							      -1.711 0.5005 3.337,
							      -1.479 0 3.172 ]
				    }

				    ccw	TRUE
				    solid	FALSE
				    coordIndex	[ 0, 1, 2, -1, 3, 4, 5, -1,
						      6, 7, 8, -1 ]
			    }

		    }
	    }

	    DEF VIFS813 Transform {
		    translation	0 0 0.25
		    rotation	1 0 0  1.571
		    children Shape {
			    appearance	Appearance {
				    material	Material {
					    ambientIntensity	1
					    diffuseColor	0.8588 0.8 0.7765
					    shininess	0.62
					    specularColor	0.9 0.9 0.9
				    }

			    }

			    geometry	DEF VIFS813-FACES IndexedFaceSet {
				    coord	DEF VIFS813-COORD Coordinate {
					    point	[ -1.479 0 3.172,
							      -1.734 1 3.053,
							      -1.661 0 3.087,
							      -1.916 1 2.968,
							      -1.661 0 3.087,
							      -1.734 1 3.053 ]
				    }

				    ccw	TRUE
				    solid	FALSE
				    coordIndex	[ 0, 1, 2, -1, 3, 4, 5, -1 ]
			    }

		    }
	    }

	    DEF VIFS812 Transform {
		    translation	0 0 0.25
		    rotation	1 0 0  1.571
		    children Shape {
			    appearance	Appearance {
				    material	Material {
					    ambientIntensity	1
					    diffuseColor	0.8588 0.8 0.7765
					    shininess	0.62
					    specularColor	0.9 0.9 0.9
				    }

			    }

			    geometry	DEF VIFS812-FACES IndexedFaceSet {
				    coord	DEF VIFS812-COORD Coordinate {
					    point	[ -2.168 1 2.79,
							      -2.164 0.5013 3.063,
							      -2.046 0 3.142,
							      -1.924 0 2.931,
							      -2.168 1 2.79,
							      -2.046 0 3.142,
							      -2.277 1 2.979,
							      -2.164 0.5013 3.063,
							      -2.168 1 2.79 ]
				    }

				    ccw	TRUE
				    solid	FALSE
				    coordIndex	[ 0, 1, 2, -1, 3, 4, 5, -1,
						      6, 7, 8, -1 ]
			    }

		    }
	    }

	    DEF VIFS811 Transform {
		    translation	0 0 0.25
		    rotation	1 0 0  1.571
		    children Shape {
			    appearance	Appearance {
				    material	Material {
					    ambientIntensity	1
					    diffuseColor	0.8588 0.8 0.7765
					    shininess	0.62
					    specularColor	0.9 0.9 0.9
				    }

			    }

			    geometry	DEF VIFS811-FACES IndexedFaceSet {
				    coord	DEF VIFS811-COORD Coordinate {
					    point	[ -1.75 0 3.031,
							      -1.996 0.5005 3.175,
							      -2.113 1 3.098,
							      -1.994 1 2.89,
							      -1.75 0 3.031,
							      -2.113 1 3.098,
							      -1.875 0 3.248,
							      -1.996 0.5005 3.175,
							      -1.75 0 3.031 ]
				    }

				    ccw	TRUE
				    solid	FALSE
				    coordIndex	[ 0, 1, 2, -1, 3, 4, 5, -1,
						      6, 7, 8, -1 ]
			    }

		    }
	    }

	    DEF VIFS810 Transform {
		    translation	0 0 0.25
		    rotation	1 0 0  1.571
		    children Shape {
			    appearance	Appearance {
				    material	Material {
					    ambientIntensity	1
					    diffuseColor	0.8588 0.8 0.7765
					    shininess	0.62
					    specularColor	0.9 0.9 0.9
				    }

			    }

			    geometry	DEF VIFS810-FACES IndexedFaceSet {
				    coord	DEF VIFS810-COORD Coordinate {
					    point	[ -1.75 0 3.031,
							      -1.994 1 2.89,
							      -1.924 0 2.931,
							      -2.168 1 2.79,
							      -1.924 0 2.931,
							      -1.994 1 2.89 ]
				    }

				    ccw	TRUE
				    solid	FALSE
				    coordIndex	[ 0, 1, 2, -1, 3, 4, 5, -1 ]
			    }

		    }
	    }

	    DEF VIFS809 Transform {
		    translation	0 0 0.25
		    rotation	1 0 0  1.571
		    children Shape {
			    appearance	Appearance {
				    material	Material {
					    ambientIntensity	1
					    diffuseColor	0.8588 0.8 0.7765
					    shininess	0.62
					    specularColor	0.9 0.9 0.9
				    }

			    }

			    geometry	DEF VIFS809-FACES IndexedFaceSet {
				    coord	DEF VIFS809-COORD Coordinate {
					    point	[ -2.403 1 2.59,
							      -2.422 0.5013 2.863,
							      -2.313 0 2.952,
							      -2.172 0 2.752,
							      -2.403 1 2.59,
							      -2.313 0 2.952,
							      -2.528 1 2.769,
							      -2.422 0.5013 2.863,
							      -2.403 1 2.59 ]
				    }

				    ccw	TRUE
				    solid	FALSE
				    coordIndex	[ 0, 1, 2, -1, 3, 4, 5, -1,
						      6, 7, 8, -1 ]
			    }

		    }
	    }

	    DEF VIFS808 Transform {
		    translation	0 0 0.25
		    rotation	1 0 0  1.571
		    children Shape {
			    appearance	Appearance {
				    material	Material {
					    ambientIntensity	1
					    diffuseColor	0.8588 0.8 0.7765
					    shininess	0.62
					    specularColor	0.9 0.9 0.9
				    }

			    }

			    geometry	DEF VIFS808-FACES IndexedFaceSet {
				    coord	DEF VIFS808-COORD Coordinate {
					    point	[ -2.008 0 2.867,
							      -2.265 0.5005 2.989,
							      -2.375 1 2.902,
							      -2.238 1 2.706,
							      -2.008 0 2.867,
							      -2.375 1 2.902,
							      -2.151 0 3.072,
							      -2.265 0.5005 2.989,
							      -2.008 0 2.867 ]
				    }

				    ccw	TRUE
				    solid	FALSE
				    coordIndex	[ 0, 1, 2, -1, 3, 4, 5, -1,
						      6, 7, 8, -1 ]
			    }

		    }
	    }

	    DEF VIFS807 Transform {
		    translation	0 0 0.25
		    rotation	1 0 0  1.571
		    children Shape {
			    appearance	Appearance {
				    material	Material {
					    ambientIntensity	1
					    diffuseColor	0.8588 0.8 0.7765
					    shininess	0.62
					    specularColor	0.9 0.9 0.9
				    }

			    }

			    geometry	DEF VIFS807-FACES IndexedFaceSet {
				    coord	DEF VIFS807-COORD Coordinate {
					    point	[ -2.008 0 2.867,
							      -2.238 1 2.706,
							      -2.172 0 2.752,
							      -2.403 1 2.59,
							      -2.172 0 2.752,
							      -2.238 1 2.706 ]
				    }

				    ccw	TRUE
				    solid	FALSE
				    coordIndex	[ 0, 1, 2, -1, 3, 4, 5, -1 ]
			    }

		    }
	    }

	    DEF VIFS806 Transform {
		    translation	0 0 0.25
		    rotation	1 0 0  1.571
		    children Shape {
			    appearance	Appearance {
				    material	Material {
					    ambientIntensity	1
					    diffuseColor	0.8588 0.8 0.7765
					    shininess	0.62
					    specularColor	0.9 0.9 0.9
				    }

			    }

			    geometry	DEF VIFS806-FACES IndexedFaceSet {
				    coord	DEF VIFS806-COORD Coordinate {
					    point	[ -2.619 1 2.371,
							      -2.663 0.5013 2.641,
							      -2.561 0 2.739,
							      -2.404 0 2.552,
							      -2.619 1 2.371,
							      -2.561 0 2.739,
							      -2.76 1 2.539,
							      -2.663 0.5013 2.641,
							      -2.619 1 2.371 ]
				    }

				    ccw	TRUE
				    solid	FALSE
				    coordIndex	[ 0, 1, 2, -1, 3, 4, 5, -1,
						      6, 7, 8, -1 ]
			    }

		    }
	    }

	    DEF VIFS805 Transform {
		    translation	0 0 0.25
		    rotation	1 0 0  1.571
		    children Shape {
			    appearance	Appearance {
				    material	Material {
					    ambientIntensity	1
					    diffuseColor	0.8588 0.8 0.7765
					    shininess	0.62
					    specularColor	0.9 0.9 0.9
				    }

			    }

			    geometry	DEF VIFS805-FACES IndexedFaceSet {
				    coord	DEF VIFS805-COORD Coordinate {
					    point	[ -2.25 0 2.681,
							      -2.517 0.5005 2.78,
							      -2.619 1 2.684,
							      -2.465 1 2.5,
							      -2.25 0 2.681,
							      -2.619 1 2.684,
							      -2.41 0 2.873,
							      -2.517 0.5005 2.78,
							      -2.25 0 2.681 ]
				    }

				    ccw	TRUE
				    solid	FALSE
				    coordIndex	[ 0, 1, 2, -1, 3, 4, 5, -1,
						      6, 7, 8, -1 ]
			    }

		    }
	    }

	    DEF VIFS804 Transform {
		    translation	0 0 0.25
		    rotation	1 0 0  1.571
		    children Shape {
			    appearance	Appearance {
				    material	Material {
					    ambientIntensity	1
					    diffuseColor	0.8588 0.8 0.7765
					    shininess	0.62
					    specularColor	0.9 0.9 0.9
				    }

			    }

			    geometry	DEF VIFS804-FACES IndexedFaceSet {
				    coord	DEF VIFS804-COORD Coordinate {
					    point	[ -2.25 0 2.681,
							      -2.465 1 2.5,
							      -2.404 0 2.552,
							      -2.619 1 2.371,
							      -2.404 0 2.552,
							      -2.465 1 2.5 ]
				    }

				    ccw	TRUE
				    solid	FALSE
				    coordIndex	[ 0, 1, 2, -1, 3, 4, 5, -1 ]
			    }

		    }
	    }

	    DEF VIFS803 Transform {
		    translation	0 0 0.25
		    rotation	1 0 0  1.571
		    children Shape {
			    appearance	Appearance {
				    material	Material {
					    ambientIntensity	1
					    diffuseColor	0.8588 0.8 0.7765
					    shininess	0.62
					    specularColor	0.9 0.9 0.9
				    }

			    }

			    geometry	DEF VIFS803-FACES IndexedFaceSet {
				    coord	DEF VIFS803-COORD Coordinate {
					    point	[ -2.816 1 2.134,
							      -2.883 0.5013 2.399,
							      -2.79 0 2.506,
							      -2.617 0 2.333,
							      -2.816 1 2.134,
							      -2.79 0 2.506,
							      -2.971 1 2.288,
							      -2.883 0.5013 2.399,
							      -2.816 1 2.134 ]
				    }

				    ccw	TRUE
				    solid	FALSE
				    coordIndex	[ 0, 1, 2, -1, 3, 4, 5, -1,
						      6, 7, 8, -1 ]
			    }

		    }
	    }

	    DEF VIFS802 Transform {
		    translation	0 0 0.25
		    rotation	1 0 0  1.571
		    children Shape {
			    appearance	Appearance {
				    material	Material {
					    ambientIntensity	1
					    diffuseColor	0.8588 0.8 0.7765
					    shininess	0.62
					    specularColor	0.9 0.9 0.9
				    }

			    }

			    geometry	DEF VIFS802-FACES IndexedFaceSet {
				    coord	DEF VIFS802-COORD Coordinate {
					    point	[ -2.475 0 2.475,
							      -2.749 0.5005 2.55,
							      -2.843 1 2.445,
							      -2.674 1 2.276,
							      -2.475 0 2.475,
							      -2.843 1 2.445,
							      -2.652 0 2.652,
							      -2.749 0.5005 2.55,
							      -2.475 0 2.475 ]
				    }

				    ccw	TRUE
				    solid	FALSE
				    coordIndex	[ 0, 1, 2, -1, 3, 4, 5, -1,
						      6, 7, 8, -1 ]
			    }

		    }
	    }

	    DEF VIFS801 Transform {
		    translation	0 0 0.25
		    rotation	1 0 0  1.571
		    children Shape {
			    appearance	Appearance {
				    material	Material {
					    ambientIntensity	1
					    diffuseColor	0.8588 0.8 0.7765
					    shininess	0.62
					    specularColor	0.9 0.9 0.9
				    }

			    }

			    geometry	DEF VIFS801-FACES IndexedFaceSet {
				    coord	DEF VIFS801-COORD Coordinate {
					    point	[ -2.475 0 2.475,
							      -2.674 1 2.276,
							      -2.617 0 2.333,
							      -2.816 1 2.134,
							      -2.617 0 2.333,
							      -2.674 1 2.276 ]
				    }

				    ccw	TRUE
				    solid	FALSE
				    coordIndex	[ 0, 1, 2, -1, 3, 4, 5, -1 ]
			    }

		    }
	    }

	    DEF VIFS800 Transform {
		    translation	0 0 0.25
		    rotation	1 0 0  1.571
		    children Shape {
			    appearance	Appearance {
				    material	Material {
					    ambientIntensity	1
					    diffuseColor	0.8588 0.8 0.7765
					    shininess	0.62
					    specularColor	0.9 0.9 0.9
				    }

			    }

			    geometry	DEF VIFS800-FACES IndexedFaceSet {
				    coord	DEF VIFS800-COORD Coordinate {
					    point	[ -2.991 1 1.88,
							      -3.081 0.5013 2.138,
							      -2.998 0 2.253,
							      -2.81 0 2.096,
							      -2.991 1 1.88,
							      -2.998 0 2.253,
							      -3.159 1 2.021,
							      -3.081 0.5013 2.138,
							      -2.991 1 1.88 ]
				    }

				    ccw	TRUE
				    solid	FALSE
				    coordIndex	[ 0, 1, 2, -1, 3, 4, 5, -1,
						      6, 7, 8, -1 ]
			    }

		    }
	    }

	    DEF VIFS799 Transform {
		    translation	0 0 0.25
		    rotation	1 0 0  1.571
		    children Shape {
			    appearance	Appearance {
				    material	Material {
					    ambientIntensity	1
					    diffuseColor	0.8588 0.8 0.7765
					    shininess	0.62
					    specularColor	0.9 0.9 0.9
				    }

			    }

			    geometry	DEF VIFS799-FACES IndexedFaceSet {
				    coord	DEF VIFS799-COORD Coordinate {
					    point	[ -2.681 0 2.25,
							      -2.961 0.5005 2.301,
							      -3.046 1 2.188,
							      -2.862 1 2.034,
							      -2.681 0 2.25,
							      -3.046 1 2.188,
							      -2.873 0 2.41,
							      -2.961 0.5005 2.301,
							      -2.681 0 2.25 ]
				    }

				    ccw	TRUE
				    solid	FALSE
				    coordIndex	[ 0, 1, 2, -1, 3, 4, 5, -1,
						      6, 7, 8, -1 ]
			    }

		    }
	    }

	    DEF VIFS798 Transform {
		    translation	0 0 0.25
		    rotation	1 0 0  1.571
		    children Shape {
			    appearance	Appearance {
				    material	Material {
					    ambientIntensity	1
					    diffuseColor	0.8588 0.8 0.7765
					    shininess	0.62
					    specularColor	0.9 0.9 0.9
				    }

			    }

			    geometry	DEF VIFS798-FACES IndexedFaceSet {
				    coord	DEF VIFS798-COORD Coordinate {
					    point	[ -2.681 0 2.25,
							      -2.862 1 2.034,
							      -2.81 0 2.096,
							      -2.991 1 1.88,
							      -2.81 0 2.096,
							      -2.862 1 2.034 ]
				    }

				    ccw	TRUE
				    solid	FALSE
				    coordIndex	[ 0, 1, 2, -1, 3, 4, 5, -1 ]
			    }

		    }
	    }

	    DEF VIFS797 Transform {
		    translation	0 0 0.25
		    rotation	1 0 0  1.571
		    children Shape {
			    appearance	Appearance {
				    material	Material {
					    ambientIntensity	1
					    diffuseColor	0.8588 0.8 0.7765
					    shininess	0.62
					    specularColor	0.9 0.9 0.9
				    }

			    }

			    geometry	DEF VIFS797-FACES IndexedFaceSet {
				    coord	DEF VIFS797-COORD Coordinate {
					    point	[ -3.144 1 1.612,
							      -3.255 0.5013 1.862,
							      -3.183 0 1.983,
							      -2.982 0 1.843,
							      -3.144 1 1.612,
							      -3.183 0 1.983,
							      -3.323 1 1.738,
							      -3.255 0.5013 1.862,
							      -3.144 1 1.612 ]
				    }

				    ccw	TRUE
				    solid	FALSE
				    coordIndex	[ 0, 1, 2, -1, 3, 4, 5, -1,
						      6, 7, 8, -1 ]
			    }

		    }
	    }

	    DEF VIFS796 Transform {
		    translation	0 0 0.25
		    rotation	1 0 0  1.571
		    children Shape {
			    appearance	Appearance {
				    material	Material {
					    ambientIntensity	1
					    diffuseColor	0.8588 0.8 0.7765
					    shininess	0.62
					    specularColor	0.9 0.9 0.9
				    }

			    }

			    geometry	DEF VIFS796-FACES IndexedFaceSet {
				    coord	DEF VIFS796-COORD Coordinate {
					    point	[ -2.867 0 2.008,
							      -3.15 0.5005 2.034,
							      -3.225 1 1.914,
							      -3.028 1 1.777,
							      -2.867 0 2.008,
							      -3.225 1 1.914,
							      -3.072 0 2.151,
							      -3.15 0.5005 2.034,
							      -2.867 0 2.008 ]
				    }

				    ccw	TRUE
				    solid	FALSE
				    coordIndex	[ 0, 1, 2, -1, 3, 4, 5, -1,
						      6, 7, 8, -1 ]
			    }

		    }
	    }

	    DEF VIFS795 Transform {
		    translation	0 0 0.25
		    rotation	1 0 0  1.571
		    children Shape {
			    appearance	Appearance {
				    material	Material {
					    ambientIntensity	1
					    diffuseColor	0.8588 0.8 0.7765
					    shininess	0.62
					    specularColor	0.9 0.9 0.9
				    }

			    }

			    geometry	DEF VIFS795-FACES IndexedFaceSet {
				    coord	DEF VIFS795-COORD Coordinate {
					    point	[ -2.867 0 2.008,
							      -3.028 1 1.777,
							      -2.982 0 1.843,
							      -3.144 1 1.612,
							      -2.982 0 1.843,
							      -3.028 1 1.777 ]
				    }

				    ccw	TRUE
				    solid	FALSE
				    coordIndex	[ 0, 1, 2, -1, 3, 4, 5, -1 ]
			    }

		    }
	    }

	    DEF VIFS794 Transform {
		    translation	0 0 0.25
		    rotation	1 0 0  1.571
		    children Shape {
			    appearance	Appearance {
				    material	Material {
					    ambientIntensity	1
					    diffuseColor	0.8588 0.8 0.7765
					    shininess	0.62
					    specularColor	0.9 0.9 0.9
				    }

			    }

			    geometry	DEF VIFS794-FACES IndexedFaceSet {
				    coord	DEF VIFS794-COORD Coordinate {
					    point	[ -3.272 1 1.332,
							      -3.405 0.5013 1.571,
							      -3.343 0 1.698,
							      -3.132 0 1.576,
							      -3.272 1 1.332,
							      -3.343 0 1.698,
							      -3.462 1 1.441,
							      -3.405 0.5013 1.571,
							      -3.272 1 1.332 ]
				    }

				    ccw	TRUE
				    solid	FALSE
				    coordIndex	[ 0, 1, 2, -1, 3, 4, 5, -1,
						      6, 7, 8, -1 ]
			    }

		    }
	    }

	    DEF VIFS793 Transform {
		    translation	0 0 0.25
		    rotation	1 0 0  1.571
		    children Shape {
			    appearance	Appearance {
				    material	Material {
					    ambientIntensity	1
					    diffuseColor	0.8588 0.8 0.7765
					    shininess	0.62
					    specularColor	0.9 0.9 0.9
				    }

			    }

			    geometry	DEF VIFS793-FACES IndexedFaceSet {
				    coord	DEF VIFS793-COORD Coordinate {
					    point	[ -3.031 0 1.75,
							      -3.316 0.5005 1.752,
							      -3.379 1 1.626,
							      -3.172 1 1.506,
							      -3.031 0 1.75,
							      -3.379 1 1.626,
							      -3.248 0 1.875,
							      -3.316 0.5005 1.752,
							      -3.031 0 1.75 ]
				    }

				    ccw	TRUE
				    solid	FALSE
				    coordIndex	[ 0, 1, 2, -1, 3, 4, 5, -1,
						      6, 7, 8, -1 ]
			    }

		    }
	    }

	    DEF VIFS792 Transform {
		    translation	0 0 0.25
		    rotation	1 0 0  1.571
		    children Shape {
			    appearance	Appearance {
				    material	Material {
					    ambientIntensity	1
					    diffuseColor	0.8588 0.8 0.7765
					    shininess	0.62
					    specularColor	0.9 0.9 0.9
				    }

			    }

			    geometry	DEF VIFS792-FACES IndexedFaceSet {
				    coord	DEF VIFS792-COORD Coordinate {
					    point	[ -3.031 0 1.75,
							      -3.172 1 1.506,
							      -3.132 0 1.576,
							      -3.272 1 1.332,
							      -3.132 0 1.576,
							      -3.172 1 1.506 ]
				    }

				    ccw	TRUE
				    solid	FALSE
				    coordIndex	[ 0, 1, 2, -1, 3, 4, 5, -1 ]
			    }

		    }
	    }

	    DEF VIFS791 Transform {
		    translation	0 0 0.25
		    rotation	1 0 0  1.571
		    children Shape {
			    appearance	Appearance {
				    material	Material {
					    ambientIntensity	1
					    diffuseColor	0.8588 0.8 0.7765
					    shininess	0.62
					    specularColor	0.9 0.9 0.9
				    }

			    }

			    geometry	DEF VIFS791-FACES IndexedFaceSet {
				    coord	DEF VIFS791-COORD Coordinate {
					    point	[ -3.376 1 1.042,
							      -3.529 0.5013 1.268,
							      -3.479 0 1.4,
							      -3.257 0 1.297,
							      -3.376 1 1.042,
							      -3.479 0 1.4,
							      -3.574 1 1.134,
							      -3.529 0.5013 1.268,
							      -3.376 1 1.042 ]
				    }

				    ccw	TRUE
				    solid	FALSE
				    coordIndex	[ 0, 1, 2, -1, 3, 4, 5, -1,
						      6, 7, 8, -1 ]
			    }

		    }
	    }

	    DEF VIFS790 Transform {
		    translation	0 0 0.25
		    rotation	1 0 0  1.571
		    children Shape {
			    appearance	Appearance {
				    material	Material {
					    ambientIntensity	1
					    diffuseColor	0.8588 0.8 0.7765
					    shininess	0.62
					    specularColor	0.9 0.9 0.9
				    }

			    }

			    geometry	DEF VIFS790-FACES IndexedFaceSet {
				    coord	DEF VIFS790-COORD Coordinate {
					    point	[ -3.172 0 1.479,
							      -3.456 0.5005 1.456,
							      -3.508 1 1.325,
							      -3.291 1 1.224,
							      -3.172 0 1.479,
							      -3.508 1 1.325,
							      -3.399 0 1.585,
							      -3.456 0.5005 1.456,
							      -3.172 0 1.479 ]
				    }

				    ccw	TRUE
				    solid	FALSE
				    coordIndex	[ 0, 1, 2, -1, 3, 4, 5, -1,
						      6, 7, 8, -1 ]
			    }

		    }
	    }

	    DEF VIFS789 Transform {
		    translation	0 0 0.25
		    rotation	1 0 0  1.571
		    children Shape {
			    appearance	Appearance {
				    material	Material {
					    ambientIntensity	1
					    diffuseColor	0.8588 0.8 0.7765
					    shininess	0.62
					    specularColor	0.9 0.9 0.9
				    }

			    }

			    geometry	DEF VIFS789-FACES IndexedFaceSet {
				    coord	DEF VIFS789-COORD Coordinate {
					    point	[ -3.172 0 1.479,
							      -3.291 1 1.224,
							      -3.257 0 1.297,
							      -3.376 1 1.042,
							      -3.257 0 1.297,
							      -3.291 1 1.224 ]
				    }

				    ccw	TRUE
				    solid	FALSE
				    coordIndex	[ 0, 1, 2, -1, 3, 4, 5, -1 ]
			    }

		    }
	    }

	    DEF VIFS788 Transform {
		    translation	0 0 0.25
		    rotation	1 0 0  1.571
		    children Shape {
			    appearance	Appearance {
				    material	Material {
					    ambientIntensity	1
					    diffuseColor	0.8588 0.8 0.7765
					    shininess	0.62
					    specularColor	0.9 0.9 0.9
				    }

			    }

			    geometry	DEF VIFS788-FACES IndexedFaceSet {
				    coord	DEF VIFS788-COORD Coordinate {
					    point	[ -3.454 1 0.7436,
							      -3.626 0.5013 0.9557,
							      -3.588 0 1.092,
							      -3.358 0 1.008,
							      -3.454 1 0.7436,
							      -3.588 0 1.092,
							      -3.66 1 0.8184,
							      -3.626 0.5013 0.9557,
							      -3.454 1 0.7436 ]
				    }

				    ccw	TRUE
				    solid	FALSE
				    coordIndex	[ 0, 1, 2, -1, 3, 4, 5, -1,
						      6, 7, 8, -1 ]
			    }

		    }
	    }

	    DEF VIFS787 Transform {
		    translation	0 0 0.25
		    rotation	1 0 0  1.571
		    children Shape {
			    appearance	Appearance {
				    material	Material {
					    ambientIntensity	1
					    diffuseColor	0.8588 0.8 0.7765
					    shininess	0.62
					    specularColor	0.9 0.9 0.9
				    }

			    }

			    geometry	DEF VIFS787-FACES IndexedFaceSet {
				    coord	DEF VIFS787-COORD Coordinate {
					    point	[ -3.289 0 1.197,
							      -3.57 0.5005 1.149,
							      -3.61 1 1.014,
							      -3.385 1 0.9326,
							      -3.289 0 1.197,
							      -3.61 1 1.014,
							      -3.524 0 1.283,
							      -3.57 0.5005 1.149,
							      -3.289 0 1.197 ]
				    }

				    ccw	TRUE
				    solid	FALSE
				    coordIndex	[ 0, 1, 2, -1, 3, 4, 5, -1,
						      6, 7, 8, -1 ]
			    }

		    }
	    }

	    DEF VIFS786 Transform {
		    translation	0 0 0.25
		    rotation	1 0 0  1.571
		    children Shape {
			    appearance	Appearance {
				    material	Material {
					    ambientIntensity	1
					    diffuseColor	0.8588 0.8 0.7765
					    shininess	0.62
					    specularColor	0.9 0.9 0.9
				    }

			    }

			    geometry	DEF VIFS786-FACES IndexedFaceSet {
				    coord	DEF VIFS786-COORD Coordinate {
					    point	[ -3.289 0 1.197,
							      -3.385 1 0.9326,
							      -3.358 0 1.008,
							      -3.454 1 0.7436,
							      -3.358 0 1.008,
							      -3.385 1 0.9326 ]
				    }

				    ccw	TRUE
				    solid	FALSE
				    coordIndex	[ 0, 1, 2, -1, 3, 4, 5, -1 ]
			    }

		    }
	    }

	    DEF VIFS785 Transform {
		    translation	0 0 0.25
		    rotation	1 0 0  1.571
		    children Shape {
			    appearance	Appearance {
				    material	Material {
					    ambientIntensity	1
					    diffuseColor	0.8588 0.8 0.7765
					    shininess	0.62
					    specularColor	0.9 0.9 0.9
				    }

			    }

			    geometry	DEF VIFS785-FACES IndexedFaceSet {
				    coord	DEF VIFS785-COORD Coordinate {
					    point	[ -3.506 1 0.4397,
							      -3.696 0.5013 0.636,
							      -3.669 0 0.775,
							      -3.433 0 0.7117,
							      -3.506 1 0.4397,
							      -3.669 0 0.775,
							      -3.717 1 0.4964,
							      -3.696 0.5013 0.636,
							      -3.506 1 0.4397 ]
				    }

				    ccw	TRUE
				    solid	FALSE
				    coordIndex	[ 0, 1, 2, -1, 3, 4, 5, -1,
						      6, 7, 8, -1 ]
			    }

		    }
	    }

	    DEF VIFS784 Transform {
		    translation	0 0 0.25
		    rotation	1 0 0  1.571
		    children Shape {
			    appearance	Appearance {
				    material	Material {
					    ambientIntensity	1
					    diffuseColor	0.8588 0.8 0.7765
					    shininess	0.62
					    specularColor	0.9 0.9 0.9
				    }

			    }

			    geometry	DEF VIFS784-FACES IndexedFaceSet {
				    coord	DEF VIFS784-COORD Coordinate {
					    point	[ -3.381 0 0.9059,
							      -3.656 0.5005 0.8338,
							      -3.685 1 0.6959,
							      -3.454 1 0.634,
							      -3.381 0 0.9059,
							      -3.685 1 0.6959,
							      -3.622 0 0.9706,
							      -3.656 0.5005 0.8338,
							      -3.381 0 0.9059 ]
				    }

				    ccw	TRUE
				    solid	FALSE
				    coordIndex	[ 0, 1, 2, -1, 3, 4, 5, -1,
						      6, 7, 8, -1 ]
			    }

		    }
	    }

	    DEF VIFS783 Transform {
		    translation	0 0 0.25
		    rotation	1 0 0  1.571
		    children Shape {
			    appearance	Appearance {
				    material	Material {
					    ambientIntensity	1
					    diffuseColor	0.8588 0.8 0.7765
					    shininess	0.62
					    specularColor	0.9 0.9 0.9
				    }

			    }

			    geometry	DEF VIFS783-FACES IndexedFaceSet {
				    coord	DEF VIFS783-COORD Coordinate {
					    point	[ -3.381 0 0.9059,
							      -3.454 1 0.634,
							      -3.433 0 0.7117,
							      -3.506 1 0.4397,
							      -3.433 0 0.7117,
							      -3.454 1 0.634 ]
				    }

				    ccw	TRUE
				    solid	FALSE
				    coordIndex	[ 0, 1, 2, -1, 3, 4, 5, -1 ]
			    }

		    }
	    }

	    DEF VIFS782 Transform {
		    translation	0 0 0.25
		    rotation	1 0 0  1.571
		    children Shape {
			    appearance	Appearance {
				    material	Material {
					    ambientIntensity	1
					    diffuseColor	0.8588 0.8 0.7765
					    shininess	0.62
					    specularColor	0.9 0.9 0.9
				    }

			    }

			    geometry	DEF VIFS782-FACES IndexedFaceSet {
				    coord	DEF VIFS782-COORD Coordinate {
					    point	[ -3.531 1 0.1325,
							      -3.737 0.5013 0.3115,
							      -3.723 0 0.4522,
							      -3.482 0 0.4098,
							      -3.531 1 0.1325,
							      -3.723 0 0.4522,
							      -3.746 1 0.1705,
							      -3.737 0.5013 0.3115,
							      -3.531 1 0.1325 ]
				    }

				    ccw	TRUE
				    solid	FALSE
				    coordIndex	[ 0, 1, 2, -1, 3, 4, 5, -1,
						      6, 7, 8, -1 ]
			    }

		    }
	    }

	    DEF VIFS781 Transform {
		    translation	0 0 0.25
		    rotation	1 0 0  1.571
		    children Shape {
			    appearance	Appearance {
				    material	Material {
					    ambientIntensity	1
					    diffuseColor	0.8588 0.8 0.7765
					    shininess	0.62
					    specularColor	0.9 0.9 0.9
				    }

			    }

			    geometry	DEF VIFS781-FACES IndexedFaceSet {
				    coord	DEF VIFS781-COORD Coordinate {
					    point	[ -3.447 0 0.6078,
							      -3.715 0.5005 0.512,
							      -3.731 1 0.3721,
							      -3.496 1 0.3305,
							      -3.447 0 0.6078,
							      -3.731 1 0.3721,
							      -3.693 0 0.6512,
							      -3.715 0.5005 0.512,
							      -3.447 0 0.6078 ]
				    }

				    ccw	TRUE
				    solid	FALSE
				    coordIndex	[ 0, 1, 2, -1, 3, 4, 5, -1,
						      6, 7, 8, -1 ]
			    }

		    }
	    }

	    DEF VIFS780 Transform {
		    translation	0 0 0.25
		    rotation	1 0 0  1.571
		    children Shape {
			    appearance	Appearance {
				    material	Material {
					    ambientIntensity	1
					    diffuseColor	0.8588 0.8 0.7765
					    shininess	0.62
					    specularColor	0.9 0.9 0.9
				    }

			    }

			    geometry	DEF VIFS780-FACES IndexedFaceSet {
				    coord	DEF VIFS780-COORD Coordinate {
					    point	[ -3.447 0 0.6078,
							      -3.496 1 0.3305,
							      -3.482 0 0.4098,
							      -3.531 1 0.1325,
							      -3.482 0 0.4098,
							      -3.496 1 0.3305 ]
				    }

				    ccw	TRUE
				    solid	FALSE
				    coordIndex	[ 0, 1, 2, -1, 3, 4, 5, -1 ]
			    }

		    }
	    }

	    DEF VIFS779 Transform {
		    translation	0 0 0.25
		    rotation	1 0 0  1.571
		    children Shape {
			    appearance	Appearance {
				    material	Material {
					    ambientIntensity	1
					    diffuseColor	0.8588 0.8 0.7765
					    shininess	0.62
					    specularColor	0.9 0.9 0.9
				    }

			    }

			    geometry	DEF VIFS779-FACES IndexedFaceSet {
				    coord	DEF VIFS779-COORD Coordinate {
					    point	[ -3.529 1 -0.1757,
							      -3.75 0.5013 -0.01539,
							      -3.748 0 0.1261,
							      -3.504 0 0.1047,
							      -3.529 1 -0.1757,
							      -3.748 0 0.1261,
							      -3.747 1 -0.1566,
							      -3.75 0.5013 -0.01539,
							      -3.529 1 -0.1757 ]
				    }

				    ccw	TRUE
				    solid	FALSE
				    coordIndex	[ 0, 1, 2, -1, 3, 4, 5, -1,
						      6, 7, 8, -1 ]
			    }

		    }
	    }

	    DEF VIFS778 Transform {
		    translation	0 0 0.25
		    rotation	1 0 0  1.571
		    children Shape {
			    appearance	Appearance {
				    material	Material {
					    ambientIntensity	1
					    diffuseColor	0.8588 0.8 0.7765
					    shininess	0.62
					    specularColor	0.9 0.9 0.9
				    }

			    }

			    geometry	DEF VIFS778-FACES IndexedFaceSet {
				    coord	DEF VIFS778-COORD Coordinate {
					    point	[ -3.487 0 0.305,
							      -3.745 0.5005 0.1862,
							      -3.75 1 0.04549,
							      -3.511 1 0.02462,
							      -3.487 0 0.305,
							      -3.75 1 0.04549,
							      -3.736 0 0.3268,
							      -3.745 0.5005 0.1862,
							      -3.487 0 0.305 ]
				    }

				    ccw	TRUE
				    solid	FALSE
				    coordIndex	[ 0, 1, 2, -1, 3, 4, 5, -1,
						      6, 7, 8, -1 ]
			    }

		    }
	    }

	    DEF VIFS777 Transform {
		    translation	0 0 0.25
		    rotation	1 0 0  1.571
		    children Shape {
			    appearance	Appearance {
				    material	Material {
					    ambientIntensity	1
					    diffuseColor	0.8588 0.8 0.7765
					    shininess	0.62
					    specularColor	0.9 0.9 0.9
				    }

			    }

			    geometry	DEF VIFS777-FACES IndexedFaceSet {
				    coord	DEF VIFS777-COORD Coordinate {
					    point	[ -3.487 0 0.305,
							      -3.511 1 0.02462,
							      -3.504 0 0.1047,
							      -3.529 1 -0.1757,
							      -3.504 0 0.1047,
							      -3.511 1 0.02462 ]
				    }

				    ccw	TRUE
				    solid	FALSE
				    coordIndex	[ 0, 1, 2, -1, 3, 4, 5, -1 ]
			    }

		    }
	    }

	    DEF VIFS776 Transform {
		    translation	0 0 0.25
		    rotation	1 0 0  1.571
		    children Shape {
			    appearance	Appearance {
				    material	Material {
					    ambientIntensity	1
					    diffuseColor	0.8588 0.8 0.7765
					    shininess	0.62
					    specularColor	0.9 0.9 0.9
				    }

			    }

			    geometry	DEF VIFS776-FACES IndexedFaceSet {
				    coord	DEF VIFS776-COORD Coordinate {
					    point	[ -3.5 1 -0.4825,
							      -3.734 0.5013 -0.3422,
							      -3.745 0 -0.2011,
							      -3.5 0 -0.2011,
							      -3.5 1 -0.4825,
							      -3.745 0 -0.2011,
							      -3.719 1 -0.4825,
							      -3.734 0.5013 -0.3422,
							      -3.5 1 -0.4825 ]
				    }

				    ccw	TRUE
				    solid	FALSE
				    coordIndex	[ 0, 1, 2, -1, 3, 4, 5, -1,
						      6, 7, 8, -1 ]
			    }

		    }
	    }

	    DEF VIFS775 Transform {
		    translation	0 0 0.25
		    rotation	1 0 0  1.571
		    children Shape {
			    appearance	Appearance {
				    material	Material {
					    ambientIntensity	1
					    diffuseColor	0.8588 0.8 0.7765
					    shininess	0.62
					    specularColor	0.9 0.9 0.9
				    }

			    }

			    geometry	DEF VIFS775-FACES IndexedFaceSet {
				    coord	DEF VIFS775-COORD Coordinate {
					    point	[ -3.5 0 0,
							      -3.747 0.5005 -0.1409,
							      -3.739 1 -0.2815,
							      -3.5 1 -0.2815,
							      -3.5 0 0,
							      -3.739 1 -0.2815,
							      -3.75 0 0,
							      -3.747 0.5005 -0.1409,
							      -3.5 0 0 ]
				    }

				    ccw	TRUE
				    solid	FALSE
				    coordIndex	[ 0, 1, 2, -1, 3, 4, 5, -1,
						      6, 7, 8, -1 ]
			    }

		    }
	    }

	    DEF VIFS774 Transform {
		    translation	0 0 0.25
		    rotation	1 0 0  1.571
		    children Shape {
			    appearance	Appearance {
				    material	Material {
					    ambientIntensity	1
					    diffuseColor	0.8588 0.8 0.7765
					    shininess	0.62
					    specularColor	0.9 0.9 0.9
				    }

			    }

			    geometry	DEF VIFS774-FACES IndexedFaceSet {
				    coord	DEF VIFS774-COORD Coordinate {
					    point	[ -3.5 0 0,
							      -3.5 1 -0.2815,
							      -3.5 0 -0.2011,
							      -3.5 1 -0.4825,
							      -3.5 0 -0.2011,
							      -3.5 1 -0.2815 ]
				    }

				    ccw	TRUE
				    solid	FALSE
				    coordIndex	[ 0, 1, 2, -1, 3, 4, 5, -1 ]
			    }

		    }
	    }

	    DEF VIFS773 Transform {
		    translation	0 0 0.25
		    rotation	1 0 0  1.571
		    children Shape {
			    appearance	Appearance {
				    material	Material {
					    ambientIntensity	1
					    diffuseColor	0.8588 0.8 0.7765
					    shininess	0.62
					    specularColor	0.9 0.9 0.9
				    }

			    }

			    geometry	DEF VIFS773-FACES IndexedFaceSet {
				    coord	DEF VIFS773-COORD Coordinate {
					    point	[ -3.445 1 -0.7858,
							      -3.69 0.5013 -0.6663,
							      -3.713 0 -0.5267,
							      -3.469 0 -0.5053,
							      -3.445 1 -0.7858,
							      -3.713 0 -0.5267,
							      -3.663 1 -0.8048,
							      -3.69 0.5013 -0.6663,
							      -3.445 1 -0.7858 ]
				    }

				    ccw	TRUE
				    solid	FALSE
				    coordIndex	[ 0, 1, 2, -1, 3, 4, 5, -1,
						      6, 7, 8, -1 ]
			    }

		    }
	    }

	    DEF VIFS772 Transform {
		    translation	0 0 0.25
		    rotation	1 0 0  1.571
		    children Shape {
			    appearance	Appearance {
				    material	Material {
					    ambientIntensity	1
					    diffuseColor	0.8588 0.8 0.7765
					    shininess	0.62
					    specularColor	0.9 0.9 0.9
				    }

			    }

			    geometry	DEF VIFS772-FACES IndexedFaceSet {
				    coord	DEF VIFS772-COORD Coordinate {
					    point	[ -3.487 0 -0.305,
							      -3.721 0.5005 -0.4669,
							      -3.701 1 -0.6063,
							      -3.462 1 -0.5855,
							      -3.487 0 -0.305,
							      -3.701 1 -0.6063,
							      -3.736 0 -0.3268,
							      -3.721 0.5005 -0.4669,
							      -3.487 0 -0.305 ]
				    }

				    ccw	TRUE
				    solid	FALSE
				    coordIndex	[ 0, 1, 2, -1, 3, 4, 5, -1,
						      6, 7, 8, -1 ]
			    }

		    }
	    }

	    DEF VIFS771 Transform {
		    translation	0 0 0.25
		    rotation	1 0 0  1.571
		    children Shape {
			    appearance	Appearance {
				    material	Material {
					    ambientIntensity	1
					    diffuseColor	0.8588 0.8 0.7765
					    shininess	0.62
					    specularColor	0.9 0.9 0.9
				    }

			    }

			    geometry	DEF VIFS771-FACES IndexedFaceSet {
				    coord	DEF VIFS771-COORD Coordinate {
					    point	[ -3.487 0 -0.305,
							      -3.462 1 -0.5855,
							      -3.469 0 -0.5053,
							      -3.445 1 -0.7858,
							      -3.469 0 -0.5053,
							      -3.462 1 -0.5855 ]
				    }

				    ccw	TRUE
				    solid	FALSE
				    coordIndex	[ 0, 1, 2, -1, 3, 4, 5, -1 ]
			    }

		    }
	    }

	    DEF VIFS770 Transform {
		    translation	0 0 0.25
		    rotation	1 0 0  1.571
		    children Shape {
			    appearance	Appearance {
				    material	Material {
					    ambientIntensity	1
					    diffuseColor	0.8588 0.8 0.7765
					    shininess	0.62
					    specularColor	0.9 0.9 0.9
				    }

			    }

			    geometry	DEF VIFS770-FACES IndexedFaceSet {
				    coord	DEF VIFS770-COORD Coordinate {
					    point	[ -3.363 1 -1.083,
							      -3.618 0.5013 -0.9854,
							      -3.653 0 -0.8482,
							      -3.412 0 -0.8058,
							      -3.363 1 -1.083,
							      -3.653 0 -0.8482,
							      -3.579 1 -1.121,
							      -3.618 0.5013 -0.9854,
							      -3.363 1 -1.083 ]
				    }

				    ccw	TRUE
				    solid	FALSE
				    coordIndex	[ 0, 1, 2, -1, 3, 4, 5, -1,
						      6, 7, 8, -1 ]
			    }

		    }
	    }

	    DEF VIFS769 Transform {
		    translation	0 0 0.25
		    rotation	1 0 0  1.571
		    children Shape {
			    appearance	Appearance {
				    material	Material {
					    ambientIntensity	1
					    diffuseColor	0.8588 0.8 0.7765
					    shininess	0.62
					    specularColor	0.9 0.9 0.9
				    }

			    }

			    geometry	DEF VIFS769-FACES IndexedFaceSet {
				    coord	DEF VIFS769-COORD Coordinate {
					    point	[ -3.447 0 -0.6078,
							      -3.666 0.5005 -0.7895,
							      -3.634 1 -0.9265,
							      -3.398 1 -0.885,
							      -3.447 0 -0.6078,
							      -3.634 1 -0.9265,
							      -3.693 0 -0.6512,
							      -3.666 0.5005 -0.7895,
							      -3.447 0 -0.6078 ]
				    }

				    ccw	TRUE
				    solid	FALSE
				    coordIndex	[ 0, 1, 2, -1, 3, 4, 5, -1,
						      6, 7, 8, -1 ]
			    }

		    }
	    }

	    DEF VIFS768 Transform {
		    translation	0 0 0.25
		    rotation	1 0 0  1.571
		    children Shape {
			    appearance	Appearance {
				    material	Material {
					    ambientIntensity	1
					    diffuseColor	0.8588 0.8 0.7765
					    shininess	0.62
					    specularColor	0.9 0.9 0.9
				    }

			    }

			    geometry	DEF VIFS768-FACES IndexedFaceSet {
				    coord	DEF VIFS768-COORD Coordinate {
					    point	[ -3.447 0 -0.6078,
							      -3.398 1 -0.885,
							      -3.412 0 -0.8058,
							      -3.363 1 -1.083,
							      -3.412 0 -0.8058,
							      -3.398 1 -0.885 ]
				    }

				    ccw	TRUE
				    solid	FALSE
				    coordIndex	[ 0, 1, 2, -1, 3, 4, 5, -1 ]
			    }

		    }
	    }

	    DEF VIFS767 Transform {
		    translation	0 0 0.25
		    rotation	1 0 0  1.571
		    children Shape {
			    appearance	Appearance {
				    material	Material {
					    ambientIntensity	1
					    diffuseColor	0.8588 0.8 0.7765
					    shininess	0.62
					    specularColor	0.9 0.9 0.9
				    }

			    }

			    geometry	DEF VIFS767-FACES IndexedFaceSet {
				    coord	DEF VIFS767-COORD Coordinate {
					    point	[ -3.256 1 -1.372,
							      -3.519 0.5013 -1.297,
							      -3.565 0 -1.163,
							      -3.329 0 -1.1,
							      -3.256 1 -1.372,
							      -3.565 0 -1.163,
							      -3.467 1 -1.429,
							      -3.519 0.5013 -1.297,
							      -3.256 1 -1.372 ]
				    }

				    ccw	TRUE
				    solid	FALSE
				    coordIndex	[ 0, 1, 2, -1, 3, 4, 5, -1,
						      6, 7, 8, -1 ]
			    }

		    }
	    }

	    DEF VIFS766 Transform {
		    translation	0 0 0.25
		    rotation	1 0 0  1.571
		    children Shape {
			    appearance	Appearance {
				    material	Material {
					    ambientIntensity	1
					    diffuseColor	0.8588 0.8 0.7765
					    shininess	0.62
					    specularColor	0.9 0.9 0.9
				    }

			    }

			    geometry	DEF VIFS766-FACES IndexedFaceSet {
				    coord	DEF VIFS766-COORD Coordinate {
					    point	[ -3.381 0 -0.9059,
							      -3.583 0.5005 -1.106,
							      -3.539 1 -1.24,
							      -3.308 1 -1.178,
							      -3.381 0 -0.9059,
							      -3.539 1 -1.24,
							      -3.622 0 -0.9706,
							      -3.583 0.5005 -1.106,
							      -3.381 0 -0.9059 ]
				    }

				    ccw	TRUE
				    solid	FALSE
				    coordIndex	[ 0, 1, 2, -1, 3, 4, 5, -1,
						      6, 7, 8, -1 ]
			    }

		    }
	    }

	    DEF VIFS765 Transform {
		    translation	0 0 0.25
		    rotation	1 0 0  1.571
		    children Shape {
			    appearance	Appearance {
				    material	Material {
					    ambientIntensity	1
					    diffuseColor	0.8588 0.8 0.7765
					    shininess	0.62
					    specularColor	0.9 0.9 0.9
				    }

			    }

			    geometry	DEF VIFS765-FACES IndexedFaceSet {
				    coord	DEF VIFS765-COORD Coordinate {
					    point	[ -3.381 0 -0.9059,
							      -3.308 1 -1.178,
							      -3.329 0 -1.1,
							      -3.256 1 -1.372,
							      -3.329 0 -1.1,
							      -3.308 1 -1.178 ]
				    }

				    ccw	TRUE
				    solid	FALSE
				    coordIndex	[ 0, 1, 2, -1, 3, 4, 5, -1 ]
			    }

		    }
	    }

	    DEF VIFS764 Transform {
		    translation	0 0 0.25
		    rotation	1 0 0  1.571
		    children Shape {
			    appearance	Appearance {
				    material	Material {
					    ambientIntensity	1
					    diffuseColor	0.8588 0.8 0.7765
					    shininess	0.62
					    specularColor	0.9 0.9 0.9
				    }

			    }

			    geometry	DEF VIFS764-FACES IndexedFaceSet {
				    coord	DEF VIFS764-COORD Coordinate {
					    point	[ -3.124 1 -1.651,
							      -3.392 0.5013 -1.599,
							      -3.45 0 -1.47,
							      -3.22 0 -1.386,
							      -3.124 1 -1.651,
							      -3.45 0 -1.47,
							      -3.329 1 -1.725,
							      -3.392 0.5013 -1.599,
							      -3.124 1 -1.651 ]
				    }

				    ccw	TRUE
				    solid	FALSE
				    coordIndex	[ 0, 1, 2, -1, 3, 4, 5, -1,
						      6, 7, 8, -1 ]
			    }

		    }
	    }

	    DEF VIFS763 Transform {
		    translation	0 0 0.25
		    rotation	1 0 0  1.571
		    children Shape {
			    appearance	Appearance {
				    material	Material {
					    ambientIntensity	1
					    diffuseColor	0.8588 0.8 0.7765
					    shininess	0.62
					    specularColor	0.9 0.9 0.9
				    }

			    }

			    geometry	DEF VIFS763-FACES IndexedFaceSet {
				    coord	DEF VIFS763-COORD Coordinate {
					    point	[ -3.289 0 -1.197,
							      -3.473 0.5005 -1.414,
							      -3.418 1 -1.543,
							      -3.193 1 -1.462,
							      -3.289 0 -1.197,
							      -3.418 1 -1.543,
							      -3.524 0 -1.283,
							      -3.473 0.5005 -1.414,
							      -3.289 0 -1.197 ]
				    }

				    ccw	TRUE
				    solid	FALSE
				    coordIndex	[ 0, 1, 2, -1, 3, 4, 5, -1,
						      6, 7, 8, -1 ]
			    }

		    }
	    }

	    DEF VIFS762 Transform {
		    translation	0 0 0.25
		    rotation	1 0 0  1.571
		    children Shape {
			    appearance	Appearance {
				    material	Material {
					    ambientIntensity	1
					    diffuseColor	0.8588 0.8 0.7765
					    shininess	0.62
					    specularColor	0.9 0.9 0.9
				    }

			    }

			    geometry	DEF VIFS762-FACES IndexedFaceSet {
				    coord	DEF VIFS762-COORD Coordinate {
					    point	[ -3.289 0 -1.197,
							      -3.193 1 -1.462,
							      -3.22 0 -1.386,
							      -3.124 1 -1.651,
							      -3.22 0 -1.386,
							      -3.193 1 -1.462 ]
				    }

				    ccw	TRUE
				    solid	FALSE
				    coordIndex	[ 0, 1, 2, -1, 3, 4, 5, -1 ]
			    }

		    }
	    }

	    DEF VIFS761 Transform {
		    translation	0 0 0.25
		    rotation	1 0 0  1.571
		    children Shape {
			    appearance	Appearance {
				    material	Material {
					    ambientIntensity	1
					    diffuseColor	0.8588 0.8 0.7765
					    shininess	0.62
					    specularColor	0.9 0.9 0.9
				    }

			    }

			    geometry	DEF VIFS761-FACES IndexedFaceSet {
				    coord	DEF VIFS761-COORD Coordinate {
					    point	[ -2.968 1 -1.916,
							      -3.24 0.5013 -1.888,
							      -3.309 0 -1.765,
							      -3.087 0 -1.661,
							      -2.968 1 -1.916,
							      -3.309 0 -1.765,
							      -3.166 1 -2.009,
							      -3.24 0.5013 -1.888,
							      -2.968 1 -1.916 ]
				    }

				    ccw	TRUE
				    solid	FALSE
				    coordIndex	[ 0, 1, 2, -1, 3, 4, 5, -1,
						      6, 7, 8, -1 ]
			    }

		    }
	    }

	    DEF VIFS760 Transform {
		    translation	0 0 0.25
		    rotation	1 0 0  1.571
		    children Shape {
			    appearance	Appearance {
				    material	Material {
					    ambientIntensity	1
					    diffuseColor	0.8588 0.8 0.7765
					    shininess	0.62
					    specularColor	0.9 0.9 0.9
				    }

			    }

			    geometry	DEF VIFS760-FACES IndexedFaceSet {
				    coord	DEF VIFS760-COORD Coordinate {
					    point	[ -3.172 0 -1.479,
							      -3.337 0.5005 -1.711,
							      -3.27 1 -1.835,
							      -3.053 1 -1.734,
							      -3.172 0 -1.479,
							      -3.27 1 -1.835,
							      -3.399 0 -1.585,
							      -3.337 0.5005 -1.711,
							      -3.172 0 -1.479 ]
				    }

				    ccw	TRUE
				    solid	FALSE
				    coordIndex	[ 0, 1, 2, -1, 3, 4, 5, -1,
						      6, 7, 8, -1 ]
			    }

		    }
	    }

	    DEF VIFS759 Transform {
		    translation	0 0 0.25
		    rotation	1 0 0  1.571
		    children Shape {
			    appearance	Appearance {
				    material	Material {
					    ambientIntensity	1
					    diffuseColor	0.8588 0.8 0.7765
					    shininess	0.62
					    specularColor	0.9 0.9 0.9
				    }

			    }

			    geometry	DEF VIFS759-FACES IndexedFaceSet {
				    coord	DEF VIFS759-COORD Coordinate {
					    point	[ -3.172 0 -1.479,
							      -3.053 1 -1.734,
							      -3.087 0 -1.661,
							      -2.968 1 -1.916,
							      -3.087 0 -1.661,
							      -3.053 1 -1.734 ]
				    }

				    ccw	TRUE
				    solid	FALSE
				    coordIndex	[ 0, 1, 2, -1, 3, 4, 5, -1 ]
			    }

		    }
	    }

	    DEF VIFS758 Transform {
		    translation	0 0 0.25
		    rotation	1 0 0  1.571
		    children Shape {
			    appearance	Appearance {
				    material	Material {
					    ambientIntensity	1
					    diffuseColor	0.8588 0.8 0.7765
					    shininess	0.62
					    specularColor	0.9 0.9 0.9
				    }

			    }

			    geometry	DEF VIFS758-FACES IndexedFaceSet {
				    coord	DEF VIFS758-COORD Coordinate {
					    point	[ -2.79 1 -2.168,
							      -3.063 0.5013 -2.164,
							      -3.142 0 -2.046,
							      -2.931 0 -1.924,
							      -2.79 1 -2.168,
							      -3.142 0 -2.046,
							      -2.979 1 -2.277,
							      -3.063 0.5013 -2.164,
							      -2.79 1 -2.168 ]
				    }

				    ccw	TRUE
				    solid	FALSE
				    coordIndex	[ 0, 1, 2, -1, 3, 4, 5, -1,
						      6, 7, 8, -1 ]
			    }

		    }
	    }

	    DEF VIFS757 Transform {
		    translation	0 0 0.25
		    rotation	1 0 0  1.571
		    children Shape {
			    appearance	Appearance {
				    material	Material {
					    ambientIntensity	1
					    diffuseColor	0.8588 0.8 0.7765
					    shininess	0.62
					    specularColor	0.9 0.9 0.9
				    }

			    }

			    geometry	DEF VIFS757-FACES IndexedFaceSet {
				    coord	DEF VIFS757-COORD Coordinate {
					    point	[ -3.031 0 -1.75,
							      -3.175 0.5005 -1.996,
							      -3.098 1 -2.113,
							      -2.89 1 -1.994,
							      -3.031 0 -1.75,
							      -3.098 1 -2.113,
							      -3.248 0 -1.875,
							      -3.175 0.5005 -1.996,
							      -3.031 0 -1.75 ]
				    }

				    ccw	TRUE
				    solid	FALSE
				    coordIndex	[ 0, 1, 2, -1, 3, 4, 5, -1,
						      6, 7, 8, -1 ]
			    }

		    }
	    }

	    DEF VIFS756 Transform {
		    translation	0 0 0.25
		    rotation	1 0 0  1.571
		    children Shape {
			    appearance	Appearance {
				    material	Material {
					    ambientIntensity	1
					    diffuseColor	0.8588 0.8 0.7765
					    shininess	0.62
					    specularColor	0.9 0.9 0.9
				    }

			    }

			    geometry	DEF VIFS756-FACES IndexedFaceSet {
				    coord	DEF VIFS756-COORD Coordinate {
					    point	[ -3.031 0 -1.75,
							      -2.89 1 -1.994,
							      -2.931 0 -1.924,
							      -2.79 1 -2.168,
							      -2.931 0 -1.924,
							      -2.89 1 -1.994 ]
				    }

				    ccw	TRUE
				    solid	FALSE
				    coordIndex	[ 0, 1, 2, -1, 3, 4, 5, -1 ]
			    }

		    }
	    }

	    DEF VIFS755 Transform {
		    translation	0 0 0.25
		    rotation	1 0 0  1.571
		    children Shape {
			    appearance	Appearance {
				    material	Material {
					    ambientIntensity	1
					    diffuseColor	0.8588 0.8 0.7765
					    shininess	0.62
					    specularColor	0.9 0.9 0.9
				    }

			    }

			    geometry	DEF VIFS755-FACES IndexedFaceSet {
				    coord	DEF VIFS755-COORD Coordinate {
					    point	[ -2.59 1 -2.403,
							      -2.863 0.5013 -2.422,
							      -2.952 0 -2.313,
							      -2.752 0 -2.172,
							      -2.59 1 -2.403,
							      -2.952 0 -2.313,
							      -2.769 1 -2.528,
							      -2.863 0.5013 -2.422,
							      -2.59 1 -2.403 ]
				    }

				    ccw	TRUE
				    solid	FALSE
				    coordIndex	[ 0, 1, 2, -1, 3, 4, 5, -1,
						      6, 7, 8, -1 ]
			    }

		    }
	    }

	    DEF VIFS754 Transform {
		    translation	0 0 0.25
		    rotation	1 0 0  1.571
		    children Shape {
			    appearance	Appearance {
				    material	Material {
					    ambientIntensity	1
					    diffuseColor	0.8588 0.8 0.7765
					    shininess	0.62
					    specularColor	0.9 0.9 0.9
				    }

			    }

			    geometry	DEF VIFS754-FACES IndexedFaceSet {
				    coord	DEF VIFS754-COORD Coordinate {
					    point	[ -2.867 0 -2.008,
							      -2.989 0.5005 -2.265,
							      -2.902 1 -2.375,
							      -2.706 1 -2.238,
							      -2.867 0 -2.008,
							      -2.902 1 -2.375,
							      -3.072 0 -2.151,
							      -2.989 0.5005 -2.265,
							      -2.867 0 -2.008 ]
				    }

				    ccw	TRUE
				    solid	FALSE
				    coordIndex	[ 0, 1, 2, -1, 3, 4, 5, -1,
						      6, 7, 8, -1 ]
			    }

		    }
	    }

	    DEF VIFS753 Transform {
		    translation	0 0 0.25
		    rotation	1 0 0  1.571
		    children Shape {
			    appearance	Appearance {
				    material	Material {
					    ambientIntensity	1
					    diffuseColor	0.8588 0.8 0.7765
					    shininess	0.62
					    specularColor	0.9 0.9 0.9
				    }

			    }

			    geometry	DEF VIFS753-FACES IndexedFaceSet {
				    coord	DEF VIFS753-COORD Coordinate {
					    point	[ -2.867 0 -2.008,
							      -2.706 1 -2.238,
							      -2.752 0 -2.172,
							      -2.59 1 -2.403,
							      -2.752 0 -2.172,
							      -2.706 1 -2.238 ]
				    }

				    ccw	TRUE
				    solid	FALSE
				    coordIndex	[ 0, 1, 2, -1, 3, 4, 5, -1 ]
			    }

		    }
	    }

	    DEF VIFS752 Transform {
		    translation	0 0 0.25
		    rotation	1 0 0  1.571
		    children Shape {
			    appearance	Appearance {
				    material	Material {
					    ambientIntensity	1
					    diffuseColor	0.8588 0.8 0.7765
					    shininess	0.62
					    specularColor	0.9 0.9 0.9
				    }

			    }

			    geometry	DEF VIFS752-FACES IndexedFaceSet {
				    coord	DEF VIFS752-COORD Coordinate {
					    point	[ -2.371 1 -2.619,
							      -2.641 0.5013 -2.663,
							      -2.739 0 -2.561,
							      -2.552 0 -2.404,
							      -2.371 1 -2.619,
							      -2.739 0 -2.561,
							      -2.539 1 -2.76,
							      -2.641 0.5013 -2.663,
							      -2.371 1 -2.619 ]
				    }

				    ccw	TRUE
				    solid	FALSE
				    coordIndex	[ 0, 1, 2, -1, 3, 4, 5, -1,
						      6, 7, 8, -1 ]
			    }

		    }
	    }

	    DEF VIFS751 Transform {
		    translation	0 0 0.25
		    rotation	1 0 0  1.571
		    children Shape {
			    appearance	Appearance {
				    material	Material {
					    ambientIntensity	1
					    diffuseColor	0.8588 0.8 0.7765
					    shininess	0.62
					    specularColor	0.9 0.9 0.9
				    }

			    }

			    geometry	DEF VIFS751-FACES IndexedFaceSet {
				    coord	DEF VIFS751-COORD Coordinate {
					    point	[ -2.681 0 -2.25,
							      -2.78 0.5005 -2.517,
							      -2.684 1 -2.619,
							      -2.5 1 -2.465,
							      -2.681 0 -2.25,
							      -2.684 1 -2.619,
							      -2.873 0 -2.41,
							      -2.78 0.5005 -2.517,
							      -2.681 0 -2.25 ]
				    }

				    ccw	TRUE
				    solid	FALSE
				    coordIndex	[ 0, 1, 2, -1, 3, 4, 5, -1,
						      6, 7, 8, -1 ]
			    }

		    }
	    }

	    DEF VIFS750 Transform {
		    translation	0 0 0.25
		    rotation	1 0 0  1.571
		    children Shape {
			    appearance	Appearance {
				    material	Material {
					    ambientIntensity	1
					    diffuseColor	0.8588 0.8 0.7765
					    shininess	0.62
					    specularColor	0.9 0.9 0.9
				    }

			    }

			    geometry	DEF VIFS750-FACES IndexedFaceSet {
				    coord	DEF VIFS750-COORD Coordinate {
					    point	[ -2.681 0 -2.25,
							      -2.5 1 -2.465,
							      -2.552 0 -2.404,
							      -2.371 1 -2.619,
							      -2.552 0 -2.404,
							      -2.5 1 -2.465 ]
				    }

				    ccw	TRUE
				    solid	FALSE
				    coordIndex	[ 0, 1, 2, -1, 3, 4, 5, -1 ]
			    }

		    }
	    }

	    DEF VIFS749 Transform {
		    translation	0 0 0.25
		    rotation	1 0 0  1.571
		    children Shape {
			    appearance	Appearance {
				    material	Material {
					    ambientIntensity	1
					    diffuseColor	0.8588 0.8 0.7765
					    shininess	0.62
					    specularColor	0.9 0.9 0.9
				    }

			    }

			    geometry	DEF VIFS749-FACES IndexedFaceSet {
				    coord	DEF VIFS749-COORD Coordinate {
					    point	[ -2.134 1 -2.816,
							      -2.399 0.5013 -2.883,
							      -2.506 0 -2.79,
							      -2.333 0 -2.617,
							      -2.134 1 -2.816,
							      -2.506 0 -2.79,
							      -2.288 1 -2.971,
							      -2.399 0.5013 -2.883,
							      -2.134 1 -2.816 ]
				    }

				    ccw	TRUE
				    solid	FALSE
				    coordIndex	[ 0, 1, 2, -1, 3, 4, 5, -1,
						      6, 7, 8, -1 ]
			    }

		    }
	    }

	    DEF VIFS748 Transform {
		    translation	0 0 0.25
		    rotation	1 0 0  1.571
		    children Shape {
			    appearance	Appearance {
				    material	Material {
					    ambientIntensity	1
					    diffuseColor	0.8588 0.8 0.7765
					    shininess	0.62
					    specularColor	0.9 0.9 0.9
				    }

			    }

			    geometry	DEF VIFS748-FACES IndexedFaceSet {
				    coord	DEF VIFS748-COORD Coordinate {
					    point	[ -2.475 0 -2.475,
							      -2.55 0.5005 -2.749,
							      -2.445 1 -2.843,
							      -2.276 1 -2.674,
							      -2.475 0 -2.475,
							      -2.445 1 -2.843,
							      -2.652 0 -2.652,
							      -2.55 0.5005 -2.749,
							      -2.475 0 -2.475 ]
				    }

				    ccw	TRUE
				    solid	FALSE
				    coordIndex	[ 0, 1, 2, -1, 3, 4, 5, -1,
						      6, 7, 8, -1 ]
			    }

		    }
	    }

	    DEF VIFS747 Transform {
		    translation	0 0 0.25
		    rotation	1 0 0  1.571
		    children Shape {
			    appearance	Appearance {
				    material	Material {
					    ambientIntensity	1
					    diffuseColor	0.8588 0.8 0.7765
					    shininess	0.62
					    specularColor	0.9 0.9 0.9
				    }

			    }

			    geometry	DEF VIFS747-FACES IndexedFaceSet {
				    coord	DEF VIFS747-COORD Coordinate {
					    point	[ -2.475 0 -2.475,
							      -2.276 1 -2.674,
							      -2.333 0 -2.617,
							      -2.134 1 -2.816,
							      -2.333 0 -2.617,
							      -2.276 1 -2.674 ]
				    }

				    ccw	TRUE
				    solid	FALSE
				    coordIndex	[ 0, 1, 2, -1, 3, 4, 5, -1 ]
			    }

		    }
	    }

	    DEF VIFS746 Transform {
		    translation	0 0 0.25
		    rotation	1 0 0  1.571
		    children Shape {
			    appearance	Appearance {
				    material	Material {
					    ambientIntensity	1
					    diffuseColor	0.8588 0.8 0.7765
					    shininess	0.62
					    specularColor	0.9 0.9 0.9
				    }

			    }

			    geometry	DEF VIFS746-FACES IndexedFaceSet {
				    coord	DEF VIFS746-COORD Coordinate {
					    point	[ -1.88 1 -2.991,
							      -2.138 0.5013 -3.081,
							      -2.253 0 -2.998,
							      -2.096 0 -2.81,
							      -1.88 1 -2.991,
							      -2.253 0 -2.998,
							      -2.021 1 -3.159,
							      -2.138 0.5013 -3.081,
							      -1.88 1 -2.991 ]
				    }

				    ccw	TRUE
				    solid	FALSE
				    coordIndex	[ 0, 1, 2, -1, 3, 4, 5, -1,
						      6, 7, 8, -1 ]
			    }

		    }
	    }

	    DEF VIFS745 Transform {
		    translation	0 0 0.25
		    rotation	1 0 0  1.571
		    children Shape {
			    appearance	Appearance {
				    material	Material {
					    ambientIntensity	1
					    diffuseColor	0.8588 0.8 0.7765
					    shininess	0.62
					    specularColor	0.9 0.9 0.9
				    }

			    }

			    geometry	DEF VIFS745-FACES IndexedFaceSet {
				    coord	DEF VIFS745-COORD Coordinate {
					    point	[ -2.25 0 -2.681,
							      -2.301 0.5005 -2.961,
							      -2.188 1 -3.046,
							      -2.034 1 -2.862,
							      -2.25 0 -2.681,
							      -2.188 1 -3.046,
							      -2.41 0 -2.873,
							      -2.301 0.5005 -2.961,
							      -2.25 0 -2.681 ]
				    }

				    ccw	TRUE
				    solid	FALSE
				    coordIndex	[ 0, 1, 2, -1, 3, 4, 5, -1,
						      6, 7, 8, -1 ]
			    }

		    }
	    }

	    DEF VIFS744 Transform {
		    translation	0 0 0.25
		    rotation	1 0 0  1.571
		    children Shape {
			    appearance	Appearance {
				    material	Material {
					    ambientIntensity	1
					    diffuseColor	0.8588 0.8 0.7765
					    shininess	0.62
					    specularColor	0.9 0.9 0.9
				    }

			    }

			    geometry	DEF VIFS744-FACES IndexedFaceSet {
				    coord	DEF VIFS744-COORD Coordinate {
					    point	[ -2.25 0 -2.681,
							      -2.034 1 -2.862,
							      -2.096 0 -2.81,
							      -1.88 1 -2.991,
							      -2.096 0 -2.81,
							      -2.034 1 -2.862 ]
				    }

				    ccw	TRUE
				    solid	FALSE
				    coordIndex	[ 0, 1, 2, -1, 3, 4, 5, -1 ]
			    }

		    }
	    }

	    DEF VIFS743 Transform {
		    translation	0 0 0.25
		    rotation	1 0 0  1.571
		    children Shape {
			    appearance	Appearance {
				    material	Material {
					    ambientIntensity	1
					    diffuseColor	0.8588 0.8 0.7765
					    shininess	0.62
					    specularColor	0.9 0.9 0.9
				    }

			    }

			    geometry	DEF VIFS743-FACES IndexedFaceSet {
				    coord	DEF VIFS743-COORD Coordinate {
					    point	[ -1.612 1 -3.144,
							      -1.862 0.5013 -3.255,
							      -1.983 0 -3.183,
							      -1.843 0 -2.982,
							      -1.612 1 -3.144,
							      -1.983 0 -3.183,
							      -1.738 1 -3.323,
							      -1.862 0.5013 -3.255,
							      -1.612 1 -3.144 ]
				    }

				    ccw	TRUE
				    solid	FALSE
				    coordIndex	[ 0, 1, 2, -1, 3, 4, 5, -1,
						      6, 7, 8, -1 ]
			    }

		    }
	    }

	    DEF VIFS742 Transform {
		    translation	0 0 0.25
		    rotation	1 0 0  1.571
		    children Shape {
			    appearance	Appearance {
				    material	Material {
					    ambientIntensity	1
					    diffuseColor	0.8588 0.8 0.7765
					    shininess	0.62
					    specularColor	0.9 0.9 0.9
				    }

			    }

			    geometry	DEF VIFS742-FACES IndexedFaceSet {
				    coord	DEF VIFS742-COORD Coordinate {
					    point	[ -2.008 0 -2.867,
							      -2.034 0.5005 -3.15,
							      -1.914 1 -3.225,
							      -1.777 1 -3.028,
							      -2.008 0 -2.867,
							      -1.914 1 -3.225,
							      -2.151 0 -3.072,
							      -2.034 0.5005 -3.15,
							      -2.008 0 -2.867 ]
				    }

				    ccw	TRUE
				    solid	FALSE
				    coordIndex	[ 0, 1, 2, -1, 3, 4, 5, -1,
						      6, 7, 8, -1 ]
			    }

		    }
	    }

	    DEF VIFS741 Transform {
		    translation	0 0 0.25
		    rotation	1 0 0  1.571
		    children Shape {
			    appearance	Appearance {
				    material	Material {
					    ambientIntensity	1
					    diffuseColor	0.8588 0.8 0.7765
					    shininess	0.62
					    specularColor	0.9 0.9 0.9
				    }

			    }

			    geometry	DEF VIFS741-FACES IndexedFaceSet {
				    coord	DEF VIFS741-COORD Coordinate {
					    point	[ -2.008 0 -2.867,
							      -1.777 1 -3.028,
							      -1.843 0 -2.982,
							      -1.612 1 -3.144,
							      -1.843 0 -2.982,
							      -1.777 1 -3.028 ]
				    }

				    ccw	TRUE
				    solid	FALSE
				    coordIndex	[ 0, 1, 2, -1, 3, 4, 5, -1 ]
			    }

		    }
	    }

	    DEF VIFS740 Transform {
		    translation	0 0 0.25
		    rotation	1 0 0  1.571
		    children Shape {
			    appearance	Appearance {
				    material	Material {
					    ambientIntensity	1
					    diffuseColor	0.8588 0.8 0.7765
					    shininess	0.62
					    specularColor	0.9 0.9 0.9
				    }

			    }

			    geometry	DEF VIFS740-FACES IndexedFaceSet {
				    coord	DEF VIFS740-COORD Coordinate {
					    point	[ -1.332 1 -3.272,
							      -1.571 0.5013 -3.405,
							      -1.698 0 -3.343,
							      -1.576 0 -3.132,
							      -1.332 1 -3.272,
							      -1.698 0 -3.343,
							      -1.441 1 -3.462,
							      -1.571 0.5013 -3.405,
							      -1.332 1 -3.272 ]
				    }

				    ccw	TRUE
				    solid	FALSE
				    coordIndex	[ 0, 1, 2, -1, 3, 4, 5, -1,
						      6, 7, 8, -1 ]
			    }

		    }
	    }

	    DEF VIFS739 Transform {
		    translation	0 0 0.25
		    rotation	1 0 0  1.571
		    children Shape {
			    appearance	Appearance {
				    material	Material {
					    ambientIntensity	1
					    diffuseColor	0.8588 0.8 0.7765
					    shininess	0.62
					    specularColor	0.9 0.9 0.9
				    }

			    }

			    geometry	DEF VIFS739-FACES IndexedFaceSet {
				    coord	DEF VIFS739-COORD Coordinate {
					    point	[ -1.75 0 -3.031,
							      -1.752 0.5005 -3.316,
							      -1.626 1 -3.379,
							      -1.506 1 -3.172,
							      -1.75 0 -3.031,
							      -1.626 1 -3.379,
							      -1.875 0 -3.248,
							      -1.752 0.5005 -3.316,
							      -1.75 0 -3.031 ]
				    }

				    ccw	TRUE
				    solid	FALSE
				    coordIndex	[ 0, 1, 2, -1, 3, 4, 5, -1,
						      6, 7, 8, -1 ]
			    }

		    }
	    }

	    DEF VIFS738 Transform {
		    translation	0 0 0.25
		    rotation	1 0 0  1.571
		    children Shape {
			    appearance	Appearance {
				    material	Material {
					    ambientIntensity	1
					    diffuseColor	0.8588 0.8 0.7765
					    shininess	0.62
					    specularColor	0.9 0.9 0.9
				    }

			    }

			    geometry	DEF VIFS738-FACES IndexedFaceSet {
				    coord	DEF VIFS738-COORD Coordinate {
					    point	[ -1.75 0 -3.031,
							      -1.506 1 -3.172,
							      -1.576 0 -3.132,
							      -1.332 1 -3.272,
							      -1.576 0 -3.132,
							      -1.506 1 -3.172 ]
				    }

				    ccw	TRUE
				    solid	FALSE
				    coordIndex	[ 0, 1, 2, -1, 3, 4, 5, -1 ]
			    }

		    }
	    }

	    DEF VIFS737 Transform {
		    translation	0 0 0.25
		    rotation	1 0 0  1.571
		    children Shape {
			    appearance	Appearance {
				    material	Material {
					    ambientIntensity	1
					    diffuseColor	0.8588 0.8 0.7765
					    shininess	0.62
					    specularColor	0.9 0.9 0.9
				    }

			    }

			    geometry	DEF VIFS737-FACES IndexedFaceSet {
				    coord	DEF VIFS737-COORD Coordinate {
					    point	[ -1.042 1 -3.376,
							      -1.268 0.5013 -3.529,
							      -1.4 0 -3.479,
							      -1.297 0 -3.257,
							      -1.042 1 -3.376,
							      -1.4 0 -3.479,
							      -1.134 1 -3.574,
							      -1.268 0.5013 -3.529,
							      -1.042 1 -3.376 ]
				    }

				    ccw	TRUE
				    solid	FALSE
				    coordIndex	[ 0, 1, 2, -1, 3, 4, 5, -1,
						      6, 7, 8, -1 ]
			    }

		    }
	    }

	    DEF VIFS736 Transform {
		    translation	0 0 0.25
		    rotation	1 0 0  1.571
		    children Shape {
			    appearance	Appearance {
				    material	Material {
					    ambientIntensity	1
					    diffuseColor	0.8588 0.8 0.7765
					    shininess	0.62
					    specularColor	0.9 0.9 0.9
				    }

			    }

			    geometry	DEF VIFS736-FACES IndexedFaceSet {
				    coord	DEF VIFS736-COORD Coordinate {
					    point	[ -1.479 0 -3.172,
							      -1.456 0.5005 -3.456,
							      -1.325 1 -3.508,
							      -1.224 1 -3.291,
							      -1.479 0 -3.172,
							      -1.325 1 -3.508,
							      -1.585 0 -3.399,
							      -1.456 0.5005 -3.456,
							      -1.479 0 -3.172 ]
				    }

				    ccw	TRUE
				    solid	FALSE
				    coordIndex	[ 0, 1, 2, -1, 3, 4, 5, -1,
						      6, 7, 8, -1 ]
			    }

		    }
	    }

	    DEF VIFS735 Transform {
		    translation	0 0 0.25
		    rotation	1 0 0  1.571
		    children Shape {
			    appearance	Appearance {
				    material	Material {
					    ambientIntensity	1
					    diffuseColor	0.8588 0.8 0.7765
					    shininess	0.62
					    specularColor	0.9 0.9 0.9
				    }

			    }

			    geometry	DEF VIFS735-FACES IndexedFaceSet {
				    coord	DEF VIFS735-COORD Coordinate {
					    point	[ -1.479 0 -3.172,
							      -1.224 1 -3.291,
							      -1.297 0 -3.257,
							      -1.042 1 -3.376,
							      -1.297 0 -3.257,
							      -1.224 1 -3.291 ]
				    }

				    ccw	TRUE
				    solid	FALSE
				    coordIndex	[ 0, 1, 2, -1, 3, 4, 5, -1 ]
			    }

		    }
	    }

	    DEF VIFS734 Transform {
		    translation	0 0 0.25
		    rotation	1 0 0  1.571
		    children Shape {
			    appearance	Appearance {
				    material	Material {
					    ambientIntensity	1
					    diffuseColor	0.8588 0.8 0.7765
					    shininess	0.62
					    specularColor	0.9 0.9 0.9
				    }

			    }

			    geometry	DEF VIFS734-FACES IndexedFaceSet {
				    coord	DEF VIFS734-COORD Coordinate {
					    point	[ -0.7436 1 -3.454,
							      -0.9557 0.5013 -3.626,
							      -1.092 0 -3.588,
							      -1.008 0 -3.358,
							      -0.7436 1 -3.454,
							      -1.092 0 -3.588,
							      -0.8184 1 -3.66,
							      -0.9557 0.5013 -3.626,
							      -0.7436 1 -3.454 ]
				    }

				    ccw	TRUE
				    solid	FALSE
				    coordIndex	[ 0, 1, 2, -1, 3, 4, 5, -1,
						      6, 7, 8, -1 ]
			    }

		    }
	    }

	    DEF VIFS733 Transform {
		    translation	0 0 0.25
		    rotation	1 0 0  1.571
		    children Shape {
			    appearance	Appearance {
				    material	Material {
					    ambientIntensity	1
					    diffuseColor	0.8588 0.8 0.7765
					    shininess	0.62
					    specularColor	0.9 0.9 0.9
				    }

			    }

			    geometry	DEF VIFS733-FACES IndexedFaceSet {
				    coord	DEF VIFS733-COORD Coordinate {
					    point	[ -1.197 0 -3.289,
							      -1.149 0.5005 -3.57,
							      -1.014 1 -3.61,
							      -0.9326 1 -3.385,
							      -1.197 0 -3.289,
							      -1.014 1 -3.61,
							      -1.283 0 -3.524,
							      -1.149 0.5005 -3.57,
							      -1.197 0 -3.289 ]
				    }

				    ccw	TRUE
				    solid	FALSE
				    coordIndex	[ 0, 1, 2, -1, 3, 4, 5, -1,
						      6, 7, 8, -1 ]
			    }

		    }
	    }

	    DEF VIFS732 Transform {
		    translation	0 0 0.25
		    rotation	1 0 0  1.571
		    children Shape {
			    appearance	Appearance {
				    material	Material {
					    ambientIntensity	1
					    diffuseColor	0.8588 0.8 0.7765
					    shininess	0.62
					    specularColor	0.9 0.9 0.9
				    }

			    }

			    geometry	DEF VIFS732-FACES IndexedFaceSet {
				    coord	DEF VIFS732-COORD Coordinate {
					    point	[ -1.197 0 -3.289,
							      -0.9326 1 -3.385,
							      -1.008 0 -3.358,
							      -0.7436 1 -3.454,
							      -1.008 0 -3.358,
							      -0.9326 1 -3.385 ]
				    }

				    ccw	TRUE
				    solid	FALSE
				    coordIndex	[ 0, 1, 2, -1, 3, 4, 5, -1 ]
			    }

		    }
	    }

	    DEF VIFS731 Transform {
		    translation	0 0 0.25
		    rotation	1 0 0  1.571
		    children Shape {
			    appearance	Appearance {
				    material	Material {
					    ambientIntensity	1
					    diffuseColor	0.8588 0.8 0.7765
					    shininess	0.62
					    specularColor	0.9 0.9 0.9
				    }

			    }

			    geometry	DEF VIFS731-FACES IndexedFaceSet {
				    coord	DEF VIFS731-COORD Coordinate {
					    point	[ -0.4397 1 -3.506,
							      -0.636 0.5013 -3.696,
							      -0.775 0 -3.669,
							      -0.7117 0 -3.433,
							      -0.4397 1 -3.506,
							      -0.775 0 -3.669,
							      -0.4964 1 -3.717,
							      -0.636 0.5013 -3.696,
							      -0.4397 1 -3.506 ]
				    }

				    ccw	TRUE
				    solid	FALSE
				    coordIndex	[ 0, 1, 2, -1, 3, 4, 5, -1,
						      6, 7, 8, -1 ]
			    }

		    }
	    }

	    DEF VIFS730 Transform {
		    translation	0 0 0.25
		    rotation	1 0 0  1.571
		    children Shape {
			    appearance	Appearance {
				    material	Material {
					    ambientIntensity	1
					    diffuseColor	0.8588 0.8 0.7765
					    shininess	0.62
					    specularColor	0.9 0.9 0.9
				    }

			    }

			    geometry	DEF VIFS730-FACES IndexedFaceSet {
				    coord	DEF VIFS730-COORD Coordinate {
					    point	[ -0.9059 0 -3.381,
							      -0.8338 0.5005 -3.656,
							      -0.6959 1 -3.685,
							      -0.634 1 -3.454,
							      -0.9059 0 -3.381,
							      -0.6959 1 -3.685,
							      -0.9706 0 -3.622,
							      -0.8338 0.5005 -3.656,
							      -0.9059 0 -3.381 ]
				    }

				    ccw	TRUE
				    solid	FALSE
				    coordIndex	[ 0, 1, 2, -1, 3, 4, 5, -1,
						      6, 7, 8, -1 ]
			    }

		    }
	    }

	    DEF VIFS729 Transform {
		    translation	0 0 0.25
		    rotation	1 0 0  1.571
		    children Shape {
			    appearance	Appearance {
				    material	Material {
					    ambientIntensity	1
					    diffuseColor	0.8588 0.8 0.7765
					    shininess	0.62
					    specularColor	0.9 0.9 0.9
				    }

			    }

			    geometry	DEF VIFS729-FACES IndexedFaceSet {
				    coord	DEF VIFS729-COORD Coordinate {
					    point	[ -0.9059 0 -3.381,
							      -0.634 1 -3.454,
							      -0.7117 0 -3.433,
							      -0.4397 1 -3.506,
							      -0.7117 0 -3.433,
							      -0.634 1 -3.454 ]
				    }

				    ccw	TRUE
				    solid	FALSE
				    coordIndex	[ 0, 1, 2, -1, 3, 4, 5, -1 ]
			    }

		    }
	    }

	    DEF VIFS728 Transform {
		    translation	0 0 0.25
		    rotation	1 0 0  1.571
		    children Shape {
			    appearance	Appearance {
				    material	Material {
					    ambientIntensity	1
					    diffuseColor	0.8588 0.8 0.7765
					    shininess	0.62
					    specularColor	0.9 0.9 0.9
				    }

			    }

			    geometry	DEF VIFS728-FACES IndexedFaceSet {
				    coord	DEF VIFS728-COORD Coordinate {
					    point	[ -0.1325 1 -3.531,
							      -0.3115 0.5013 -3.737,
							      -0.4522 0 -3.723,
							      -0.4098 0 -3.482,
							      -0.1325 1 -3.531,
							      -0.4522 0 -3.723,
							      -0.1705 1 -3.746,
							      -0.3115 0.5013 -3.737,
							      -0.1325 1 -3.531 ]
				    }

				    ccw	TRUE
				    solid	FALSE
				    coordIndex	[ 0, 1, 2, -1, 3, 4, 5, -1,
						      6, 7, 8, -1 ]
			    }

		    }
	    }

	    DEF VIFS727 Transform {
		    translation	0 0 0.25
		    rotation	1 0 0  1.571
		    children Shape {
			    appearance	Appearance {
				    material	Material {
					    ambientIntensity	1
					    diffuseColor	0.8588 0.8 0.7765
					    shininess	0.62
					    specularColor	0.9 0.9 0.9
				    }

			    }

			    geometry	DEF VIFS727-FACES IndexedFaceSet {
				    coord	DEF VIFS727-COORD Coordinate {
					    point	[ -0.6078 0 -3.447,
							      -0.512 0.5005 -3.715,
							      -0.3721 1 -3.731,
							      -0.3305 1 -3.496,
							      -0.6078 0 -3.447,
							      -0.3721 1 -3.731,
							      -0.6512 0 -3.693,
							      -0.512 0.5005 -3.715,
							      -0.6078 0 -3.447 ]
				    }

				    ccw	TRUE
				    solid	FALSE
				    coordIndex	[ 0, 1, 2, -1, 3, 4, 5, -1,
						      6, 7, 8, -1 ]
			    }

		    }
	    }

	    DEF VIFS726 Transform {
		    translation	0 0 0.25
		    rotation	1 0 0  1.571
		    children Shape {
			    appearance	Appearance {
				    material	Material {
					    ambientIntensity	1
					    diffuseColor	0.8588 0.8 0.7765
					    shininess	0.62
					    specularColor	0.9 0.9 0.9
				    }

			    }

			    geometry	DEF VIFS726-FACES IndexedFaceSet {
				    coord	DEF VIFS726-COORD Coordinate {
					    point	[ -0.6078 0 -3.447,
							      -0.3305 1 -3.496,
							      -0.4098 0 -3.482,
							      -0.1325 1 -3.531,
							      -0.4098 0 -3.482,
							      -0.3305 1 -3.496 ]
				    }

				    ccw	TRUE
				    solid	FALSE
				    coordIndex	[ 0, 1, 2, -1, 3, 4, 5, -1 ]
			    }

		    }
	    }

	    DEF VIFS725 Transform {
		    translation	0 0 0.25
		    rotation	1 0 0  1.571
		    children Shape {
			    appearance	Appearance {
				    material	Material {
					    ambientIntensity	1
					    diffuseColor	0.8588 0.8 0.7765
					    shininess	0.62
					    specularColor	0.9 0.9 0.9
				    }

			    }

			    geometry	DEF VIFS725-FACES IndexedFaceSet {
				    coord	DEF VIFS725-COORD Coordinate {
					    point	[ 0.1757 1 -3.529,
							      0.01539 0.5013 -3.75,
							      -0.1261 0 -3.748,
							      -0.1047 0 -3.504,
							      0.1757 1 -3.529,
							      -0.1261 0 -3.748,
							      0.1566 1 -3.747,
							      0.01539 0.5013 -3.75,
							      0.1757 1 -3.529 ]
				    }

				    ccw	TRUE
				    solid	FALSE
				    coordIndex	[ 0, 1, 2, -1, 3, 4, 5, -1,
						      6, 7, 8, -1 ]
			    }

		    }
	    }

	    DEF VIFS724 Transform {
		    translation	0 0 0.25
		    rotation	1 0 0  1.571
		    children Shape {
			    appearance	Appearance {
				    material	Material {
					    ambientIntensity	1
					    diffuseColor	0.8588 0.8 0.7765
					    shininess	0.62
					    specularColor	0.9 0.9 0.9
				    }

			    }

			    geometry	DEF VIFS724-FACES IndexedFaceSet {
				    coord	DEF VIFS724-COORD Coordinate {
					    point	[ -0.305 0 -3.487,
							      -0.1862 0.5005 -3.745,
							      -0.04549 1 -3.75,
							      -0.02462 1 -3.511,
							      -0.305 0 -3.487,
							      -0.04549 1 -3.75,
							      -0.3268 0 -3.736,
							      -0.1862 0.5005 -3.745,
							      -0.305 0 -3.487 ]
				    }

				    ccw	TRUE
				    solid	FALSE
				    coordIndex	[ 0, 1, 2, -1, 3, 4, 5, -1,
						      6, 7, 8, -1 ]
			    }

		    }
	    }

	    DEF VIFS723 Transform {
		    translation	0 0 0.25
		    rotation	1 0 0  1.571
		    children Shape {
			    appearance	Appearance {
				    material	Material {
					    ambientIntensity	1
					    diffuseColor	0.8588 0.8 0.7765
					    shininess	0.62
					    specularColor	0.9 0.9 0.9
				    }

			    }

			    geometry	DEF VIFS723-FACES IndexedFaceSet {
				    coord	DEF VIFS723-COORD Coordinate {
					    point	[ -0.305 0 -3.487,
							      -0.02462 1 -3.511,
							      -0.1047 0 -3.504,
							      0.1757 1 -3.529,
							      -0.1047 0 -3.504,
							      -0.02462 1 -3.511 ]
				    }

				    ccw	TRUE
				    solid	FALSE
				    coordIndex	[ 0, 1, 2, -1, 3, 4, 5, -1 ]
			    }

		    }
	    }

	    DEF VIFS722 Transform {
		    translation	0 0 0.25
		    rotation	1 0 0  1.571
		    children Shape {
			    appearance	Appearance {
				    material	Material {
					    ambientIntensity	1
					    diffuseColor	0.8588 0.8 0.7765
					    shininess	0.62
					    specularColor	0.9 0.9 0.9
				    }

			    }

			    geometry	DEF VIFS722-FACES IndexedFaceSet {
				    coord	DEF VIFS722-COORD Coordinate {
					    point	[ 0.4825 1 -3.5,
							      0.3422 0.5013 -3.734,
							      0.2011 0 -3.745,
							      0.2011 0 -3.5,
							      0.4825 1 -3.5,
							      0.2011 0 -3.745,
							      0.4825 1 -3.719,
							      0.3422 0.5013 -3.734,
							      0.4825 1 -3.5 ]
				    }

				    ccw	TRUE
				    solid	FALSE
				    coordIndex	[ 0, 1, 2, -1, 3, 4, 5, -1,
						      6, 7, 8, -1 ]
			    }

		    }
	    }

	    DEF VIFS721 Transform {
		    translation	0 0 0.25
		    rotation	1 0 0  1.571
		    children Shape {
			    appearance	Appearance {
				    material	Material {
					    ambientIntensity	1
					    diffuseColor	0.8588 0.8 0.7765
					    shininess	0.62
					    specularColor	0.9 0.9 0.9
				    }

			    }

			    geometry	DEF VIFS721-FACES IndexedFaceSet {
				    coord	DEF VIFS721-COORD Coordinate {
					    point	[ 0 0 -3.5,
							      0.1409 0.5005 -3.747,
							      0.2815 1 -3.739,
							      0.2815 1 -3.5,
							      0 0 -3.5,
							      0.2815 1 -3.739,
							      0 0 -3.75,
							      0.1409 0.5005 -3.747,
							      0 0 -3.5 ]
				    }

				    ccw	TRUE
				    solid	FALSE
				    coordIndex	[ 0, 1, 2, -1, 3, 4, 5, -1,
						      6, 7, 8, -1 ]
			    }

		    }
	    }

	    DEF VIFS720 Transform {
		    translation	0 0 0.25
		    rotation	1 0 0  1.571
		    children Shape {
			    appearance	Appearance {
				    material	Material {
					    ambientIntensity	1
					    diffuseColor	0.8588 0.8 0.7765
					    shininess	0.62
					    specularColor	0.9 0.9 0.9
				    }

			    }

			    geometry	DEF VIFS720-FACES IndexedFaceSet {
				    coord	DEF VIFS720-COORD Coordinate {
					    point	[ 0 0 -3.5,
							      0.2815 1 -3.5,
							      0.2011 0 -3.5,
							      0.4825 1 -3.5,
							      0.2011 0 -3.5,
							      0.2815 1 -3.5 ]
				    }

				    ccw	TRUE
				    solid	FALSE
				    coordIndex	[ 0, 1, 2, -1, 3, 4, 5, -1 ]
			    }

		    }
	    }

	    DEF VIFS719 Transform {
		    translation	0 0 0.25
		    rotation	1 0 0  1.571
		    children Shape {
			    appearance	Appearance {
				    material	Material {
					    ambientIntensity	1
					    diffuseColor	0.8588 0.8 0.7765
					    shininess	0.62
					    specularColor	0.9 0.9 0.9
				    }

			    }

			    geometry	DEF VIFS719-FACES IndexedFaceSet {
				    coord	DEF VIFS719-COORD Coordinate {
					    point	[ 0.01539 0.5013 -3.75,
							      0 0 -3.75,
							      -0.0631 0 -3.749,
							      -0.1261 0 -3.748,
							      0.01539 0.5013 -3.75,
							      -0.0631 0 -3.749,
							      0.1409 0.5005 -3.747,
							      0 0 -3.75,
							      0.01539 0.5013 -3.75,
							      0.01539 0.5013 -3.75,
							      0.1566 1 -3.747,
							      0.1409 0.5005 -3.747,
							      0.1409 0.5005 -3.747,
							      0.1566 1 -3.747,
							      0.219 1 -3.744,
							      0.2815 1 -3.739,
							      0.1409 0.5005 -3.747,
							      0.219 1 -3.744 ]
				    }

				    ccw	TRUE
				    solid	FALSE
				    coordIndex	[ 0, 1, 2, -1, 3, 4, 5, -1,
						      6, 7, 8, -1, 9, 10, 11, -1,
						      12, 13, 14, -1, 15, 16, 17, -1 ]
			    }

		    }
	    }

	    DEF VIFS718 Transform {
		    translation	0 0 0.25
		    rotation	1 0 0  1.571
		    children Shape {
			    appearance	Appearance {
				    material	Material {
					    ambientIntensity	1
					    diffuseColor	0.8588 0.8 0.7765
					    shininess	0.62
					    specularColor	0.9 0.9 0.9
				    }

			    }

			    geometry	DEF VIFS718-FACES IndexedFaceSet {
				    coord	DEF VIFS718-COORD Coordinate {
					    point	[ 0.3422 0.5013 -3.734,
							      0.3268 0 -3.736,
							      0.264 0 -3.741,
							      0.2011 0 -3.745,
							      0.3422 0.5013 -3.734,
							      0.264 0 -3.741,
							      0.4669 0.5005 -3.721,
							      0.3268 0 -3.736,
							      0.3422 0.5013 -3.734,
							      0.3422 0.5013 -3.734,
							      0.4825 1 -3.719,
							      0.4669 0.5005 -3.721,
							      0.4669 0.5005 -3.721,
							      0.4825 1 -3.719,
							      0.5445 1 -3.71,
							      0.6063 1 -3.701,
							      0.4669 0.5005 -3.721,
							      0.5445 1 -3.71,
							      0.6663 0.5013 -3.69,
							      0.6512 0 -3.693,
							      0.589 0 -3.703,
							      0.5267 0 -3.713,
							      0.6663 0.5013 -3.69,
							      0.589 0 -3.703,
							      0.7895 0.5005 -3.666,
							      0.6512 0 -3.693,
							      0.6663 0.5013 -3.69,
							      0.6663 0.5013 -3.69,
							      0.8048 1 -3.663,
							      0.7895 0.5005 -3.666,
							      0.7895 0.5005 -3.666,
							      0.8048 1 -3.663,
							      0.8658 1 -3.649,
							      0.9265 1 -3.634,
							      0.7895 0.5005 -3.666,
							      0.8658 1 -3.649,
							      0.9854 0.5013 -3.618,
							      0.9706 0 -3.622,
							      0.9095 0 -3.638,
							      0.8482 0 -3.653,
							      0.9854 0.5013 -3.618,
							      0.9095 0 -3.638,
							      1.106 0.5005 -3.583,
							      0.9706 0 -3.622,
							      0.9854 0.5013 -3.618,
							      0.9854 0.5013 -3.618,
							      1.121 1 -3.579,
							      1.106 0.5005 -3.583,
							      1.106 0.5005 -3.583,
							      1.121 1 -3.579,
							      1.181 1 -3.559,
							      1.24 1 -3.539,
							      1.106 0.5005 -3.583,
							      1.181 1 -3.559,
							      1.297 0.5013 -3.519,
							      1.283 0 -3.524,
							      1.223 0 -3.545,
							      1.163 0 -3.565,
							      1.297 0.5013 -3.519,
							      1.223 0 -3.545,
							      1.414 0.5005 -3.473,
							      1.283 0 -3.524,
							      1.297 0.5013 -3.519,
							      1.297 0.5013 -3.519,
							      1.429 1 -3.467,
							      1.414 0.5005 -3.473,
							      1.414 0.5005 -3.473,
							      1.429 1 -3.467,
							      1.486 1 -3.443,
							      1.543 1 -3.418,
							      1.414 0.5005 -3.473,
							      1.486 1 -3.443,
							      1.599 0.5013 -3.392,
							      1.585 0 -3.399,
							      1.527 0 -3.425,
							      1.47 0 -3.45,
							      1.599 0.5013 -3.392,
							      1.527 0 -3.425,
							      1.711 0.5005 -3.337,
							      1.585 0 -3.399,
							      1.599 0.5013 -3.392,
							      1.599 0.5013 -3.392,
							      1.725 1 -3.329,
							      1.711 0.5005 -3.337,
							      1.711 0.5005 -3.337,
							      1.725 1 -3.329,
							      1.781 1 -3.3,
							      1.835 1 -3.27,
							      1.711 0.5005 -3.337,
							      1.781 1 -3.3,
							      1.888 0.5013 -3.24,
							      1.875 0 -3.248,
							      1.82 0 -3.279,
							      1.765 0 -3.309,
							      1.888 0.5013 -3.24,
							      1.82 0 -3.279,
							      1.996 0.5005 -3.175,
							      1.875 0 -3.248,
							      1.888 0.5013 -3.24,
							      1.888 0.5013 -3.24,
							      2.009 1 -3.166,
							      1.996 0.5005 -3.175,
							      1.996 0.5005 -3.175,
							      2.009 1 -3.166,
							      2.061 1 -3.133,
							      2.113 1 -3.098,
							      1.996 0.5005 -3.175,
							      2.061 1 -3.133,
							      2.164 0.5013 -3.063,
							      2.151 0 -3.072,
							      2.099 0 -3.108,
							      2.046 0 -3.142,
							      2.164 0.5013 -3.063,
							      2.099 0 -3.108,
							      2.265 0.5005 -2.989,
							      2.151 0 -3.072,
							      2.164 0.5013 -3.063,
							      2.164 0.5013 -3.063,
							      2.277 1 -2.979,
							      2.265 0.5005 -2.989,
							      2.265 0.5005 -2.989,
							      2.277 1 -2.979,
							      2.327 1 -2.941,
							      2.375 1 -2.902,
							      2.265 0.5005 -2.989,
							      2.327 1 -2.941,
							      2.422 0.5013 -2.863,
							      2.41 0 -2.873,
							      2.362 0 -2.913,
							      2.313 0 -2.952,
							      2.422 0.5013 -2.863,
							      2.362 0 -2.913,
							      2.517 0.5005 -2.78,
							      2.41 0 -2.873,
							      2.422 0.5013 -2.863,
							      2.422 0.5013 -2.863,
							      2.528 1 -2.769,
							      2.517 0.5005 -2.78,
							      2.517 0.5005 -2.78,
							      2.528 1 -2.769,
							      2.574 1 -2.727,
							      2.619 1 -2.684,
							      2.517 0.5005 -2.78,
							      2.574 1 -2.727,
							      2.663 0.5013 -2.641,
							      2.652 0 -2.652,
							      2.607 0 -2.696,
							      2.561 0 -2.739,
							      2.663 0.5013 -2.641,
							      2.607 0 -2.696,
							      2.749 0.5005 -2.55,
							      2.652 0 -2.652,
							      2.663 0.5013 -2.641,
							      2.663 0.5013 -2.641,
							      2.76 1 -2.539,
							      2.749 0.5005 -2.55,
							      2.749 0.5005 -2.55,
							      2.76 1 -2.539,
							      2.802 1 -2.492,
							      2.843 1 -2.445,
							      2.749 0.5005 -2.55,
							      2.802 1 -2.492,
							      2.883 0.5013 -2.399,
							      2.873 0 -2.41,
							      2.832 0 -2.458,
							      2.79 0 -2.506,
							      2.883 0.5013 -2.399,
							      2.832 0 -2.458,
							      2.961 0.5005 -2.301,
							      2.873 0 -2.41,
							      2.883 0.5013 -2.399,
							      2.883 0.5013 -2.399,
							      2.971 1 -2.288,
							      2.961 0.5005 -2.301,
							      2.961 0.5005 -2.301,
							      2.971 1 -2.288,
							      3.009 1 -2.239,
							      3.046 1 -2.188,
							      2.961 0.5005 -2.301,
							      3.009 1 -2.239,
							      3.081 0.5013 -2.138,
							      3.072 0 -2.151,
							      3.035 0 -2.202,
							      2.998 0 -2.253,
							      3.081 0.5013 -2.138,
							      3.035 0 -2.202,
							      3.15 0.5005 -2.034,
							      3.072 0 -2.151,
							      3.081 0.5013 -2.138,
							      3.081 0.5013 -2.138,
							      3.159 1 -2.021,
							      3.15 0.5005 -2.034,
							      3.15 0.5005 -2.034,
							      3.159 1 -2.021,
							      3.192 1 -1.968,
							      3.225 1 -1.914,
							      3.15 0.5005 -2.034,
							      3.192 1 -1.968,
							      3.255 0.5013 -1.862,
							      3.248 0 -1.875,
							      3.216 0 -1.929,
							      3.183 0 -1.983,
							      3.255 0.5013 -1.862,
							      3.216 0 -1.929,
							      3.316 0.5005 -1.752,
							      3.248 0 -1.875,
							      3.255 0.5013 -1.862,
							      3.255 0.5013 -1.862,
							      3.323 1 -1.738,
							      3.316 0.5005 -1.752,
							      3.316 0.5005 -1.752,
							      3.323 1 -1.738,
							      3.352 1 -1.682,
							      3.379 1 -1.626,
							      3.316 0.5005 -1.752,
							      3.352 1 -1.682,
							      3.405 0.5013 -1.571,
							      3.399 0 -1.585,
							      3.372 0 -1.642,
							      3.343 0 -1.698,
							      3.405 0.5013 -1.571,
							      3.372 0 -1.642,
							      3.456 0.5005 -1.456,
							      3.399 0 -1.585,
							      3.405 0.5013 -1.571,
							      3.405 0.5013 -1.571,
							      3.462 1 -1.441,
							      3.456 0.5005 -1.456,
							      3.456 0.5005 -1.456,
							      3.462 1 -1.441,
							      3.485 1 -1.384,
							      3.508 1 -1.325,
							      3.456 0.5005 -1.456,
							      3.485 1 -1.384,
							      3.529 0.5013 -1.268,
							      3.524 0 -1.283,
							      3.502 0 -1.342,
							      3.479 0 -1.4,
							      3.529 0.5013 -1.268,
							      3.502 0 -1.342,
							      3.57 0.5005 -1.149,
							      3.524 0 -1.283,
							      3.529 0.5013 -1.268,
							      3.529 0.5013 -1.268,
							      3.574 1 -1.134,
							      3.57 0.5005 -1.149,
							      3.57 0.5005 -1.149,
							      3.574 1 -1.134,
							      3.593 1 -1.075,
							      3.61 1 -1.014,
							      3.57 0.5005 -1.149,
							      3.593 1 -1.075,
							      3.626 0.5013 -0.9557,
							      3.622 0 -0.9706,
							      3.605 0 -1.031,
							      3.588 0 -1.092,
							      3.626 0.5013 -0.9557,
							      3.605 0 -1.031,
							      3.656 0.5005 -0.8338,
							      3.622 0 -0.9706,
							      3.626 0.5013 -0.9557,
							      3.626 0.5013 -0.9557,
							      3.66 1 -0.8184,
							      3.656 0.5005 -0.8338,
							      3.656 0.5005 -0.8338,
							      3.66 1 -0.8184,
							      3.673 1 -0.7573,
							      3.685 1 -0.6959,
							      3.656 0.5005 -0.8338,
							      3.673 1 -0.7573,
							      3.696 0.5013 -0.636,
							      3.693 0 -0.6512,
							      3.682 0 -0.7132,
							      3.669 0 -0.775,
							      3.696 0.5013 -0.636,
							      3.682 0 -0.7132,
							      3.715 0.5005 -0.512,
							      3.693 0 -0.6512,
							      3.696 0.5013 -0.636,
							      3.696 0.5013 -0.636,
							      3.717 1 -0.4964,
							      3.715 0.5005 -0.512,
							      3.715 0.5005 -0.512,
							      3.717 1 -0.4964,
							      3.725 1 -0.4344,
							      3.731 1 -0.3721,
							      3.715 0.5005 -0.512,
							      3.725 1 -0.4344,
							      3.737 0.5013 -0.3115,
							      3.736 0 -0.3268,
							      3.73 0 -0.3896,
							      3.723 0 -0.4522,
							      3.737 0.5013 -0.3115,
							      3.73 0 -0.3896,
							      3.745 0.5005 -0.1862,
							      3.736 0 -0.3268,
							      3.737 0.5013 -0.3115,
							      3.737 0.5013 -0.3115,
							      3.746 1 -0.1705,
							      3.745 0.5005 -0.1862,
							      3.745 0.5005 -0.1862,
							      3.746 1 -0.1705,
							      3.748 1 -0.1081,
							      3.75 1 -0.04549,
							      3.745 0.5005 -0.1862,
							      3.748 1 -0.1081,
							      3.75 0.5013 0.01539,
							      3.75 0 0,
							      3.749 0 -0.06307,
							      3.748 0 -0.1261,
							      3.75 0.5013 0.01539,
							      3.749 0 -0.06307,
							      3.747 0.5005 0.1409,
							      3.75 0 0,
							      3.75 0.5013 0.01539,
							      3.75 0.5013 0.01539,
							      3.747 1 0.1566,
							      3.747 0.5005 0.1409,
							      3.747 0.5005 0.1409,
							      3.747 1 0.1566,
							      3.744 1 0.219,
							      3.739 1 0.2815,
							      3.747 0.5005 0.1409,
							      3.744 1 0.219,
							      3.734 0.5013 0.3422,
							      3.736 0 0.3268,
							      3.741 0 0.2639,
							      3.745 0 0.2011,
							      3.734 0.5013 0.3422,
							      3.741 0 0.2639,
							      3.721 0.5005 0.4669,
							      3.736 0 0.3268,
							      3.734 0.5013 0.3422,
							      3.734 0.5013 0.3422,
							      3.719 1 0.4825,
							      3.721 0.5005 0.4669,
							      3.721 0.5005 0.4669,
							      3.719 1 0.4825,
							      3.71 1 0.5445,
							      3.701 1 0.6063,
							      3.721 0.5005 0.4669,
							      3.71 1 0.5445,
							      3.69 0.5013 0.6663,
							      3.693 0 0.6512,
							      3.703 0 0.589,
							      3.713 0 0.5267,
							      3.69 0.5013 0.6663,
							      3.703 0 0.589,
							      3.666 0.5005 0.7895,
							      3.693 0 0.6512,
							      3.69 0.5013 0.6663,
							      3.69 0.5013 0.6663,
							      3.663 1 0.8048,
							      3.666 0.5005 0.7895,
							      3.666 0.5005 0.7895,
							      3.663 1 0.8048,
							      3.649 1 0.8658,
							      3.634 1 0.9265,
							      3.666 0.5005 0.7895,
							      3.649 1 0.8658,
							      3.618 0.5013 0.9854,
							      3.622 0 0.9706,
							      3.638 0 0.9095,
							      3.653 0 0.8482,
							      3.618 0.5013 0.9854,
							      3.638 0 0.9095,
							      3.583 0.5005 1.106,
							      3.622 0 0.9706,
							      3.618 0.5013 0.9854,
							      3.618 0.5013 0.9854,
							      3.579 1 1.121,
							      3.583 0.5005 1.106,
							      3.583 0.5005 1.106,
							      3.579 1 1.121,
							      3.559 1 1.18,
							      3.539 1 1.24,
							      3.583 0.5005 1.106,
							      3.559 1 1.18,
							      3.519 0.5013 1.297,
							      3.524 0 1.283,
							      3.545 0 1.223,
							      3.565 0 1.163,
							      3.519 0.5013 1.297,
							      3.545 0 1.223,
							      3.473 0.5005 1.414,
							      3.524 0 1.283,
							      3.519 0.5013 1.297,
							      3.519 0.5013 1.297,
							      3.467 1 1.429,
							      3.473 0.5005 1.414,
							      3.473 0.5005 1.414,
							      3.467 1 1.429,
							      3.443 1 1.486,
							      3.418 1 1.543,
							      3.473 0.5005 1.414,
							      3.443 1 1.486,
							      3.392 0.5013 1.599,
							      3.399 0 1.585,
							      3.425 0 1.527,
							      3.45 0 1.47,
							      3.392 0.5013 1.599,
							      3.425 0 1.527,
							      3.337 0.5005 1.711,
							      3.399 0 1.585,
							      3.392 0.5013 1.599,
							      3.392 0.5013 1.599,
							      3.329 1 1.725,
							      3.337 0.5005 1.711,
							      3.337 0.5005 1.711,
							      3.329 1 1.725,
							      3.3 1 1.781,
							      3.27 1 1.835,
							      3.337 0.5005 1.711,
							      3.3 1 1.781,
							      3.24 0.5013 1.888,
							      3.248 0 1.875,
							      3.279 0 1.82,
							      3.309 0 1.765,
							      3.24 0.5013 1.888,
							      3.279 0 1.82,
							      3.175 0.5005 1.996,
							      3.248 0 1.875,
							      3.24 0.5013 1.888,
							      3.24 0.5013 1.888,
							      3.166 1 2.009,
							      3.175 0.5005 1.996,
							      3.175 0.5005 1.996,
							      3.166 1 2.009,
							      3.133 1 2.061,
							      3.098 1 2.113,
							      3.175 0.5005 1.996,
							      3.133 1 2.061,
							      3.063 0.5013 2.164,
							      3.072 0 2.151,
							      3.108 0 2.099,
							      3.142 0 2.046,
							      3.063 0.5013 2.164,
							      3.108 0 2.099,
							      2.989 0.5005 2.265,
							      3.072 0 2.151,
							      3.063 0.5013 2.164,
							      3.063 0.5013 2.164,
							      2.979 1 2.277,
							      2.989 0.5005 2.265,
							      2.989 0.5005 2.265,
							      2.979 1 2.277,
							      2.941 1 2.327,
							      2.902 1 2.375,
							      2.989 0.5005 2.265,
							      2.941 1 2.327,
							      2.863 0.5013 2.422,
							      2.873 0 2.41,
							      2.913 0 2.362,
							      2.952 0 2.313,
							      2.863 0.5013 2.422,
							      2.913 0 2.362,
							      2.78 0.5005 2.517,
							      2.873 0 2.41,
							      2.863 0.5013 2.422,
							      2.863 0.5013 2.422,
							      2.769 1 2.528,
							      2.78 0.5005 2.517,
							      2.78 0.5005 2.517,
							      2.769 1 2.528,
							      2.727 1 2.574,
							      2.684 1 2.619,
							      2.78 0.5005 2.517,
							      2.727 1 2.574,
							      2.641 0.5013 2.663,
							      2.652 0 2.652,
							      2.696 0 2.607,
							      2.739 0 2.561,
							      2.641 0.5013 2.663,
							      2.696 0 2.607,
							      2.55 0.5005 2.749,
							      2.652 0 2.652,
							      2.641 0.5013 2.663,
							      2.641 0.5013 2.663,
							      2.539 1 2.76,
							      2.55 0.5005 2.749,
							      2.55 0.5005 2.749,
							      2.539 1 2.76,
							      2.492 1 2.802,
							      2.445 1 2.843,
							      2.55 0.5005 2.749,
							      2.492 1 2.802,
							      2.399 0.5013 2.883,
							      2.41 0 2.873,
							      2.458 0 2.832,
							      2.506 0 2.79,
							      2.399 0.5013 2.883,
							      2.458 0 2.832,
							      2.301 0.5005 2.961,
							      2.41 0 2.873,
							      2.399 0.5013 2.883,
							      2.399 0.5013 2.883,
							      2.288 1 2.971,
							      2.301 0.5005 2.961,
							      2.301 0.5005 2.961,
							      2.288 1 2.971,
							      2.239 1 3.009,
							      2.188 1 3.046,
							      2.301 0.5005 2.961,
							      2.239 1 3.009,
							      2.138 0.5013 3.081,
							      2.151 0 3.072,
							      2.202 0 3.035,
							      2.253 0 2.998,
							      2.138 0.5013 3.081,
							      2.202 0 3.035,
							      2.034 0.5005 3.15,
							      2.151 0 3.072,
							      2.138 0.5013 3.081,
							      2.138 0.5013 3.081,
							      2.021 1 3.159,
							      2.034 0.5005 3.15,
							      2.034 0.5005 3.15,
							      2.021 1 3.159,
							      1.968 1 3.192,
							      1.914 1 3.225,
							      2.034 0.5005 3.15,
							      1.968 1 3.192,
							      1.862 0.5013 3.255,
							      1.875 0 3.248,
							      1.929 0 3.216,
							      1.983 0 3.183,
							      1.862 0.5013 3.255,
							      1.929 0 3.216,
							      1.752 0.5005 3.316,
							      1.875 0 3.248,
							      1.862 0.5013 3.255,
							      1.862 0.5013 3.255,
							      1.738 1 3.323,
							      1.752 0.5005 3.316,
							      1.752 0.5005 3.316,
							      1.738 1 3.323,
							      1.682 1 3.352,
							      1.626 1 3.379,
							      1.752 0.5005 3.316,
							      1.682 1 3.352,
							      1.571 0.5013 3.405,
							      1.585 0 3.399,
							      1.642 0 3.372,
							      1.698 0 3.343,
							      1.571 0.5013 3.405,
							      1.642 0 3.372,
							      1.456 0.5005 3.456,
							      1.585 0 3.399,
							      1.571 0.5013 3.405,
							      1.571 0.5013 3.405,
							      1.441 1 3.462,
							      1.456 0.5005 3.456,
							      1.456 0.5005 3.456,
							      1.441 1 3.462,
							      1.384 1 3.485,
							      1.325 1 3.508,
							      1.456 0.5005 3.456,
							      1.384 1 3.485,
							      1.268 0.5013 3.529,
							      1.283 0 3.524,
							      1.342 0 3.502,
							      1.4 0 3.479,
							      1.268 0.5013 3.529,
							      1.342 0 3.502,
							      1.149 0.5005 3.57,
							      1.283 0 3.524,
							      1.268 0.5013 3.529,
							      1.268 0.5013 3.529,
							      1.134 1 3.574,
							      1.149 0.5005 3.57,
							      1.149 0.5005 3.57,
							      1.134 1 3.574,
							      1.075 1 3.593,
							      1.014 1 3.61,
							      1.149 0.5005 3.57,
							      1.075 1 3.593,
							      0.9557 0.5013 3.626,
							      0.9706 0 3.622,
							      1.031 0 3.605,
							      1.092 0 3.588,
							      0.9557 0.5013 3.626,
							      1.031 0 3.605,
							      0.8338 0.5005 3.656,
							      0.9706 0 3.622,
							      0.9557 0.5013 3.626,
							      0.9557 0.5013 3.626,
							      0.8184 1 3.66,
							      0.8338 0.5005 3.656,
							      0.8338 0.5005 3.656,
							      0.8184 1 3.66,
							      0.7573 1 3.673,
							      0.6959 1 3.685,
							      0.8338 0.5005 3.656,
							      0.7573 1 3.673,
							      0.636 0.5013 3.696,
							      0.6512 0 3.693,
							      0.7132 0 3.682,
							      0.775 0 3.669,
							      0.636 0.5013 3.696,
							      0.7132 0 3.682,
							      0.512 0.5005 3.715,
							      0.6512 0 3.693,
							      0.636 0.5013 3.696,
							      0.636 0.5013 3.696,
							      0.4964 1 3.717,
							      0.512 0.5005 3.715,
							      0.512 0.5005 3.715,
							      0.4964 1 3.717,
							      0.4344 1 3.725,
							      0.3721 1 3.731,
							      0.512 0.5005 3.715,
							      0.4344 1 3.725,
							      0.3115 0.5013 3.737,
							      0.3268 0 3.736,
							      0.3896 0 3.73,
							      0.4522 0 3.723,
							      0.3115 0.5013 3.737,
							      0.3896 0 3.73,
							      0.1862 0.5005 3.745,
							      0.3268 0 3.736,
							      0.3115 0.5013 3.737,
							      0.3115 0.5013 3.737,
							      0.1705 1 3.746,
							      0.1862 0.5005 3.745,
							      0.1862 0.5005 3.745,
							      0.1705 1 3.746,
							      0.1081 1 3.748,
							      0.04549 1 3.75,
							      0.1862 0.5005 3.745,
							      0.1081 1 3.748,
							      -0.01539 0.5013 3.75,
							      0 0 3.75,
							      0.06307 0 3.749,
							      0.1261 0 3.748,
							      -0.01539 0.5013 3.75,
							      0.06307 0 3.749,
							      -0.1409 0.5005 3.747,
							      0 0 3.75,
							      -0.01539 0.5013 3.75,
							      -0.01539 0.5013 3.75,
							      -0.1566 1 3.747,
							      -0.1409 0.5005 3.747,
							      -0.1409 0.5005 3.747,
							      -0.1566 1 3.747,
							      -0.219 1 3.744,
							      -0.2815 1 3.739,
							      -0.1409 0.5005 3.747,
							      -0.219 1 3.744,
							      -0.3422 0.5013 3.734,
							      -0.3268 0 3.736,
							      -0.2639 0 3.741,
							      -0.2011 0 3.745,
							      -0.3422 0.5013 3.734,
							      -0.2639 0 3.741,
							      -0.4669 0.5005 3.721,
							      -0.3268 0 3.736,
							      -0.3422 0.5013 3.734,
							      -0.3422 0.5013 3.734,
							      -0.4825 1 3.719,
							      -0.4669 0.5005 3.721,
							      -0.4669 0.5005 3.721,
							      -0.4825 1 3.719,
							      -0.5445 1 3.71,
							      -0.6063 1 3.701,
							      -0.4669 0.5005 3.721,
							      -0.5445 1 3.71,
							      -0.6663 0.5013 3.69,
							      -0.6512 0 3.693,
							      -0.589 0 3.703,
							      -0.5267 0 3.713,
							      -0.6663 0.5013 3.69,
							      -0.589 0 3.703,
							      -0.7895 0.5005 3.666,
							      -0.6512 0 3.693,
							      -0.6663 0.5013 3.69,
							      -0.6663 0.5013 3.69,
							      -0.8048 1 3.663,
							      -0.7895 0.5005 3.666,
							      -0.7895 0.5005 3.666,
							      -0.8048 1 3.663,
							      -0.8658 1 3.649,
							      -0.9265 1 3.634,
							      -0.7895 0.5005 3.666,
							      -0.8658 1 3.649,
							      -0.9854 0.5013 3.618,
							      -0.9706 0 3.622,
							      -0.9095 0 3.638,
							      -0.8482 0 3.653,
							      -0.9854 0.5013 3.618,
							      -0.9095 0 3.638,
							      -1.106 0.5005 3.583,
							      -0.9706 0 3.622,
							      -0.9854 0.5013 3.618,
							      -0.9854 0.5013 3.618,
							      -1.121 1 3.579,
							      -1.106 0.5005 3.583,
							      -1.106 0.5005 3.583,
							      -1.121 1 3.579,
							      -1.18 1 3.559,
							      -1.24 1 3.539,
							      -1.106 0.5005 3.583,
							      -1.18 1 3.559,
							      -1.297 0.5013 3.519,
							      -1.283 0 3.524,
							      -1.223 0 3.545,
							      -1.163 0 3.565,
							      -1.297 0.5013 3.519,
							      -1.223 0 3.545,
							      -1.414 0.5005 3.473,
							      -1.283 0 3.524,
							      -1.297 0.5013 3.519,
							      -1.297 0.5013 3.519,
							      -1.429 1 3.467,
							      -1.414 0.5005 3.473,
							      -1.414 0.5005 3.473,
							      -1.429 1 3.467,
							      -1.486 1 3.443,
							      -1.543 1 3.418,
							      -1.414 0.5005 3.473,
							      -1.486 1 3.443,
							      -1.599 0.5013 3.392,
							      -1.585 0 3.399,
							      -1.527 0 3.425,
							      -1.47 0 3.45,
							      -1.599 0.5013 3.392,
							      -1.527 0 3.425,
							      -1.711 0.5005 3.337,
							      -1.585 0 3.399,
							      -1.599 0.5013 3.392,
							      -1.599 0.5013 3.392,
							      -1.725 1 3.329,
							      -1.711 0.5005 3.337,
							      -1.711 0.5005 3.337,
							      -1.725 1 3.329,
							      -1.781 1 3.3,
							      -1.835 1 3.27,
							      -1.711 0.5005 3.337,
							      -1.781 1 3.3,
							      -1.888 0.5013 3.24,
							      -1.875 0 3.248,
							      -1.82 0 3.279,
							      -1.765 0 3.309,
							      -1.888 0.5013 3.24,
							      -1.82 0 3.279,
							      -1.996 0.5005 3.175,
							      -1.875 0 3.248,
							      -1.888 0.5013 3.24,
							      -1.888 0.5013 3.24,
							      -2.009 1 3.166,
							      -1.996 0.5005 3.175,
							      -1.996 0.5005 3.175,
							      -2.009 1 3.166,
							      -2.061 1 3.133,
							      -2.113 1 3.098,
							      -1.996 0.5005 3.175,
							      -2.061 1 3.133,
							      -2.164 0.5013 3.063,
							      -2.151 0 3.072,
							      -2.099 0 3.108,
							      -2.046 0 3.142,
							      -2.164 0.5013 3.063,
							      -2.099 0 3.108,
							      -2.265 0.5005 2.989,
							      -2.151 0 3.072,
							      -2.164 0.5013 3.063,
							      -2.164 0.5013 3.063,
							      -2.277 1 2.979,
							      -2.265 0.5005 2.989,
							      -2.265 0.5005 2.989,
							      -2.277 1 2.979,
							      -2.327 1 2.941,
							      -2.375 1 2.902,
							      -2.265 0.5005 2.989,
							      -2.327 1 2.941,
							      -2.422 0.5013 2.863,
							      -2.41 0 2.873,
							      -2.362 0 2.913,
							      -2.313 0 2.952,
							      -2.422 0.5013 2.863,
							      -2.362 0 2.913,
							      -2.517 0.5005 2.78,
							      -2.41 0 2.873,
							      -2.422 0.5013 2.863,
							      -2.422 0.5013 2.863,
							      -2.528 1 2.769,
							      -2.517 0.5005 2.78,
							      -2.517 0.5005 2.78,
							      -2.528 1 2.769,
							      -2.574 1 2.727,
							      -2.619 1 2.684,
							      -2.517 0.5005 2.78,
							      -2.574 1 2.727,
							      -2.663 0.5013 2.641,
							      -2.652 0 2.652,
							      -2.607 0 2.696,
							      -2.561 0 2.739,
							      -2.663 0.5013 2.641,
							      -2.607 0 2.696,
							      -2.749 0.5005 2.55,
							      -2.652 0 2.652,
							      -2.663 0.5013 2.641,
							      -2.663 0.5013 2.641,
							      -2.76 1 2.539,
							      -2.749 0.5005 2.55,
							      -2.749 0.5005 2.55,
							      -2.76 1 2.539,
							      -2.802 1 2.492,
							      -2.843 1 2.445,
							      -2.749 0.5005 2.55,
							      -2.802 1 2.492,
							      -2.883 0.5013 2.399,
							      -2.873 0 2.41,
							      -2.832 0 2.458,
							      -2.79 0 2.506,
							      -2.883 0.5013 2.399,
							      -2.832 0 2.458,
							      -2.961 0.5005 2.301,
							      -2.873 0 2.41,
							      -2.883 0.5013 2.399,
							      -2.883 0.5013 2.399,
							      -2.971 1 2.288,
							      -2.961 0.5005 2.301,
							      -2.961 0.5005 2.301,
							      -2.971 1 2.288,
							      -3.009 1 2.239,
							      -3.046 1 2.188,
							      -2.961 0.5005 2.301,
							      -3.009 1 2.239,
							      -3.081 0.5013 2.138,
							      -3.072 0 2.151,
							      -3.035 0 2.202,
							      -2.998 0 2.253,
							      -3.081 0.5013 2.138,
							      -3.035 0 2.202,
							      -3.15 0.5005 2.034,
							      -3.072 0 2.151,
							      -3.081 0.5013 2.138,
							      -3.081 0.5013 2.138,
							      -3.159 1 2.021,
							      -3.15 0.5005 2.034,
							      -3.15 0.5005 2.034,
							      -3.159 1 2.021,
							      -3.192 1 1.968,
							      -3.225 1 1.914,
							      -3.15 0.5005 2.034,
							      -3.192 1 1.968,
							      -3.255 0.5013 1.862,
							      -3.248 0 1.875,
							      -3.216 0 1.929,
							      -3.183 0 1.983,
							      -3.255 0.5013 1.862,
							      -3.216 0 1.929,
							      -3.316 0.5005 1.752,
							      -3.248 0 1.875,
							      -3.255 0.5013 1.862,
							      -3.255 0.5013 1.862,
							      -3.323 1 1.738,
							      -3.316 0.5005 1.752,
							      -3.316 0.5005 1.752,
							      -3.323 1 1.738,
							      -3.352 1 1.682,
							      -3.379 1 1.626,
							      -3.316 0.5005 1.752,
							      -3.352 1 1.682,
							      -3.405 0.5013 1.571,
							      -3.399 0 1.585,
							      -3.372 0 1.642,
							      -3.343 0 1.698,
							      -3.405 0.5013 1.571,
							      -3.372 0 1.642,
							      -3.456 0.5005 1.456,
							      -3.399 0 1.585,
							      -3.405 0.5013 1.571,
							      -3.405 0.5013 1.571,
							      -3.462 1 1.441,
							      -3.456 0.5005 1.456,
							      -3.456 0.5005 1.456,
							      -3.462 1 1.441,
							      -3.485 1 1.384,
							      -3.508 1 1.325,
							      -3.456 0.5005 1.456,
							      -3.485 1 1.384,
							      -3.529 0.5013 1.268,
							      -3.524 0 1.283,
							      -3.502 0 1.342,
							      -3.479 0 1.4,
							      -3.529 0.5013 1.268,
							      -3.502 0 1.342,
							      -3.57 0.5005 1.149,
							      -3.524 0 1.283,
							      -3.529 0.5013 1.268,
							      -3.529 0.5013 1.268,
							      -3.574 1 1.134,
							      -3.57 0.5005 1.149,
							      -3.57 0.5005 1.149,
							      -3.574 1 1.134,
							      -3.593 1 1.075,
							      -3.61 1 1.014,
							      -3.57 0.5005 1.149,
							      -3.593 1 1.075,
							      -3.626 0.5013 0.9557,
							      -3.622 0 0.9706,
							      -3.605 0 1.031,
							      -3.588 0 1.092,
							      -3.626 0.5013 0.9557,
							      -3.605 0 1.031,
							      -3.656 0.5005 0.8338,
							      -3.622 0 0.9706,
							      -3.626 0.5013 0.9557,
							      -3.626 0.5013 0.9557,
							      -3.66 1 0.8184,
							      -3.656 0.5005 0.8338,
							      -3.656 0.5005 0.8338,
							      -3.66 1 0.8184,
							      -3.673 1 0.7573,
							      -3.685 1 0.6959,
							      -3.656 0.5005 0.8338,
							      -3.673 1 0.7573,
							      -3.696 0.5013 0.636,
							      -3.693 0 0.6512,
							      -3.682 0 0.7132,
							      -3.669 0 0.775,
							      -3.696 0.5013 0.636,
							      -3.682 0 0.7132,
							      -3.715 0.5005 0.512,
							      -3.693 0 0.6512,
							      -3.696 0.5013 0.636,
							      -3.696 0.5013 0.636,
							      -3.717 1 0.4964,
							      -3.715 0.5005 0.512,
							      -3.715 0.5005 0.512,
							      -3.717 1 0.4964,
							      -3.725 1 0.4344,
							      -3.731 1 0.3721,
							      -3.715 0.5005 0.512,
							      -3.725 1 0.4344,
							      -3.737 0.5013 0.3115,
							      -3.736 0 0.3268,
							      -3.73 0 0.3896,
							      -3.723 0 0.4522,
							      -3.737 0.5013 0.3115,
							      -3.73 0 0.3896,
							      -3.745 0.5005 0.1862,
							      -3.736 0 0.3268,
							      -3.737 0.5013 0.3115,
							      -3.737 0.5013 0.3115,
							      -3.746 1 0.1705,
							      -3.745 0.5005 0.1862,
							      -3.745 0.5005 0.1862,
							      -3.746 1 0.1705,
							      -3.748 1 0.1081,
							      -3.75 1 0.04549,
							      -3.745 0.5005 0.1862,
							      -3.748 1 0.1081,
							      -3.75 0.5013 -0.01539,
							      -3.75 0 0,
							      -3.749 0 0.06308,
							      -3.748 0 0.1261,
							      -3.75 0.5013 -0.01539,
							      -3.749 0 0.06308,
							      -3.747 0.5005 -0.1409,
							      -3.75 0 0,
							      -3.75 0.5013 -0.01539,
							      -3.75 0.5013 -0.01539,
							      -3.747 1 -0.1566,
							      -3.747 0.5005 -0.1409,
							      -3.747 0.5005 -0.1409,
							      -3.747 1 -0.1566,
							      -3.744 1 -0.219,
							      -3.739 1 -0.2815,
							      -3.747 0.5005 -0.1409,
							      -3.744 1 -0.219,
							      -3.734 0.5013 -0.3422,
							      -3.736 0 -0.3268,
							      -3.741 0 -0.2639,
							      -3.745 0 -0.2011,
							      -3.734 0.5013 -0.3422,
							      -3.741 0 -0.2639,
							      -3.721 0.5005 -0.4669,
							      -3.736 0 -0.3268,
							      -3.734 0.5013 -0.3422,
							      -3.734 0.5013 -0.3422,
							      -3.719 1 -0.4825,
							      -3.721 0.5005 -0.4669,
							      -3.721 0.5005 -0.4669,
							      -3.719 1 -0.4825,
							      -3.71 1 -0.5445,
							      -3.701 1 -0.6063,
							      -3.721 0.5005 -0.4669,
							      -3.71 1 -0.5445,
							      -3.69 0.5013 -0.6663,
							      -3.693 0 -0.6512,
							      -3.703 0 -0.5889,
							      -3.713 0 -0.5267,
							      -3.69 0.5013 -0.6663,
							      -3.703 0 -0.5889,
							      -3.666 0.5005 -0.7895,
							      -3.693 0 -0.6512,
							      -3.69 0.5013 -0.6663,
							      -3.69 0.5013 -0.6663,
							      -3.663 1 -0.8048,
							      -3.666 0.5005 -0.7895,
							      -3.666 0.5005 -0.7895,
							      -3.663 1 -0.8048,
							      -3.649 1 -0.8658,
							      -3.634 1 -0.9265,
							      -3.666 0.5005 -0.7895,
							      -3.649 1 -0.8658,
							      -3.618 0.5013 -0.9854,
							      -3.622 0 -0.9706,
							      -3.638 0 -0.9095,
							      -3.653 0 -0.8482,
							      -3.618 0.5013 -0.9854,
							      -3.638 0 -0.9095,
							      -3.583 0.5005 -1.106,
							      -3.622 0 -0.9706,
							      -3.618 0.5013 -0.9854,
							      -3.618 0.5013 -0.9854,
							      -3.579 1 -1.121,
							      -3.583 0.5005 -1.106,
							      -3.583 0.5005 -1.106,
							      -3.579 1 -1.121,
							      -3.559 1 -1.18,
							      -3.539 1 -1.24,
							      -3.583 0.5005 -1.106,
							      -3.559 1 -1.18,
							      -3.519 0.5013 -1.297,
							      -3.524 0 -1.283,
							      -3.545 0 -1.223,
							      -3.565 0 -1.163,
							      -3.519 0.5013 -1.297,
							      -3.545 0 -1.223,
							      -3.473 0.5005 -1.414,
							      -3.524 0 -1.283,
							      -3.519 0.5013 -1.297,
							      -3.519 0.5013 -1.297,
							      -3.467 1 -1.429,
							      -3.473 0.5005 -1.414,
							      -3.473 0.5005 -1.414,
							      -3.467 1 -1.429,
							      -3.443 1 -1.486,
							      -3.418 1 -1.543,
							      -3.473 0.5005 -1.414,
							      -3.443 1 -1.486,
							      -3.392 0.5013 -1.599,
							      -3.399 0 -1.585,
							      -3.425 0 -1.527,
							      -3.45 0 -1.47,
							      -3.392 0.5013 -1.599,
							      -3.425 0 -1.527,
							      -3.337 0.5005 -1.711,
							      -3.399 0 -1.585,
							      -3.392 0.5013 -1.599,
							      -3.392 0.5013 -1.599,
							      -3.329 1 -1.725,
							      -3.337 0.5005 -1.711,
							      -3.337 0.5005 -1.711,
							      -3.329 1 -1.725,
							      -3.3 1 -1.781,
							      -3.27 1 -1.835,
							      -3.337 0.5005 -1.711,
							      -3.3 1 -1.781,
							      -3.24 0.5013 -1.888,
							      -3.248 0 -1.875,
							      -3.279 0 -1.82,
							      -3.309 0 -1.765,
							      -3.24 0.5013 -1.888,
							      -3.279 0 -1.82,
							      -3.175 0.5005 -1.996,
							      -3.248 0 -1.875,
							      -3.24 0.5013 -1.888,
							      -3.24 0.5013 -1.888,
							      -3.166 1 -2.009,
							      -3.175 0.5005 -1.996,
							      -3.175 0.5005 -1.996,
							      -3.166 1 -2.009,
							      -3.133 1 -2.061,
							      -3.098 1 -2.113,
							      -3.175 0.5005 -1.996,
							      -3.133 1 -2.061,
							      -3.063 0.5013 -2.164,
							      -3.072 0 -2.151,
							      -3.108 0 -2.099,
							      -3.142 0 -2.046,
							      -3.063 0.5013 -2.164,
							      -3.108 0 -2.099,
							      -2.989 0.5005 -2.265,
							      -3.072 0 -2.151,
							      -3.063 0.5013 -2.164,
							      -3.063 0.5013 -2.164,
							      -2.979 1 -2.277,
							      -2.989 0.5005 -2.265,
							      -2.989 0.5005 -2.265,
							      -2.979 1 -2.277,
							      -2.941 1 -2.327,
							      -2.902 1 -2.375,
							      -2.989 0.5005 -2.265,
							      -2.941 1 -2.327,
							      -2.863 0.5013 -2.422,
							      -2.873 0 -2.41,
							      -2.913 0 -2.362,
							      -2.952 0 -2.313,
							      -2.863 0.5013 -2.422,
							      -2.913 0 -2.362,
							      -2.78 0.5005 -2.517,
							      -2.873 0 -2.41,
							      -2.863 0.5013 -2.422,
							      -2.863 0.5013 -2.422,
							      -2.769 1 -2.528,
							      -2.78 0.5005 -2.517,
							      -2.78 0.5005 -2.517,
							      -2.769 1 -2.528,
							      -2.727 1 -2.574,
							      -2.684 1 -2.619,
							      -2.78 0.5005 -2.517,
							      -2.727 1 -2.574,
							      -2.641 0.5013 -2.663,
							      -2.652 0 -2.652,
							      -2.696 0 -2.607,
							      -2.739 0 -2.561,
							      -2.641 0.5013 -2.663,
							      -2.696 0 -2.607,
							      -2.55 0.5005 -2.749,
							      -2.652 0 -2.652,
							      -2.641 0.5013 -2.663,
							      -2.641 0.5013 -2.663,
							      -2.539 1 -2.76,
							      -2.55 0.5005 -2.749,
							      -2.55 0.5005 -2.749,
							      -2.539 1 -2.76,
							      -2.492 1 -2.802,
							      -2.445 1 -2.843,
							      -2.55 0.5005 -2.749,
							      -2.492 1 -2.802,
							      -2.399 0.5013 -2.883,
							      -2.41 0 -2.873,
							      -2.458 0 -2.832,
							      -2.506 0 -2.79,
							      -2.399 0.5013 -2.883,
							      -2.458 0 -2.832,
							      -2.301 0.5005 -2.961,
							      -2.41 0 -2.873,
							      -2.399 0.5013 -2.883,
							      -2.399 0.5013 -2.883,
							      -2.288 1 -2.971,
							      -2.301 0.5005 -2.961,
							      -2.301 0.5005 -2.961,
							      -2.288 1 -2.971,
							      -2.239 1 -3.009,
							      -2.188 1 -3.046,
							      -2.301 0.5005 -2.961,
							      -2.239 1 -3.009,
							      -2.138 0.5013 -3.081,
							      -2.151 0 -3.072,
							      -2.202 0 -3.035,
							      -2.253 0 -2.998,
							      -2.138 0.5013 -3.081,
							      -2.202 0 -3.035,
							      -2.034 0.5005 -3.15,
							      -2.151 0 -3.072,
							      -2.138 0.5013 -3.081,
							      -2.138 0.5013 -3.081,
							      -2.021 1 -3.159,
							      -2.034 0.5005 -3.15,
							      -2.034 0.5005 -3.15,
							      -2.021 1 -3.159,
							      -1.968 1 -3.192,
							      -1.914 1 -3.225,
							      -2.034 0.5005 -3.15,
							      -1.968 1 -3.192,
							      -1.862 0.5013 -3.255,
							      -1.875 0 -3.248,
							      -1.929 0 -3.216,
							      -1.983 0 -3.183,
							      -1.862 0.5013 -3.255,
							      -1.929 0 -3.216,
							      -1.752 0.5005 -3.316,
							      -1.875 0 -3.248,
							      -1.862 0.5013 -3.255,
							      -1.862 0.5013 -3.255,
							      -1.738 1 -3.323,
							      -1.752 0.5005 -3.316,
							      -1.752 0.5005 -3.316,
							      -1.738 1 -3.323,
							      -1.682 1 -3.352,
							      -1.626 1 -3.379,
							      -1.752 0.5005 -3.316,
							      -1.682 1 -3.352,
							      -1.571 0.5013 -3.405,
							      -1.585 0 -3.399,
							      -1.642 0 -3.372,
							      -1.698 0 -3.343,
							      -1.571 0.5013 -3.405,
							      -1.642 0 -3.372,
							      -1.456 0.5005 -3.456,
							      -1.585 0 -3.399,
							      -1.571 0.5013 -3.405,
							      -1.571 0.5013 -3.405,
							      -1.441 1 -3.462,
							      -1.456 0.5005 -3.456,
							      -1.456 0.5005 -3.456,
							      -1.441 1 -3.462,
							      -1.384 1 -3.485,
							      -1.325 1 -3.508,
							      -1.456 0.5005 -3.456,
							      -1.384 1 -3.485,
							      -1.268 0.5013 -3.529,
							      -1.283 0 -3.524,
							      -1.342 0 -3.502,
							      -1.4 0 -3.479,
							      -1.268 0.5013 -3.529,
							      -1.342 0 -3.502,
							      -1.149 0.5005 -3.57,
							      -1.283 0 -3.524,
							      -1.268 0.5013 -3.529,
							      -1.268 0.5013 -3.529,
							      -1.134 1 -3.574,
							      -1.149 0.5005 -3.57,
							      -1.149 0.5005 -3.57,
							      -1.134 1 -3.574,
							      -1.075 1 -3.593,
							      -1.014 1 -3.61,
							      -1.149 0.5005 -3.57,
							      -1.075 1 -3.593,
							      -0.9557 0.5013 -3.626,
							      -0.9706 0 -3.622,
							      -1.031 0 -3.605,
							      -1.092 0 -3.588,
							      -0.9557 0.5013 -3.626,
							      -1.031 0 -3.605,
							      -0.8338 0.5005 -3.656,
							      -0.9706 0 -3.622,
							      -0.9557 0.5013 -3.626,
							      -0.9557 0.5013 -3.626,
							      -0.8184 1 -3.66,
							      -0.8338 0.5005 -3.656,
							      -0.8338 0.5005 -3.656,
							      -0.8184 1 -3.66,
							      -0.7574 1 -3.673,
							      -0.6959 1 -3.685,
							      -0.8338 0.5005 -3.656,
							      -0.7574 1 -3.673,
							      -0.636 0.5013 -3.696,
							      -0.6512 0 -3.693,
							      -0.7132 0 -3.682,
							      -0.775 0 -3.669,
							      -0.636 0.5013 -3.696,
							      -0.7132 0 -3.682,
							      -0.512 0.5005 -3.715,
							      -0.6512 0 -3.693,
							      -0.636 0.5013 -3.696,
							      -0.636 0.5013 -3.696,
							      -0.4964 1 -3.717,
							      -0.512 0.5005 -3.715,
							      -0.512 0.5005 -3.715,
							      -0.4964 1 -3.717,
							      -0.4344 1 -3.725,
							      -0.3721 1 -3.731,
							      -0.512 0.5005 -3.715,
							      -0.4344 1 -3.725,
							      -0.3115 0.5013 -3.737,
							      -0.3268 0 -3.736,
							      -0.3896 0 -3.73,
							      -0.4522 0 -3.723,
							      -0.3115 0.5013 -3.737,
							      -0.3896 0 -3.73,
							      -0.1862 0.5005 -3.745,
							      -0.3268 0 -3.736,
							      -0.3115 0.5013 -3.737,
							      -0.3115 0.5013 -3.737,
							      -0.1705 1 -3.746,
							      -0.1862 0.5005 -3.745,
							      -0.1862 0.5005 -3.745,
							      -0.1705 1 -3.746,
							      -0.1081 1 -3.748,
							      -0.04549 1 -3.75,
							      -0.1862 0.5005 -3.745,
							      -0.1081 1 -3.748 ]
				    }

				    ccw	TRUE
				    solid	FALSE
				    coordIndex	[ 0, 1, 2, -1, 3, 4, 5, -1,
						      6, 7, 8, -1, 9, 10, 11, -1,
						      12, 13, 14, -1, 15, 16, 17, -1,
						      18, 19, 20, -1, 21, 22, 23, -1,
						      24, 25, 26, -1, 27, 28, 29, -1,
						      30, 31, 32, -1, 33, 34, 35, -1,
						      36, 37, 38, -1, 39, 40, 41, -1,
						      42, 43, 44, -1, 45, 46, 47, -1,
						      48, 49, 50, -1, 51, 52, 53, -1,
						      54, 55, 56, -1, 57, 58, 59, -1,
						      60, 61, 62, -1, 63, 64, 65, -1,
						      66, 67, 68, -1, 69, 70, 71, -1,
						      72, 73, 74, -1, 75, 76, 77, -1,
						      78, 79, 80, -1, 81, 82, 83, -1,
						      84, 85, 86, -1, 87, 88, 89, -1,
						      90, 91, 92, -1, 93, 94, 95, -1,
						      96, 97, 98, -1, 99, 100, 101, -1,
						      102, 103, 104, -1, 105, 106, 107, -1,
						      108, 109, 110, -1, 111, 112, 113, -1,
						      114, 115, 116, -1, 117, 118, 119, -1,
						      120, 121, 122, -1, 123, 124, 125, -1,
						      126, 127, 128, -1, 129, 130, 131, -1,
						      132, 133, 134, -1, 135, 136, 137, -1,
						      138, 139, 140, -1, 141, 142, 143, -1,
						      144, 145, 146, -1, 147, 148, 149, -1,
						      150, 151, 152, -1, 153, 154, 155, -1,
						      156, 157, 158, -1, 159, 160, 161, -1,
						      162, 163, 164, -1, 165, 166, 167, -1,
						      168, 169, 170, -1, 171, 172, 173, -1,
						      174, 175, 176, -1, 177, 178, 179, -1,
						      180, 181, 182, -1, 183, 184, 185, -1,
						      186, 187, 188, -1, 189, 190, 191, -1,
						      192, 193, 194, -1, 195, 196, 197, -1,
						      198, 199, 200, -1, 201, 202, 203, -1,
						      204, 205, 206, -1, 207, 208, 209, -1,
						      210, 211, 212, -1, 213, 214, 215, -1,
						      216, 217, 218, -1, 219, 220, 221, -1,
						      222, 223, 224, -1, 225, 226, 227, -1,
						      228, 229, 230, -1, 231, 232, 233, -1,
						      234, 235, 236, -1, 237, 238, 239, -1,
						      240, 241, 242, -1, 243, 244, 245, -1,
						      246, 247, 248, -1, 249, 250, 251, -1,
						      252, 253, 254, -1, 255, 256, 257, -1,
						      258, 259, 260, -1, 261, 262, 263, -1,
						      264, 265, 266, -1, 267, 268, 269, -1,
						      270, 271, 272, -1, 273, 274, 275, -1,
						      276, 277, 278, -1, 279, 280, 281, -1,
						      282, 283, 284, -1, 285, 286, 287, -1,
						      288, 289, 290, -1, 291, 292, 293, -1,
						      294, 295, 296, -1, 297, 298, 299, -1,
						      300, 301, 302, -1, 303, 304, 305, -1,
						      306, 307, 308, -1, 309, 310, 311, -1,
						      312, 313, 314, -1, 315, 316, 317, -1,
						      318, 319, 320, -1, 321, 322, 323, -1,
						      324, 325, 326, -1, 327, 328, 329, -1,
						      330, 331, 332, -1, 333, 334, 335, -1,
						      336, 337, 338, -1, 339, 340, 341, -1,
						      342, 343, 344, -1, 345, 346, 347, -1,
						      348, 349, 350, -1, 351, 352, 353, -1,
						      354, 355, 356, -1, 357, 358, 359, -1,
						      360, 361, 362, -1, 363, 364, 365, -1,
						      366, 367, 368, -1, 369, 370, 371, -1,
						      372, 373, 374, -1, 375, 376, 377, -1,
						      378, 379, 380, -1, 381, 382, 383, -1,
						      384, 385, 386, -1, 387, 388, 389, -1,
						      390, 391, 392, -1, 393, 394, 395, -1,
						      396, 397, 398, -1, 399, 400, 401, -1,
						      402, 403, 404, -1, 405, 406, 407, -1,
						      408, 409, 410, -1, 411, 412, 413, -1,
						      414, 415, 416, -1, 417, 418, 419, -1,
						      420, 421, 422, -1, 423, 424, 425, -1,
						      426, 427, 428, -1, 429, 430, 431, -1,
						      432, 433, 434, -1, 435, 436, 437, -1,
						      438, 439, 440, -1, 441, 442, 443, -1,
						      444, 445, 446, -1, 447, 448, 449, -1,
						      450, 451, 452, -1, 453, 454, 455, -1,
						      456, 457, 458, -1, 459, 460, 461, -1,
						      462, 463, 464, -1, 465, 466, 467, -1,
						      468, 469, 470, -1, 471, 472, 473, -1,
						      474, 475, 476, -1, 477, 478, 479, -1,
						      480, 481, 482, -1, 483, 484, 485, -1,
						      486, 487, 488, -1, 489, 490, 491, -1,
						      492, 493, 494, -1, 495, 496, 497, -1,
						      498, 499, 500, -1, 501, 502, 503, -1,
						      504, 505, 506, -1, 507, 508, 509, -1,
						      510, 511, 512, -1, 513, 514, 515, -1,
						      516, 517, 518, -1, 519, 520, 521, -1,
						      522, 523, 524, -1, 525, 526, 527, -1,
						      528, 529, 530, -1, 531, 532, 533, -1,
						      534, 535, 536, -1, 537, 538, 539, -1,
						      540, 541, 542, -1, 543, 544, 545, -1,
						      546, 547, 548, -1, 549, 550, 551, -1,
						      552, 553, 554, -1, 555, 556, 557, -1,
						      558, 559, 560, -1, 561, 562, 563, -1,
						      564, 565, 566, -1, 567, 568, 569, -1,
						      570, 571, 572, -1, 573, 574, 575, -1,
						      576, 577, 578, -1, 579, 580, 581, -1,
						      582, 583, 584, -1, 585, 586, 587, -1,
						      588, 589, 590, -1, 591, 592, 593, -1,
						      594, 595, 596, -1, 597, 598, 599, -1,
						      600, 601, 602, -1, 603, 604, 605, -1,
						      606, 607, 608, -1, 609, 610, 611, -1,
						      612, 613, 614, -1, 615, 616, 617, -1,
						      618, 619, 620, -1, 621, 622, 623, -1,
						      624, 625, 626, -1, 627, 628, 629, -1,
						      630, 631, 632, -1, 633, 634, 635, -1,
						      636, 637, 638, -1, 639, 640, 641, -1,
						      642, 643, 644, -1, 645, 646, 647, -1,
						      648, 649, 650, -1, 651, 652, 653, -1,
						      654, 655, 656, -1, 657, 658, 659, -1,
						      660, 661, 662, -1, 663, 664, 665, -1,
						      666, 667, 668, -1, 669, 670, 671, -1,
						      672, 673, 674, -1, 675, 676, 677, -1,
						      678, 679, 680, -1, 681, 682, 683, -1,
						      684, 685, 686, -1, 687, 688, 689, -1,
						      690, 691, 692, -1, 693, 694, 695, -1,
						      696, 697, 698, -1, 699, 700, 701, -1,
						      702, 703, 704, -1, 705, 706, 707, -1,
						      708, 709, 710, -1, 711, 712, 713, -1,
						      714, 715, 716, -1, 717, 718, 719, -1,
						      720, 721, 722, -1, 723, 724, 725, -1,
						      726, 727, 728, -1, 729, 730, 731, -1,
						      732, 733, 734, -1, 735, 736, 737, -1,
						      738, 739, 740, -1, 741, 742, 743, -1,
						      744, 745, 746, -1, 747, 748, 749, -1,
						      750, 751, 752, -1, 753, 754, 755, -1,
						      756, 757, 758, -1, 759, 760, 761, -1,
						      762, 763, 764, -1, 765, 766, 767, -1,
						      768, 769, 770, -1, 771, 772, 773, -1,
						      774, 775, 776, -1, 777, 778, 779, -1,
						      780, 781, 782, -1, 783, 784, 785, -1,
						      786, 787, 788, -1, 789, 790, 791, -1,
						      792, 793, 794, -1, 795, 796, 797, -1,
						      798, 799, 800, -1, 801, 802, 803, -1,
						      804, 805, 806, -1, 807, 808, 809, -1,
						      810, 811, 812, -1, 813, 814, 815, -1,
						      816, 817, 818, -1, 819, 820, 821, -1,
						      822, 823, 824, -1, 825, 826, 827, -1,
						      828, 829, 830, -1, 831, 832, 833, -1,
						      834, 835, 836, -1, 837, 838, 839, -1,
						      840, 841, 842, -1, 843, 844, 845, -1,
						      846, 847, 848, -1, 849, 850, 851, -1,
						      852, 853, 854, -1, 855, 856, 857, -1,
						      858, 859, 860, -1, 861, 862, 863, -1,
						      864, 865, 866, -1, 867, 868, 869, -1,
						      870, 871, 872, -1, 873, 874, 875, -1,
						      876, 877, 878, -1, 879, 880, 881, -1,
						      882, 883, 884, -1, 885, 886, 887, -1,
						      888, 889, 890, -1, 891, 892, 893, -1,
						      894, 895, 896, -1, 897, 898, 899, -1,
						      900, 901, 902, -1, 903, 904, 905, -1,
						      906, 907, 908, -1, 909, 910, 911, -1,
						      912, 913, 914, -1, 915, 916, 917, -1,
						      918, 919, 920, -1, 921, 922, 923, -1,
						      924, 925, 926, -1, 927, 928, 929, -1,
						      930, 931, 932, -1, 933, 934, 935, -1,
						      936, 937, 938, -1, 939, 940, 941, -1,
						      942, 943, 944, -1, 945, 946, 947, -1,
						      948, 949, 950, -1, 951, 952, 953, -1,
						      954, 955, 956, -1, 957, 958, 959, -1,
						      960, 961, 962, -1, 963, 964, 965, -1,
						      966, 967, 968, -1, 969, 970, 971, -1,
						      972, 973, 974, -1, 975, 976, 977, -1,
						      978, 979, 980, -1, 981, 982, 983, -1,
						      984, 985, 986, -1, 987, 988, 989, -1,
						      990, 991, 992, -1, 993, 994, 995, -1,
						      996, 997, 998, -1, 999, 1000, 1001, -1,
						      1002, 1003, 1004, -1, 1005, 1006, 1007, -1,
						      1008, 1009, 1010, -1, 1011, 1012, 1013, -1,
						      1014, 1015, 1016, -1, 1017, 1018, 1019, -1,
						      1020, 1021, 1022, -1, 1023, 1024, 1025, -1,
						      1026, 1027, 1028, -1, 1029, 1030, 1031, -1,
						      1032, 1033, 1034, -1, 1035, 1036, 1037, -1,
						      1038, 1039, 1040, -1, 1041, 1042, 1043, -1,
						      1044, 1045, 1046, -1, 1047, 1048, 1049, -1,
						      1050, 1051, 1052, -1, 1053, 1054, 1055, -1,
						      1056, 1057, 1058, -1, 1059, 1060, 1061, -1,
						      1062, 1063, 1064, -1, 1065, 1066, 1067, -1,
						      1068, 1069, 1070, -1, 1071, 1072, 1073, -1,
						      1074, 1075, 1076, -1, 1077, 1078, 1079, -1,
						      1080, 1081, 1082, -1, 1083, 1084, 1085, -1,
						      1086, 1087, 1088, -1, 1089, 1090, 1091, -1,
						      1092, 1093, 1094, -1, 1095, 1096, 1097, -1,
						      1098, 1099, 1100, -1, 1101, 1102, 1103, -1,
						      1104, 1105, 1106, -1, 1107, 1108, 1109, -1,
						      1110, 1111, 1112, -1, 1113, 1114, 1115, -1,
						      1116, 1117, 1118, -1, 1119, 1120, 1121, -1,
						      1122, 1123, 1124, -1, 1125, 1126, 1127, -1,
						      1128, 1129, 1130, -1, 1131, 1132, 1133, -1,
						      1134, 1135, 1136, -1, 1137, 1138, 1139, -1,
						      1140, 1141, 1142, -1, 1143, 1144, 1145, -1,
						      1146, 1147, 1148, -1, 1149, 1150, 1151, -1,
						      1152, 1153, 1154, -1, 1155, 1156, 1157, -1,
						      1158, 1159, 1160, -1, 1161, 1162, 1163, -1,
						      1164, 1165, 1166, -1, 1167, 1168, 1169, -1,
						      1170, 1171, 1172, -1, 1173, 1174, 1175, -1,
						      1176, 1177, 1178, -1, 1179, 1180, 1181, -1,
						      1182, 1183, 1184, -1, 1185, 1186, 1187, -1,
						      1188, 1189, 1190, -1, 1191, 1192, 1193, -1,
						      1194, 1195, 1196, -1, 1197, 1198, 1199, -1,
						      1200, 1201, 1202, -1, 1203, 1204, 1205, -1,
						      1206, 1207, 1208, -1, 1209, 1210, 1211, -1,
						      1212, 1213, 1214, -1, 1215, 1216, 1217, -1,
						      1218, 1219, 1220, -1, 1221, 1222, 1223, -1,
						      1224, 1225, 1226, -1, 1227, 1228, 1229, -1,
						      1230, 1231, 1232, -1, 1233, 1234, 1235, -1,
						      1236, 1237, 1238, -1, 1239, 1240, 1241, -1,
						      1242, 1243, 1244, -1, 1245, 1246, 1247, -1,
						      1248, 1249, 1250, -1, 1251, 1252, 1253, -1,
						      1254, 1255, 1256, -1, 1257, 1258, 1259, -1,
						      1260, 1261, 1262, -1, 1263, 1264, 1265, -1,
						      1266, 1267, 1268, -1, 1269, 1270, 1271, -1,
						      1272, 1273, 1274, -1, 1275, 1276, 1277, -1 ]
			    }

		    }
	    }

	    DEF VIFS717 Transform {
		    translation	0 0 0.25
		    rotation	1 0 0  1.571
		    children Shape {
			    appearance	Appearance {
				    material	Material {
					    ambientIntensity	1
					    diffuseColor	0.8588 0.8 0.7765
					    shininess	0.62
					    specularColor	0.9 0.9 0.9
				    }

			    }

			    geometry	DEF VIFS717-FACES IndexedFaceSet {
				    coord	DEF VIFS717-COORD Coordinate {
					    point	[ 0.1757 1 -3.529,
							      0.2815 1 -3.739,
							      0.219 1 -3.744,
							      0.1566 1 -3.747,
							      0.1757 1 -3.529,
							      0.219 1 -3.744,
							      -0.04549 1 -3.75,
							      -0.1081 1 -3.748,
							      -0.1705 1 -3.746,
							      -0.04549 1 -3.75,
							      -0.1705 1 -3.746,
							      -0.1325 1 -3.531,
							      -0.02462 1 -3.511,
							      -0.04549 1 -3.75,
							      -0.1325 1 -3.531,
							      0.1757 1 -3.529,
							      -0.02462 1 -3.511,
							      0.2815 1 -3.5,
							      0.2815 1 -3.5,
							      0.2815 1 -3.739,
							      0.1757 1 -3.529,
							      0.4825 1 -3.5,
							      0.6063 1 -3.701,
							      0.5445 1 -3.71,
							      0.4825 1 -3.719,
							      0.4825 1 -3.5,
							      0.5445 1 -3.71,
							      -0.3721 1 -3.731,
							      -0.4344 1 -3.725,
							      -0.4964 1 -3.717,
							      -0.3721 1 -3.731,
							      -0.4964 1 -3.717,
							      -0.4397 1 -3.506,
							      -0.3305 1 -3.496,
							      -0.3721 1 -3.731,
							      -0.4397 1 -3.506,
							      -0.3305 1 -3.496,
							      0.4825 1 -3.5,
							      0.2815 1 -3.5,
							      -0.3305 1 -3.496,
							      0.2815 1 -3.5,
							      -0.02462 1 -3.511,
							      -0.1325 1 -3.531,
							      -0.3305 1 -3.496,
							      -0.02462 1 -3.511,
							      0.4825 1 -3.5,
							      -0.3305 1 -3.496,
							      0.5855 1 -3.462,
							      0.5855 1 -3.462,
							      0.6063 1 -3.701,
							      0.4825 1 -3.5,
							      -0.6959 1 -3.685,
							      -0.7574 1 -3.673,
							      -0.8184 1 -3.66,
							      -0.6959 1 -3.685,
							      -0.8184 1 -3.66,
							      -0.7436 1 -3.454,
							      -0.634 1 -3.454,
							      -0.6959 1 -3.685,
							      -0.7436 1 -3.454,
							      -0.634 1 -3.454,
							      0.5855 1 -3.462,
							      -0.3305 1 -3.496,
							      -0.4397 1 -3.506,
							      -0.634 1 -3.454,
							      -0.3305 1 -3.496,
							      0.7858 1 -3.445,
							      0.5855 1 -3.462,
							      -0.634 1 -3.454,
							      0.7858 1 -3.445,
							      0.9265 1 -3.634,
							      0.8658 1 -3.649,
							      0.8048 1 -3.663,
							      0.7858 1 -3.445,
							      0.8658 1 -3.649,
							      0.885 1 -3.398,
							      0.9265 1 -3.634,
							      0.7858 1 -3.445,
							      -1.014 1 -3.61,
							      -1.075 1 -3.593,
							      -1.134 1 -3.574,
							      -0.9326 1 -3.385,
							      -1.014 1 -3.61,
							      -1.134 1 -3.574,
							      -0.9326 1 -3.385,
							      0.885 1 -3.398,
							      0.7858 1 -3.445,
							      -0.9326 1 -3.385,
							      0.7858 1 -3.445,
							      -0.634 1 -3.454,
							      -0.7436 1 -3.454,
							      -0.9326 1 -3.385,
							      -0.634 1 -3.454,
							      -1.134 1 -3.574,
							      -1.042 1 -3.376,
							      -0.9326 1 -3.385,
							      0.885 1 -3.398,
							      -0.9326 1 -3.385,
							      -1.042 1 -3.376,
							      1.083 1 -3.363,
							      0.885 1 -3.398,
							      -1.042 1 -3.376,
							      1.083 1 -3.363,
							      1.24 1 -3.539,
							      1.181 1 -3.559,
							      1.121 1 -3.579,
							      1.083 1 -3.363,
							      1.181 1 -3.559,
							      1.178 1 -3.308,
							      1.24 1 -3.539,
							      1.083 1 -3.363,
							      -1.325 1 -3.508,
							      -1.384 1 -3.485,
							      -1.441 1 -3.462,
							      -1.224 1 -3.291,
							      -1.325 1 -3.508,
							      -1.441 1 -3.462,
							      -1.224 1 -3.291,
							      1.178 1 -3.308,
							      1.083 1 -3.363,
							      -1.042 1 -3.376,
							      -1.224 1 -3.291,
							      1.083 1 -3.363,
							      -1.441 1 -3.462,
							      -1.332 1 -3.272,
							      -1.224 1 -3.291,
							      1.178 1 -3.308,
							      -1.224 1 -3.291,
							      -1.332 1 -3.272,
							      1.372 1 -3.256,
							      1.178 1 -3.308,
							      -1.332 1 -3.272,
							      1.372 1 -3.256,
							      1.543 1 -3.418,
							      1.486 1 -3.443,
							      1.429 1 -3.467,
							      1.372 1 -3.256,
							      1.486 1 -3.443,
							      1.462 1 -3.193,
							      1.543 1 -3.418,
							      1.372 1 -3.256,
							      -1.626 1 -3.379,
							      -1.682 1 -3.352,
							      -1.738 1 -3.323,
							      -1.506 1 -3.172,
							      -1.626 1 -3.379,
							      -1.738 1 -3.323,
							      -1.506 1 -3.172,
							      1.462 1 -3.193,
							      1.372 1 -3.256,
							      -1.332 1 -3.272,
							      -1.506 1 -3.172,
							      1.372 1 -3.256,
							      -1.738 1 -3.323,
							      -1.612 1 -3.144,
							      -1.506 1 -3.172,
							      1.462 1 -3.193,
							      -1.506 1 -3.172,
							      -1.612 1 -3.144,
							      1.651 1 -3.124,
							      1.462 1 -3.193,
							      -1.612 1 -3.144,
							      1.651 1 -3.124,
							      1.835 1 -3.27,
							      1.781 1 -3.3,
							      1.725 1 -3.329,
							      1.651 1 -3.124,
							      1.781 1 -3.3,
							      1.734 1 -3.053,
							      1.835 1 -3.27,
							      1.651 1 -3.124,
							      -1.914 1 -3.225,
							      -1.968 1 -3.192,
							      -2.021 1 -3.159,
							      -1.777 1 -3.028,
							      -1.914 1 -3.225,
							      -2.021 1 -3.159,
							      -1.777 1 -3.028,
							      1.734 1 -3.053,
							      1.651 1 -3.124,
							      -1.612 1 -3.144,
							      -1.777 1 -3.028,
							      1.651 1 -3.124,
							      -2.021 1 -3.159,
							      -1.88 1 -2.991,
							      -1.777 1 -3.028,
							      1.734 1 -3.053,
							      -1.777 1 -3.028,
							      -1.88 1 -2.991,
							      1.916 1 -2.968,
							      1.734 1 -3.053,
							      -1.88 1 -2.991,
							      1.916 1 -2.968,
							      2.113 1 -3.098,
							      2.061 1 -3.133,
							      2.009 1 -3.166,
							      1.916 1 -2.968,
							      2.061 1 -3.133,
							      1.994 1 -2.89,
							      2.113 1 -3.098,
							      1.916 1 -2.968,
							      -2.188 1 -3.046,
							      -2.239 1 -3.009,
							      -2.288 1 -2.971,
							      -2.034 1 -2.862,
							      -2.188 1 -3.046,
							      -2.288 1 -2.971,
							      -2.034 1 -2.862,
							      1.994 1 -2.89,
							      1.916 1 -2.968,
							      -1.88 1 -2.991,
							      -2.034 1 -2.862,
							      1.916 1 -2.968,
							      -2.288 1 -2.971,
							      -2.134 1 -2.816,
							      -2.034 1 -2.862,
							      1.994 1 -2.89,
							      -2.034 1 -2.862,
							      -2.134 1 -2.816,
							      2.168 1 -2.79,
							      1.994 1 -2.89,
							      -2.134 1 -2.816,
							      2.168 1 -2.79,
							      2.375 1 -2.902,
							      2.327 1 -2.941,
							      2.277 1 -2.979,
							      2.168 1 -2.79,
							      2.327 1 -2.941,
							      2.238 1 -2.706,
							      2.375 1 -2.902,
							      2.168 1 -2.79,
							      -2.445 1 -2.843,
							      -2.492 1 -2.802,
							      -2.539 1 -2.76,
							      -2.276 1 -2.674,
							      -2.445 1 -2.843,
							      -2.539 1 -2.76,
							      -2.276 1 -2.674,
							      2.238 1 -2.706,
							      2.168 1 -2.79,
							      -2.134 1 -2.816,
							      -2.276 1 -2.674,
							      2.168 1 -2.79,
							      -2.539 1 -2.76,
							      -2.371 1 -2.619,
							      -2.276 1 -2.674,
							      2.238 1 -2.706,
							      -2.276 1 -2.674,
							      -2.371 1 -2.619,
							      2.403 1 -2.59,
							      2.238 1 -2.706,
							      -2.371 1 -2.619,
							      2.403 1 -2.59,
							      2.619 1 -2.684,
							      2.574 1 -2.727,
							      2.528 1 -2.769,
							      2.403 1 -2.59,
							      2.574 1 -2.727,
							      2.465 1 -2.5,
							      2.619 1 -2.684,
							      2.403 1 -2.59,
							      -2.684 1 -2.619,
							      -2.727 1 -2.574,
							      -2.769 1 -2.528,
							      -2.5 1 -2.465,
							      -2.684 1 -2.619,
							      -2.769 1 -2.528,
							      -2.5 1 -2.465,
							      2.465 1 -2.5,
							      2.403 1 -2.59,
							      -2.371 1 -2.619,
							      -2.5 1 -2.465,
							      2.403 1 -2.59,
							      -2.769 1 -2.528,
							      -2.59 1 -2.403,
							      -2.5 1 -2.465,
							      2.465 1 -2.5,
							      -2.5 1 -2.465,
							      -2.59 1 -2.403,
							      2.619 1 -2.371,
							      2.465 1 -2.5,
							      -2.59 1 -2.403,
							      2.619 1 -2.371,
							      2.843 1 -2.445,
							      2.802 1 -2.492,
							      2.76 1 -2.539,
							      2.619 1 -2.371,
							      2.802 1 -2.492,
							      2.674 1 -2.276,
							      2.843 1 -2.445,
							      2.619 1 -2.371,
							      -2.902 1 -2.375,
							      -2.941 1 -2.327,
							      -2.979 1 -2.277,
							      -2.706 1 -2.238,
							      -2.902 1 -2.375,
							      -2.979 1 -2.277,
							      -2.706 1 -2.238,
							      2.674 1 -2.276,
							      2.619 1 -2.371,
							      -2.59 1 -2.403,
							      -2.706 1 -2.238,
							      2.619 1 -2.371,
							      -2.979 1 -2.277,
							      -2.79 1 -2.168,
							      -2.706 1 -2.238,
							      2.674 1 -2.276,
							      -2.706 1 -2.238,
							      -2.79 1 -2.168,
							      2.816 1 -2.134,
							      2.674 1 -2.276,
							      -2.79 1 -2.168,
							      2.816 1 -2.134,
							      3.046 1 -2.188,
							      3.009 1 -2.239,
							      2.971 1 -2.288,
							      2.816 1 -2.134,
							      3.009 1 -2.239,
							      2.862 1 -2.034,
							      3.046 1 -2.188,
							      2.816 1 -2.134,
							      -3.098 1 -2.113,
							      -3.133 1 -2.061,
							      -3.166 1 -2.009,
							      -2.89 1 -1.994,
							      -3.098 1 -2.113,
							      -3.166 1 -2.009,
							      -2.89 1 -1.994,
							      2.862 1 -2.034,
							      2.816 1 -2.134,
							      -2.79 1 -2.168,
							      -2.89 1 -1.994,
							      2.816 1 -2.134,
							      -3.166 1 -2.009,
							      -2.968 1 -1.916,
							      -2.89 1 -1.994,
							      2.862 1 -2.034,
							      -2.89 1 -1.994,
							      -2.968 1 -1.916,
							      2.991 1 -1.88,
							      2.862 1 -2.034,
							      -2.968 1 -1.916,
							      2.991 1 -1.88,
							      3.225 1 -1.914,
							      3.192 1 -1.968,
							      3.159 1 -2.021,
							      2.991 1 -1.88,
							      3.192 1 -1.968,
							      3.028 1 -1.777,
							      3.225 1 -1.914,
							      2.991 1 -1.88,
							      -3.053 1 -1.734,
							      -3.27 1 -1.835,
							      -3.3 1 -1.781,
							      -3.053 1 -1.734,
							      3.028 1 -1.777,
							      2.991 1 -1.88,
							      -2.968 1 -1.916,
							      -3.053 1 -1.734,
							      2.991 1 -1.88,
							      -3.3 1 -1.781,
							      -3.329 1 -1.725,
							      -3.053 1 -1.734,
							      3.028 1 -1.777,
							      -3.053 1 -1.734,
							      -3.329 1 -1.725,
							      3.028 1 -1.777,
							      -3.329 1 -1.725,
							      -3.124 1 -1.651,
							      3.144 1 -1.612,
							      3.028 1 -1.777,
							      -3.124 1 -1.651,
							      3.144 1 -1.612,
							      3.379 1 -1.626,
							      3.352 1 -1.682,
							      3.323 1 -1.738,
							      3.144 1 -1.612,
							      3.352 1 -1.682,
							      3.172 1 -1.506,
							      3.379 1 -1.626,
							      3.144 1 -1.612,
							      -3.193 1 -1.462,
							      -3.418 1 -1.543,
							      -3.443 1 -1.486,
							      -3.193 1 -1.462,
							      3.172 1 -1.506,
							      3.144 1 -1.612,
							      -3.124 1 -1.651,
							      -3.193 1 -1.462,
							      3.144 1 -1.612,
							      -3.443 1 -1.486,
							      -3.467 1 -1.429,
							      -3.193 1 -1.462,
							      3.172 1 -1.506,
							      -3.193 1 -1.462,
							      -3.467 1 -1.429,
							      3.172 1 -1.506,
							      -3.467 1 -1.429,
							      -3.256 1 -1.372,
							      3.272 1 -1.332,
							      3.172 1 -1.506,
							      -3.256 1 -1.372,
							      3.462 1 -1.441,
							      3.272 1 -1.332,
							      3.485 1 -1.384,
							      3.508 1 -1.325,
							      3.485 1 -1.384,
							      3.272 1 -1.332,
							      -3.308 1 -1.178,
							      -3.539 1 -1.24,
							      -3.559 1 -1.18,
							      -3.308 1 -1.178,
							      3.291 1 -1.224,
							      3.508 1 -1.325,
							      -3.308 1 -1.178,
							      3.508 1 -1.325,
							      3.272 1 -1.332,
							      -3.256 1 -1.372,
							      -3.308 1 -1.178,
							      3.272 1 -1.332,
							      -3.559 1 -1.18,
							      -3.579 1 -1.121,
							      -3.308 1 -1.178,
							      3.291 1 -1.224,
							      -3.308 1 -1.178,
							      -3.579 1 -1.121,
							      3.291 1 -1.224,
							      -3.579 1 -1.121,
							      -3.363 1 -1.083,
							      3.376 1 -1.042,
							      3.291 1 -1.224,
							      -3.363 1 -1.083,
							      3.574 1 -1.134,
							      3.376 1 -1.042,
							      3.593 1 -1.075,
							      3.61 1 -1.014,
							      3.593 1 -1.075,
							      3.376 1 -1.042,
							      -3.398 1 -0.885,
							      3.385 1 -0.9326,
							      3.61 1 -1.014,
							      -3.398 1 -0.885,
							      3.61 1 -1.014,
							      3.376 1 -1.042,
							      -3.363 1 -1.083,
							      -3.398 1 -0.885,
							      3.376 1 -1.042,
							      -3.634 1 -0.9265,
							      -3.649 1 -0.8658,
							      -3.398 1 -0.885,
							      3.385 1 -0.9326,
							      -3.398 1 -0.885,
							      -3.649 1 -0.8658,
							      3.385 1 -0.9326,
							      -3.649 1 -0.8658,
							      -3.663 1 -0.8048,
							      3.385 1 -0.9326,
							      -3.663 1 -0.8048,
							      -3.445 1 -0.7858,
							      3.454 1 -0.7436,
							      3.385 1 -0.9326,
							      -3.445 1 -0.7858,
							      3.66 1 -0.8184,
							      3.454 1 -0.7436,
							      3.673 1 -0.7573,
							      3.685 1 -0.6959,
							      3.673 1 -0.7573,
							      3.454 1 -0.7436,
							      -3.462 1 -0.5855,
							      3.454 1 -0.634,
							      3.685 1 -0.6959,
							      -3.462 1 -0.5855,
							      3.685 1 -0.6959,
							      3.454 1 -0.7436,
							      -3.445 1 -0.7858,
							      -3.462 1 -0.5855,
							      3.454 1 -0.7436,
							      -3.701 1 -0.6063,
							      -3.71 1 -0.5445,
							      -3.462 1 -0.5855,
							      3.454 1 -0.634,
							      -3.462 1 -0.5855,
							      -3.71 1 -0.5445,
							      3.454 1 -0.634,
							      -3.71 1 -0.5445,
							      -3.719 1 -0.4825,
							      3.454 1 -0.634,
							      -3.719 1 -0.4825,
							      -3.5 1 -0.4825,
							      3.506 1 -0.4397,
							      3.454 1 -0.634,
							      -3.5 1 -0.4825,
							      3.725 1 -0.4344,
							      3.717 1 -0.4964,
							      3.506 1 -0.4397,
							      -3.5 1 -0.2815,
							      3.496 1 -0.3305,
							      3.731 1 -0.3721,
							      -3.5 1 -0.2815,
							      3.731 1 -0.3721,
							      3.725 1 -0.4344,
							      -3.5 1 -0.2815,
							      3.725 1 -0.4344,
							      3.506 1 -0.4397,
							      -3.5 1 -0.4825,
							      -3.5 1 -0.2815,
							      3.506 1 -0.4397,
							      -3.739 1 -0.2815,
							      -3.744 1 -0.219,
							      -3.5 1 -0.2815,
							      -3.744 1 -0.219,
							      -3.747 1 -0.1566,
							      -3.529 1 -0.1757,
							      3.496 1 -0.3305,
							      -3.5 1 -0.2815,
							      -3.744 1 -0.219,
							      3.496 1 -0.3305,
							      -3.744 1 -0.219,
							      -3.529 1 -0.1757,
							      3.531 1 -0.1325,
							      3.496 1 -0.3305,
							      -3.529 1 -0.1757,
							      3.748 1 -0.1081,
							      3.746 1 -0.1705,
							      3.531 1 -0.1325,
							      -3.511 1 0.02462,
							      3.511 1 -0.02462,
							      3.75 1 -0.04549,
							      -3.511 1 0.02462,
							      3.75 1 -0.04549,
							      3.748 1 -0.1081,
							      -3.511 1 0.02462,
							      3.748 1 -0.1081,
							      3.531 1 -0.1325,
							      -3.529 1 -0.1757,
							      -3.511 1 0.02462,
							      3.531 1 -0.1325,
							      -3.748 1 0.1081,
							      -3.746 1 0.1705,
							      -3.531 1 0.1325,
							      3.511 1 -0.02462,
							      -3.511 1 0.02462,
							      -3.75 1 0.04549,
							      3.511 1 -0.02462,
							      -3.75 1 0.04549,
							      -3.748 1 0.1081,
							      3.511 1 -0.02462,
							      -3.748 1 0.1081,
							      -3.531 1 0.1325,
							      3.529 1 0.1757,
							      3.511 1 -0.02462,
							      -3.531 1 0.1325,
							      3.744 1 0.219,
							      3.747 1 0.1566,
							      3.529 1 0.1757,
							      3.739 1 0.2815,
							      3.744 1 0.219,
							      3.5 1 0.2815,
							      -3.496 1 0.3305,
							      3.5 1 0.2815,
							      3.744 1 0.219,
							      -3.496 1 0.3305,
							      3.744 1 0.219,
							      3.529 1 0.1757,
							      -3.531 1 0.1325,
							      -3.496 1 0.3305,
							      3.529 1 0.1757,
							      3.5 1 0.2815,
							      -3.496 1 0.3305,
							      -3.731 1 0.3721,
							      3.5 1 0.2815,
							      -3.731 1 0.3721,
							      -3.725 1 0.4344,
							      3.5 1 0.2815,
							      -3.725 1 0.4344,
							      -3.506 1 0.4397,
							      3.5 1 0.4825,
							      3.5 1 0.2815,
							      -3.506 1 0.4397,
							      -3.725 1 0.4344,
							      -3.717 1 0.4964,
							      -3.506 1 0.4397,
							      3.701 1 0.6063,
							      3.71 1 0.5445,
							      3.462 1 0.5855,
							      -3.454 1 0.634,
							      3.462 1 0.5855,
							      3.71 1 0.5445,
							      -3.454 1 0.634,
							      3.71 1 0.5445,
							      3.719 1 0.4825,
							      -3.454 1 0.634,
							      3.719 1 0.4825,
							      3.5 1 0.4825,
							      -3.506 1 0.4397,
							      -3.454 1 0.634,
							      3.5 1 0.4825,
							      -3.685 1 0.6959,
							      -3.673 1 0.7573,
							      -3.454 1 0.7436,
							      3.462 1 0.5855,
							      -3.454 1 0.634,
							      -3.685 1 0.6959,
							      3.462 1 0.5855,
							      -3.685 1 0.6959,
							      -3.454 1 0.7436,
							      3.445 1 0.7858,
							      3.462 1 0.5855,
							      -3.454 1 0.7436,
							      -3.66 1 0.8184,
							      -3.454 1 0.7436,
							      -3.673 1 0.7573,
							      3.634 1 0.9265,
							      3.649 1 0.8658,
							      3.398 1 0.885,
							      -3.385 1 0.9326,
							      3.398 1 0.885,
							      3.649 1 0.8658,
							      -3.385 1 0.9326,
							      3.649 1 0.8658,
							      3.663 1 0.8048,
							      -3.385 1 0.9326,
							      3.663 1 0.8048,
							      3.445 1 0.7858,
							      -3.454 1 0.7436,
							      -3.385 1 0.9326,
							      3.445 1 0.7858,
							      -3.61 1 1.014,
							      -3.593 1 1.075,
							      -3.376 1 1.042,
							      3.398 1 0.885,
							      -3.385 1 0.9326,
							      -3.61 1 1.014,
							      3.398 1 0.885,
							      -3.61 1 1.014,
							      -3.376 1 1.042,
							      3.363 1 1.083,
							      3.398 1 0.885,
							      -3.376 1 1.042,
							      -3.574 1 1.134,
							      -3.376 1 1.042,
							      -3.593 1 1.075,
							      3.559 1 1.18,
							      3.579 1 1.121,
							      3.308 1 1.178,
							      -3.291 1 1.224,
							      3.308 1 1.178,
							      3.579 1 1.121,
							      -3.291 1 1.224,
							      3.579 1 1.121,
							      3.363 1 1.083,
							      -3.376 1 1.042,
							      -3.291 1 1.224,
							      3.363 1 1.083,
							      3.308 1 1.178,
							      3.539 1 1.24,
							      3.559 1 1.18,
							      3.308 1 1.178,
							      -3.291 1 1.224,
							      -3.508 1 1.325,
							      3.308 1 1.178,
							      -3.508 1 1.325,
							      -3.272 1 1.332,
							      3.256 1 1.372,
							      3.308 1 1.178,
							      -3.272 1 1.332,
							      -3.508 1 1.325,
							      -3.485 1 1.384,
							      -3.272 1 1.332,
							      -3.462 1 1.441,
							      -3.272 1 1.332,
							      -3.485 1 1.384,
							      3.443 1 1.486,
							      3.467 1 1.429,
							      3.193 1 1.462,
							      -3.172 1 1.506,
							      3.193 1 1.462,
							      3.467 1 1.429,
							      -3.172 1 1.506,
							      3.467 1 1.429,
							      3.256 1 1.372,
							      -3.272 1 1.332,
							      -3.172 1 1.506,
							      3.256 1 1.372,
							      3.193 1 1.462,
							      3.418 1 1.543,
							      3.443 1 1.486,
							      -3.172 1 1.506,
							      -3.379 1 1.626,
							      -3.144 1 1.612,
							      3.193 1 1.462,
							      -3.172 1 1.506,
							      -3.144 1 1.612,
							      3.124 1 1.651,
							      3.193 1 1.462,
							      -3.144 1 1.612,
							      -3.144 1 1.612,
							      -3.379 1 1.626,
							      -3.352 1 1.682,
							      -3.323 1 1.738,
							      -3.144 1 1.612,
							      -3.352 1 1.682,
							      -3.028 1 1.777,
							      3.053 1 1.734,
							      3.329 1 1.725,
							      -3.028 1 1.777,
							      3.329 1 1.725,
							      3.124 1 1.651,
							      -3.144 1 1.612,
							      -3.028 1 1.777,
							      3.124 1 1.651,
							      3.3 1 1.781,
							      3.329 1 1.725,
							      3.053 1 1.734,
							      3.053 1 1.734,
							      3.27 1 1.835,
							      3.3 1 1.781,
							      -3.028 1 1.777,
							      -3.225 1 1.914,
							      -2.991 1 1.88,
							      3.053 1 1.734,
							      -3.028 1 1.777,
							      -2.991 1 1.88,
							      2.968 1 1.916,
							      3.053 1 1.734,
							      -2.991 1 1.88,
							      3.166 1 2.009,
							      2.968 1 1.916,
							      2.89 1 1.994,
							      -2.991 1 1.88,
							      -3.225 1 1.914,
							      -3.192 1 1.968,
							      -3.159 1 2.021,
							      -2.991 1 1.88,
							      -3.192 1 1.968,
							      -2.862 1 2.034,
							      2.89 1 1.994,
							      2.968 1 1.916,
							      -2.991 1 1.88,
							      -2.862 1 2.034,
							      2.968 1 1.916,
							      3.098 1 2.113,
							      3.133 1 2.061,
							      3.166 1 2.009,
							      2.89 1 1.994,
							      3.098 1 2.113,
							      3.166 1 2.009,
							      2.89 1 1.994,
							      -2.862 1 2.034,
							      -2.816 1 2.134,
							      2.79 1 2.168,
							      2.89 1 1.994,
							      -2.816 1 2.134,
							      -2.862 1 2.034,
							      -3.046 1 2.188,
							      -2.816 1 2.134,
							      -2.674 1 2.276,
							      2.706 1 2.238,
							      2.79 1 2.168,
							      -2.816 1 2.134,
							      -2.674 1 2.276,
							      2.79 1 2.168,
							      2.979 1 2.277,
							      2.79 1 2.168,
							      2.706 1 2.238,
							      -2.816 1 2.134,
							      -3.046 1 2.188,
							      -3.009 1 2.239,
							      -2.971 1 2.288,
							      -2.816 1 2.134,
							      -3.009 1 2.239,
							      2.902 1 2.375,
							      2.941 1 2.327,
							      2.979 1 2.277,
							      2.706 1 2.238,
							      2.902 1 2.375,
							      2.979 1 2.277,
							      2.706 1 2.238,
							      -2.674 1 2.276,
							      -2.619 1 2.371,
							      2.59 1 2.403,
							      2.706 1 2.238,
							      -2.619 1 2.371,
							      -2.674 1 2.276,
							      -2.843 1 2.445,
							      -2.619 1 2.371,
							      -2.465 1 2.5,
							      2.5 1 2.465,
							      2.59 1 2.403,
							      -2.619 1 2.371,
							      -2.465 1 2.5,
							      2.59 1 2.403,
							      2.769 1 2.528,
							      2.59 1 2.403,
							      2.5 1 2.465,
							      -2.619 1 2.371,
							      -2.843 1 2.445,
							      -2.802 1 2.492,
							      -2.76 1 2.539,
							      -2.619 1 2.371,
							      -2.802 1 2.492,
							      2.684 1 2.619,
							      2.727 1 2.574,
							      2.769 1 2.528,
							      2.5 1 2.465,
							      2.684 1 2.619,
							      2.769 1 2.528,
							      2.5 1 2.465,
							      -2.465 1 2.5,
							      -2.403 1 2.59,
							      2.371 1 2.619,
							      2.5 1 2.465,
							      -2.403 1 2.59,
							      -2.465 1 2.5,
							      -2.619 1 2.684,
							      -2.403 1 2.59,
							      -2.238 1 2.706,
							      2.276 1 2.674,
							      2.371 1 2.619,
							      -2.403 1 2.59,
							      -2.238 1 2.706,
							      2.371 1 2.619,
							      2.539 1 2.76,
							      2.371 1 2.619,
							      2.276 1 2.674,
							      -2.403 1 2.59,
							      -2.619 1 2.684,
							      -2.574 1 2.727,
							      -2.528 1 2.769,
							      -2.403 1 2.59,
							      -2.574 1 2.727,
							      2.276 1 2.674,
							      -2.238 1 2.706,
							      -2.168 1 2.79,
							      2.134 1 2.816,
							      2.276 1 2.674,
							      -2.168 1 2.79,
							      2.445 1 2.843,
							      2.492 1 2.802,
							      2.539 1 2.76,
							      2.276 1 2.674,
							      2.445 1 2.843,
							      2.539 1 2.76,
							      -1.994 1 2.89,
							      2.034 1 2.862,
							      2.134 1 2.816,
							      -2.168 1 2.79,
							      -1.994 1 2.89,
							      2.134 1 2.816,
							      -2.238 1 2.706,
							      -2.375 1 2.902,
							      -2.168 1 2.79,
							      2.288 1 2.971,
							      2.134 1 2.816,
							      2.034 1 2.862,
							      -2.168 1 2.79,
							      -2.375 1 2.902,
							      -2.327 1 2.941,
							      -2.277 1 2.979,
							      -2.168 1 2.79,
							      -2.327 1 2.941,
							      2.034 1 2.862,
							      -1.994 1 2.89,
							      -1.916 1 2.968,
							      1.88 1 2.991,
							      2.034 1 2.862,
							      -1.916 1 2.968,
							      2.188 1 3.046,
							      2.239 1 3.009,
							      2.288 1 2.971,
							      2.034 1 2.862,
							      2.188 1 3.046,
							      2.288 1 2.971,
							      -1.734 1 3.053,
							      1.777 1 3.028,
							      1.88 1 2.991,
							      -1.916 1 2.968,
							      -1.734 1 3.053,
							      1.88 1 2.991,
							      -1.994 1 2.89,
							      -2.113 1 3.098,
							      -1.916 1 2.968,
							      1.777 1 3.028,
							      -1.734 1 3.053,
							      -1.651 1 3.124,
							      1.612 1 3.144,
							      1.777 1 3.028,
							      -1.651 1 3.124,
							      2.021 1 3.159,
							      1.88 1 2.991,
							      1.777 1 3.028,
							      -1.916 1 2.968,
							      -2.113 1 3.098,
							      -2.061 1 3.133,
							      -2.009 1 3.166,
							      -1.916 1 2.968,
							      -2.061 1 3.133,
							      -1.462 1 3.193,
							      1.506 1 3.172,
							      1.612 1 3.144,
							      -1.651 1 3.124,
							      -1.462 1 3.193,
							      1.612 1 3.144,
							      1.914 1 3.225,
							      1.968 1 3.192,
							      2.021 1 3.159,
							      1.777 1 3.028,
							      1.914 1 3.225,
							      2.021 1 3.159,
							      -1.734 1 3.053,
							      -1.835 1 3.27,
							      -1.651 1 3.124,
							      1.506 1 3.172,
							      -1.462 1 3.193,
							      -1.372 1 3.256,
							      1.332 1 3.272,
							      1.506 1 3.172,
							      -1.372 1 3.256,
							      -1.178 1 3.308,
							      1.224 1 3.291,
							      1.332 1 3.272,
							      -1.372 1 3.256,
							      -1.178 1 3.308,
							      1.332 1 3.272,
							      1.738 1 3.323,
							      1.612 1 3.144,
							      1.506 1 3.172,
							      -1.651 1 3.124,
							      -1.835 1 3.27,
							      -1.781 1 3.3,
							      -1.725 1 3.329,
							      -1.651 1 3.124,
							      -1.781 1 3.3,
							      1.224 1 3.291,
							      -1.178 1 3.308,
							      -1.083 1 3.363,
							      1.042 1 3.376,
							      1.224 1 3.291,
							      -1.083 1 3.363,
							      1.626 1 3.379,
							      1.682 1 3.352,
							      1.738 1 3.323,
							      1.506 1 3.172,
							      1.626 1 3.379,
							      1.738 1 3.323,
							      -0.885 1 3.398,
							      0.9326 1 3.385,
							      1.042 1 3.376,
							      -1.083 1 3.363,
							      -0.885 1 3.398,
							      1.042 1 3.376,
							      -1.462 1 3.193,
							      -1.543 1 3.418,
							      -1.372 1 3.256,
							      0.9326 1 3.385,
							      -0.885 1 3.398,
							      -0.7858 1 3.445,
							      0.9326 1 3.385,
							      -0.7858 1 3.445,
							      0.634 1 3.454,
							      0.7436 1 3.454,
							      0.9326 1 3.385,
							      0.634 1 3.454,
							      1.441 1 3.462,
							      1.332 1 3.272,
							      1.224 1 3.291,
							      -0.7858 1 3.445,
							      -0.5855 1 3.462,
							      0.634 1 3.454,
							      -1.372 1 3.256,
							      -1.543 1 3.418,
							      -1.486 1 3.443,
							      -1.429 1 3.467,
							      -1.372 1 3.256,
							      -1.486 1 3.443,
							      0.634 1 3.454,
							      -0.5855 1 3.462,
							      0.3305 1 3.496,
							      0.4397 1 3.506,
							      0.634 1 3.454,
							      0.3305 1 3.496,
							      1.325 1 3.508,
							      1.384 1 3.485,
							      1.441 1 3.462,
							      1.224 1 3.291,
							      1.325 1 3.508,
							      1.441 1 3.462,
							      0.3305 1 3.496,
							      -0.4825 1 3.5,
							      -0.2815 1 3.5,
							      0.3305 1 3.496,
							      -0.2815 1 3.5,
							      0.02462 1 3.511,
							      0.1325 1 3.531,
							      0.3305 1 3.496,
							      0.02462 1 3.511,
							      -1.178 1 3.308,
							      -1.24 1 3.539,
							      -1.083 1 3.363,
							      1.134 1 3.574,
							      1.042 1 3.376,
							      0.9326 1 3.385,
							      -1.083 1 3.363,
							      -1.24 1 3.539,
							      -1.18 1 3.559,
							      -1.121 1 3.579,
							      -1.083 1 3.363,
							      -1.18 1 3.559,
							      1.014 1 3.61,
							      1.075 1 3.593,
							      1.134 1 3.574,
							      0.9326 1 3.385,
							      1.014 1 3.61,
							      1.134 1 3.574,
							      -0.885 1 3.398,
							      -0.9265 1 3.634,
							      -0.7858 1 3.445,
							      -0.7858 1 3.445,
							      -0.9265 1 3.634,
							      -0.8658 1 3.649,
							      -0.8048 1 3.663,
							      -0.7858 1 3.445,
							      -0.8658 1 3.649,
							      0.6959 1 3.685,
							      0.7573 1 3.673,
							      0.8184 1 3.66,
							      0.6959 1 3.685,
							      0.8184 1 3.66,
							      0.7436 1 3.454,
							      0.634 1 3.454,
							      0.6959 1 3.685,
							      0.7436 1 3.454,
							      -0.4825 1 3.5,
							      0.3305 1 3.496,
							      -0.5855 1 3.462,
							      -0.5855 1 3.462,
							      -0.6063 1 3.701,
							      -0.4825 1 3.5,
							      -0.4825 1 3.5,
							      -0.6063 1 3.701,
							      -0.5445 1 3.71,
							      -0.4825 1 3.719,
							      -0.4825 1 3.5,
							      -0.5445 1 3.71,
							      0.3721 1 3.731,
							      0.4344 1 3.725,
							      0.4964 1 3.717,
							      0.3721 1 3.731,
							      0.4964 1 3.717,
							      0.4397 1 3.506,
							      0.3305 1 3.496,
							      0.3721 1 3.731,
							      0.4397 1 3.506,
							      -0.1757 1 3.529,
							      0.02462 1 3.511,
							      -0.2815 1 3.5,
							      -0.2815 1 3.5,
							      -0.2815 1 3.739,
							      -0.1757 1 3.529,
							      -0.1757 1 3.529,
							      -0.2815 1 3.739,
							      -0.219 1 3.744,
							      -0.1566 1 3.747,
							      -0.1757 1 3.529,
							      -0.219 1 3.744,
							      0.04549 1 3.75,
							      0.1081 1 3.748,
							      0.1705 1 3.746,
							      0.04549 1 3.75,
							      0.1705 1 3.746,
							      0.1325 1 3.531,
							      0.02462 1 3.511,
							      0.04549 1 3.75,
							      0.1325 1 3.531 ]
				    }

				    ccw	TRUE
				    solid	FALSE
				    coordIndex	[ 0, 1, 2, -1, 3, 4, 5, -1,
						      6, 7, 8, -1, 9, 10, 11, -1,
						      12, 13, 14, -1, 15, 16, 17, -1,
						      18, 19, 20, -1, 21, 22, 23, -1,
						      24, 25, 26, -1, 27, 28, 29, -1,
						      30, 31, 32, -1, 33, 34, 35, -1,
						      36, 37, 38, -1, 39, 40, 41, -1,
						      42, 43, 44, -1, 45, 46, 47, -1,
						      48, 49, 50, -1, 51, 52, 53, -1,
						      54, 55, 56, -1, 57, 58, 59, -1,
						      60, 61, 62, -1, 63, 64, 65, -1,
						      66, 67, 68, -1, 69, 70, 71, -1,
						      72, 73, 74, -1, 75, 76, 77, -1,
						      78, 79, 80, -1, 81, 82, 83, -1,
						      84, 85, 86, -1, 87, 88, 89, -1,
						      90, 91, 92, -1, 93, 94, 95, -1,
						      96, 97, 98, -1, 99, 100, 101, -1,
						      102, 103, 104, -1, 105, 106, 107, -1,
						      108, 109, 110, -1, 111, 112, 113, -1,
						      114, 115, 116, -1, 117, 118, 119, -1,
						      120, 121, 122, -1, 123, 124, 125, -1,
						      126, 127, 128, -1, 129, 130, 131, -1,
						      132, 133, 134, -1, 135, 136, 137, -1,
						      138, 139, 140, -1, 141, 142, 143, -1,
						      144, 145, 146, -1, 147, 148, 149, -1,
						      150, 151, 152, -1, 153, 154, 155, -1,
						      156, 157, 158, -1, 159, 160, 161, -1,
						      162, 163, 164, -1, 165, 166, 167, -1,
						      168, 169, 170, -1, 171, 172, 173, -1,
						      174, 175, 176, -1, 177, 178, 179, -1,
						      180, 181, 182, -1, 183, 184, 185, -1,
						      186, 187, 188, -1, 189, 190, 191, -1,
						      192, 193, 194, -1, 195, 196, 197, -1,
						      198, 199, 200, -1, 201, 202, 203, -1,
						      204, 205, 206, -1, 207, 208, 209, -1,
						      210, 211, 212, -1, 213, 214, 215, -1,
						      216, 217, 218, -1, 219, 220, 221, -1,
						      222, 223, 224, -1, 225, 226, 227, -1,
						      228, 229, 230, -1, 231, 232, 233, -1,
						      234, 235, 236, -1, 237, 238, 239, -1,
						      240, 241, 242, -1, 243, 244, 245, -1,
						      246, 247, 248, -1, 249, 250, 251, -1,
						      252, 253, 254, -1, 255, 256, 257, -1,
						      258, 259, 260, -1, 261, 262, 263, -1,
						      264, 265, 266, -1, 267, 268, 269, -1,
						      270, 271, 272, -1, 273, 274, 275, -1,
						      276, 277, 278, -1, 279, 280, 281, -1,
						      282, 283, 284, -1, 285, 286, 287, -1,
						      288, 289, 290, -1, 291, 292, 293, -1,
						      294, 295, 296, -1, 297, 298, 299, -1,
						      300, 301, 302, -1, 303, 304, 305, -1,
						      306, 307, 308, -1, 309, 310, 311, -1,
						      312, 313, 314, -1, 315, 316, 317, -1,
						      318, 319, 320, -1, 321, 322, 323, -1,
						      324, 325, 326, -1, 327, 328, 329, -1,
						      330, 331, 332, -1, 333, 334, 335, -1,
						      336, 337, 338, -1, 339, 340, 341, -1,
						      342, 343, 344, -1, 345, 346, 347, -1,
						      348, 349, 350, -1, 351, 352, 353, -1,
						      354, 355, 356, -1, 357, 358, 359, -1,
						      360, 361, 362, -1, 363, 364, 365, -1,
						      366, 367, 368, -1, 369, 370, 371, -1,
						      372, 373, 374, -1, 375, 376, 377, -1,
						      378, 379, 380, -1, 381, 382, 383, -1,
						      384, 385, 386, -1, 387, 388, 389, -1,
						      390, 391, 392, -1, 393, 394, 395, -1,
						      396, 397, 398, -1, 399, 400, 401, -1,
						      402, 403, 404, -1, 405, 406, 407, -1,
						      408, 409, 410, -1, 411, 412, 413, -1,
						      414, 415, 416, -1, 417, 418, 419, -1,
						      420, 421, 422, -1, 423, 424, 425, -1,
						      426, 427, 428, -1, 429, 430, 431, -1,
						      432, 433, 434, -1, 435, 436, 437, -1,
						      438, 439, 440, -1, 441, 442, 443, -1,
						      444, 445, 446, -1, 447, 448, 449, -1,
						      450, 451, 452, -1, 453, 454, 455, -1,
						      456, 457, 458, -1, 459, 460, 461, -1,
						      462, 463, 464, -1, 465, 466, 467, -1,
						      468, 469, 470, -1, 471, 472, 473, -1,
						      474, 475, 476, -1, 477, 478, 479, -1,
						      480, 481, 482, -1, 483, 484, 485, -1,
						      486, 487, 488, -1, 489, 490, 491, -1,
						      492, 493, 494, -1, 495, 496, 497, -1,
						      498, 499, 500, -1, 501, 502, 503, -1,
						      504, 505, 506, -1, 507, 508, 509, -1,
						      510, 511, 512, -1, 513, 514, 515, -1,
						      516, 517, 518, -1, 519, 520, 521, -1,
						      522, 523, 524, -1, 525, 526, 527, -1,
						      528, 529, 530, -1, 531, 532, 533, -1,
						      534, 535, 536, -1, 537, 538, 539, -1,
						      540, 541, 542, -1, 543, 544, 545, -1,
						      546, 547, 548, -1, 549, 550, 551, -1,
						      552, 553, 554, -1, 555, 556, 557, -1,
						      558, 559, 560, -1, 561, 562, 563, -1,
						      564, 565, 566, -1, 567, 568, 569, -1,
						      570, 571, 572, -1, 573, 574, 575, -1,
						      576, 577, 578, -1, 579, 580, 581, -1,
						      582, 583, 584, -1, 585, 586, 587, -1,
						      588, 589, 590, -1, 591, 592, 593, -1,
						      594, 595, 596, -1, 597, 598, 599, -1,
						      600, 601, 602, -1, 603, 604, 605, -1,
						      606, 607, 608, -1, 609, 610, 611, -1,
						      612, 613, 614, -1, 615, 616, 617, -1,
						      618, 619, 620, -1, 621, 622, 623, -1,
						      624, 625, 626, -1, 627, 628, 629, -1,
						      630, 631, 632, -1, 633, 634, 635, -1,
						      636, 637, 638, -1, 639, 640, 641, -1,
						      642, 643, 644, -1, 645, 646, 647, -1,
						      648, 649, 650, -1, 651, 652, 653, -1,
						      654, 655, 656, -1, 657, 658, 659, -1,
						      660, 661, 662, -1, 663, 664, 665, -1,
						      666, 667, 668, -1, 669, 670, 671, -1,
						      672, 673, 674, -1, 675, 676, 677, -1,
						      678, 679, 680, -1, 681, 682, 683, -1,
						      684, 685, 686, -1, 687, 688, 689, -1,
						      690, 691, 692, -1, 693, 694, 695, -1,
						      696, 697, 698, -1, 699, 700, 701, -1,
						      702, 703, 704, -1, 705, 706, 707, -1,
						      708, 709, 710, -1, 711, 712, 713, -1,
						      714, 715, 716, -1, 717, 718, 719, -1,
						      720, 721, 722, -1, 723, 724, 725, -1,
						      726, 727, 728, -1, 729, 730, 731, -1,
						      732, 733, 734, -1, 735, 736, 737, -1,
						      738, 739, 740, -1, 741, 742, 743, -1,
						      744, 745, 746, -1, 747, 748, 749, -1,
						      750, 751, 752, -1, 753, 754, 755, -1,
						      756, 757, 758, -1, 759, 760, 761, -1,
						      762, 763, 764, -1, 765, 766, 767, -1,
						      768, 769, 770, -1, 771, 772, 773, -1,
						      774, 775, 776, -1, 777, 778, 779, -1,
						      780, 781, 782, -1, 783, 784, 785, -1,
						      786, 787, 788, -1, 789, 790, 791, -1,
						      792, 793, 794, -1, 795, 796, 797, -1,
						      798, 799, 800, -1, 801, 802, 803, -1,
						      804, 805, 806, -1, 807, 808, 809, -1,
						      810, 811, 812, -1, 813, 814, 815, -1,
						      816, 817, 818, -1, 819, 820, 821, -1,
						      822, 823, 824, -1, 825, 826, 827, -1,
						      828, 829, 830, -1, 831, 832, 833, -1,
						      834, 835, 836, -1, 837, 838, 839, -1,
						      840, 841, 842, -1, 843, 844, 845, -1,
						      846, 847, 848, -1, 849, 850, 851, -1,
						      852, 853, 854, -1, 855, 856, 857, -1,
						      858, 859, 860, -1, 861, 862, 863, -1,
						      864, 865, 866, -1, 867, 868, 869, -1,
						      870, 871, 872, -1, 873, 874, 875, -1,
						      876, 877, 878, -1, 879, 880, 881, -1,
						      882, 883, 884, -1, 885, 886, 887, -1,
						      888, 889, 890, -1, 891, 892, 893, -1,
						      894, 895, 896, -1, 897, 898, 899, -1,
						      900, 901, 902, -1, 903, 904, 905, -1,
						      906, 907, 908, -1, 909, 910, 911, -1,
						      912, 913, 914, -1, 915, 916, 917, -1,
						      918, 919, 920, -1, 921, 922, 923, -1,
						      924, 925, 926, -1, 927, 928, 929, -1,
						      930, 931, 932, -1, 933, 934, 935, -1,
						      936, 937, 938, -1, 939, 940, 941, -1,
						      942, 943, 944, -1, 945, 946, 947, -1,
						      948, 949, 950, -1, 951, 952, 953, -1,
						      954, 955, 956, -1, 957, 958, 959, -1,
						      960, 961, 962, -1, 963, 964, 965, -1,
						      966, 967, 968, -1, 969, 970, 971, -1,
						      972, 973, 974, -1, 975, 976, 977, -1,
						      978, 979, 980, -1, 981, 982, 983, -1,
						      984, 985, 986, -1, 987, 988, 989, -1,
						      990, 991, 992, -1, 993, 994, 995, -1,
						      996, 997, 998, -1, 999, 1000, 1001, -1,
						      1002, 1003, 1004, -1, 1005, 1006, 1007, -1,
						      1008, 1009, 1010, -1, 1011, 1012, 1013, -1,
						      1014, 1015, 1016, -1, 1017, 1018, 1019, -1,
						      1020, 1021, 1022, -1, 1023, 1024, 1025, -1,
						      1026, 1027, 1028, -1, 1029, 1030, 1031, -1,
						      1032, 1033, 1034, -1, 1035, 1036, 1037, -1,
						      1038, 1039, 1040, -1, 1041, 1042, 1043, -1,
						      1044, 1045, 1046, -1, 1047, 1048, 1049, -1,
						      1050, 1051, 1052, -1, 1053, 1054, 1055, -1,
						      1056, 1057, 1058, -1, 1059, 1060, 1061, -1,
						      1062, 1063, 1064, -1, 1065, 1066, 1067, -1,
						      1068, 1069, 1070, -1, 1071, 1072, 1073, -1 ]
			    }

		    }
	    }

	    DEF VIFS716 Transform {
		    translation	0 0 0.25
		    rotation	1 0 0  1.571
		    children Shape {
			    appearance	Appearance {
				    material	Material {
					    ambientIntensity	1
					    diffuseColor	0.8588 0.8 0.7765
					    shininess	0.62
					    specularColor	0.9 0.9 0.9
				    }

			    }

			    geometry	DEF VIFS716-FACES IndexedFaceSet {
				    coord	DEF VIFS716-COORD Coordinate {
					    point	[ -0.2011 0 3.745,
							      -0.2639 0 3.741,
							      -0.3268 0 3.736,
							      -0.2011 0 3.5,
							      -0.2011 0 3.745,
							      -0.3268 0 3.736,
							      0 0 3.5,
							      0.1047 0 3.504,
							      0.1261 0 3.748,
							      0 0 3.5,
							      0.1261 0 3.748,
							      0.06307 0 3.749,
							      0 0 3.75,
							      0 0 3.5,
							      0.06307 0 3.749,
							      -0.305 0 3.487,
							      0 0 3.5,
							      -0.2011 0 3.5,
							      -0.3268 0 3.736,
							      -0.305 0 3.487,
							      -0.2011 0 3.5,
							      0.1047 0 3.504,
							      0 0 3.5,
							      -0.305 0 3.487,
							      0.305 0 3.487,
							      0.1047 0 3.504,
							      -0.305 0 3.487,
							      0.305 0 3.487,
							      0.4522 0 3.723,
							      0.3896 0 3.73,
							      0.3268 0 3.736,
							      0.305 0 3.487,
							      0.3896 0 3.73,
							      0.4098 0 3.482,
							      0.4522 0 3.723,
							      0.305 0 3.487,
							      -0.5267 0 3.713,
							      -0.589 0 3.703,
							      -0.6512 0 3.693,
							      -0.5053 0 3.469,
							      -0.5267 0 3.713,
							      -0.6512 0 3.693,
							      -0.5053 0 3.469,
							      0.4098 0 3.482,
							      0.305 0 3.487,
							      -0.305 0 3.487,
							      -0.5053 0 3.469,
							      0.305 0 3.487,
							      -0.6512 0 3.693,
							      -0.6078 0 3.447,
							      -0.5053 0 3.469,
							      0.4098 0 3.482,
							      -0.5053 0 3.469,
							      -0.6078 0 3.447,
							      0.6078 0 3.447,
							      0.4098 0 3.482,
							      -0.6078 0 3.447,
							      0.6078 0 3.447,
							      0.775 0 3.669,
							      0.7132 0 3.682,
							      0.6512 0 3.693,
							      0.6078 0 3.447,
							      0.7132 0 3.682,
							      0.7117 0 3.433,
							      0.775 0 3.669,
							      0.6078 0 3.447,
							      -0.8482 0 3.653,
							      -0.9095 0 3.638,
							      -0.9706 0 3.622,
							      -0.8058 0 3.412,
							      -0.8482 0 3.653,
							      -0.9706 0 3.622,
							      -0.8058 0 3.412,
							      0.7117 0 3.433,
							      0.6078 0 3.447,
							      -0.6078 0 3.447,
							      -0.8058 0 3.412,
							      0.6078 0 3.447,
							      -0.9706 0 3.622,
							      -0.9059 0 3.381,
							      -0.8058 0 3.412,
							      0.7117 0 3.433,
							      -0.8058 0 3.412,
							      -0.9059 0 3.381,
							      0.9059 0 3.381,
							      0.7117 0 3.433,
							      -0.9059 0 3.381,
							      0.9059 0 3.381,
							      1.092 0 3.588,
							      1.031 0 3.605,
							      0.9706 0 3.622,
							      0.9059 0 3.381,
							      1.031 0 3.605,
							      1.008 0 3.358,
							      1.092 0 3.588,
							      0.9059 0 3.381,
							      -1.163 0 3.565,
							      -1.223 0 3.545,
							      -1.283 0 3.524,
							      -1.1 0 3.329,
							      -1.163 0 3.565,
							      -1.283 0 3.524,
							      -1.1 0 3.329,
							      1.008 0 3.358,
							      0.9059 0 3.381,
							      -0.9059 0 3.381,
							      -1.1 0 3.329,
							      0.9059 0 3.381,
							      -1.283 0 3.524,
							      -1.197 0 3.289,
							      -1.1 0 3.329,
							      1.008 0 3.358,
							      -1.1 0 3.329,
							      -1.197 0 3.289,
							      1.197 0 3.289,
							      1.008 0 3.358,
							      -1.197 0 3.289,
							      1.197 0 3.289,
							      1.4 0 3.479,
							      1.342 0 3.502,
							      1.283 0 3.524,
							      1.197 0 3.289,
							      1.342 0 3.502,
							      1.297 0 3.257,
							      1.4 0 3.479,
							      1.197 0 3.289,
							      -1.47 0 3.45,
							      -1.527 0 3.425,
							      -1.585 0 3.399,
							      -1.386 0 3.22,
							      -1.47 0 3.45,
							      -1.585 0 3.399,
							      -1.386 0 3.22,
							      1.297 0 3.257,
							      1.197 0 3.289,
							      -1.197 0 3.289,
							      -1.386 0 3.22,
							      1.197 0 3.289,
							      -1.585 0 3.399,
							      -1.479 0 3.172,
							      -1.386 0 3.22,
							      1.297 0 3.257,
							      -1.386 0 3.22,
							      -1.479 0 3.172,
							      1.479 0 3.172,
							      1.297 0 3.257,
							      -1.479 0 3.172,
							      1.479 0 3.172,
							      1.698 0 3.343,
							      1.642 0 3.372,
							      1.585 0 3.399,
							      1.479 0 3.172,
							      1.642 0 3.372,
							      1.576 0 3.132,
							      1.698 0 3.343,
							      1.479 0 3.172,
							      -1.765 0 3.309,
							      -1.82 0 3.279,
							      -1.875 0 3.248,
							      -1.661 0 3.087,
							      -1.765 0 3.309,
							      -1.875 0 3.248,
							      -1.661 0 3.087,
							      1.576 0 3.132,
							      1.479 0 3.172,
							      -1.479 0 3.172,
							      -1.661 0 3.087,
							      1.479 0 3.172,
							      -1.875 0 3.248,
							      -1.75 0 3.031,
							      -1.661 0 3.087,
							      1.576 0 3.132,
							      -1.661 0 3.087,
							      -1.75 0 3.031,
							      1.75 0 3.031,
							      1.576 0 3.132,
							      -1.75 0 3.031,
							      1.75 0 3.031,
							      1.983 0 3.183,
							      1.929 0 3.216,
							      1.875 0 3.248,
							      1.75 0 3.031,
							      1.929 0 3.216,
							      1.843 0 2.982,
							      1.983 0 3.183,
							      1.75 0 3.031,
							      -2.046 0 3.142,
							      -2.099 0 3.108,
							      -2.151 0 3.072,
							      -1.924 0 2.931,
							      -2.046 0 3.142,
							      -2.151 0 3.072,
							      -1.924 0 2.931,
							      1.843 0 2.982,
							      1.75 0 3.031,
							      -1.75 0 3.031,
							      -1.924 0 2.931,
							      1.75 0 3.031,
							      -2.151 0 3.072,
							      -2.008 0 2.867,
							      -1.924 0 2.931,
							      1.843 0 2.982,
							      -1.924 0 2.931,
							      -2.008 0 2.867,
							      2.008 0 2.867,
							      1.843 0 2.982,
							      -2.008 0 2.867,
							      2.008 0 2.867,
							      2.253 0 2.998,
							      2.202 0 3.035,
							      2.151 0 3.072,
							      2.008 0 2.867,
							      2.202 0 3.035,
							      2.096 0 2.81,
							      2.253 0 2.998,
							      2.008 0 2.867,
							      -2.313 0 2.952,
							      -2.362 0 2.913,
							      -2.41 0 2.873,
							      -2.172 0 2.752,
							      -2.313 0 2.952,
							      -2.41 0 2.873,
							      -2.172 0 2.752,
							      2.096 0 2.81,
							      2.008 0 2.867,
							      -2.008 0 2.867,
							      -2.172 0 2.752,
							      2.008 0 2.867,
							      -2.41 0 2.873,
							      -2.25 0 2.681,
							      -2.172 0 2.752,
							      2.096 0 2.81,
							      -2.172 0 2.752,
							      -2.25 0 2.681,
							      2.25 0 2.681,
							      2.096 0 2.81,
							      -2.25 0 2.681,
							      2.25 0 2.681,
							      2.506 0 2.79,
							      2.458 0 2.832,
							      2.41 0 2.873,
							      2.25 0 2.681,
							      2.458 0 2.832,
							      2.333 0 2.617,
							      2.506 0 2.79,
							      2.25 0 2.681,
							      -2.561 0 2.739,
							      -2.607 0 2.696,
							      -2.652 0 2.652,
							      -2.404 0 2.552,
							      -2.561 0 2.739,
							      -2.652 0 2.652,
							      -2.404 0 2.552,
							      2.333 0 2.617,
							      2.25 0 2.681,
							      -2.25 0 2.681,
							      -2.404 0 2.552,
							      2.25 0 2.681,
							      -2.652 0 2.652,
							      -2.475 0 2.475,
							      -2.404 0 2.552,
							      2.333 0 2.617,
							      -2.404 0 2.552,
							      -2.475 0 2.475,
							      2.475 0 2.475,
							      2.333 0 2.617,
							      -2.475 0 2.475,
							      2.475 0 2.475,
							      2.739 0 2.561,
							      2.696 0 2.607,
							      2.652 0 2.652,
							      2.475 0 2.475,
							      2.696 0 2.607,
							      2.552 0 2.404,
							      2.739 0 2.561,
							      2.475 0 2.475,
							      -2.79 0 2.506,
							      -2.832 0 2.458,
							      -2.873 0 2.41,
							      -2.617 0 2.333,
							      -2.79 0 2.506,
							      -2.873 0 2.41,
							      -2.617 0 2.333,
							      2.552 0 2.404,
							      2.475 0 2.475,
							      -2.475 0 2.475,
							      -2.617 0 2.333,
							      2.475 0 2.475,
							      -2.873 0 2.41,
							      -2.681 0 2.25,
							      -2.617 0 2.333,
							      2.552 0 2.404,
							      -2.617 0 2.333,
							      -2.681 0 2.25,
							      2.681 0 2.25,
							      2.552 0 2.404,
							      -2.681 0 2.25,
							      2.681 0 2.25,
							      2.952 0 2.313,
							      2.913 0 2.362,
							      2.873 0 2.41,
							      2.681 0 2.25,
							      2.913 0 2.362,
							      2.752 0 2.172,
							      2.952 0 2.313,
							      2.681 0 2.25,
							      -2.998 0 2.253,
							      -3.035 0 2.202,
							      -3.072 0 2.151,
							      -2.81 0 2.096,
							      -2.998 0 2.253,
							      -3.072 0 2.151,
							      -2.81 0 2.096,
							      2.752 0 2.172,
							      2.681 0 2.25,
							      -2.681 0 2.25,
							      -2.81 0 2.096,
							      2.681 0 2.25,
							      -3.072 0 2.151,
							      -2.867 0 2.008,
							      -2.81 0 2.096,
							      2.752 0 2.172,
							      -2.81 0 2.096,
							      -2.867 0 2.008,
							      2.867 0 2.008,
							      2.752 0 2.172,
							      -2.867 0 2.008,
							      2.867 0 2.008,
							      3.142 0 2.046,
							      3.108 0 2.099,
							      3.072 0 2.151,
							      2.867 0 2.008,
							      3.108 0 2.099,
							      2.931 0 1.924,
							      3.142 0 2.046,
							      2.867 0 2.008,
							      -3.183 0 1.983,
							      -3.216 0 1.929,
							      -3.248 0 1.875,
							      -2.982 0 1.843,
							      -3.183 0 1.983,
							      -3.248 0 1.875,
							      -2.982 0 1.843,
							      2.931 0 1.924,
							      2.867 0 2.008,
							      -2.867 0 2.008,
							      -2.982 0 1.843,
							      2.867 0 2.008,
							      -3.248 0 1.875,
							      -3.031 0 1.75,
							      -2.982 0 1.843,
							      2.931 0 1.924,
							      -2.982 0 1.843,
							      -3.031 0 1.75,
							      3.031 0 1.75,
							      2.931 0 1.924,
							      -3.031 0 1.75,
							      3.031 0 1.75,
							      3.309 0 1.765,
							      3.279 0 1.82,
							      3.248 0 1.875,
							      3.031 0 1.75,
							      3.279 0 1.82,
							      3.087 0 1.661,
							      3.309 0 1.765,
							      3.031 0 1.75,
							      -3.343 0 1.698,
							      -3.372 0 1.642,
							      -3.399 0 1.585,
							      -3.132 0 1.576,
							      -3.343 0 1.698,
							      -3.399 0 1.585,
							      -3.132 0 1.576,
							      3.087 0 1.661,
							      3.031 0 1.75,
							      -3.031 0 1.75,
							      -3.132 0 1.576,
							      3.031 0 1.75,
							      -3.399 0 1.585,
							      -3.172 0 1.479,
							      -3.132 0 1.576,
							      3.087 0 1.661,
							      -3.132 0 1.576,
							      -3.172 0 1.479,
							      3.172 0 1.479,
							      3.087 0 1.661,
							      -3.172 0 1.479,
							      3.399 0 1.585,
							      3.172 0 1.479,
							      3.425 0 1.527,
							      3.45 0 1.47,
							      3.425 0 1.527,
							      3.172 0 1.479,
							      -3.257 0 1.297,
							      -3.479 0 1.4,
							      -3.502 0 1.342,
							      -3.257 0 1.297,
							      3.22 0 1.386,
							      3.45 0 1.47,
							      -3.257 0 1.297,
							      3.45 0 1.47,
							      3.172 0 1.479,
							      -3.172 0 1.479,
							      -3.257 0 1.297,
							      3.172 0 1.479,
							      -3.502 0 1.342,
							      -3.524 0 1.283,
							      -3.257 0 1.297,
							      3.22 0 1.386,
							      -3.257 0 1.297,
							      -3.524 0 1.283,
							      3.22 0 1.386,
							      -3.524 0 1.283,
							      -3.289 0 1.197,
							      3.289 0 1.197,
							      3.22 0 1.386,
							      -3.289 0 1.197,
							      3.524 0 1.283,
							      3.289 0 1.197,
							      3.545 0 1.223,
							      3.565 0 1.163,
							      3.545 0 1.223,
							      3.289 0 1.197,
							      -3.358 0 1.008,
							      -3.588 0 1.092,
							      -3.605 0 1.031,
							      -3.358 0 1.008,
							      3.329 0 1.1,
							      3.565 0 1.163,
							      -3.358 0 1.008,
							      3.565 0 1.163,
							      3.289 0 1.197,
							      -3.289 0 1.197,
							      -3.358 0 1.008,
							      3.289 0 1.197,
							      -3.605 0 1.031,
							      -3.622 0 0.9706,
							      -3.358 0 1.008,
							      3.329 0 1.1,
							      -3.358 0 1.008,
							      -3.622 0 0.9706,
							      3.329 0 1.1,
							      -3.622 0 0.9706,
							      -3.381 0 0.9059,
							      3.381 0 0.9059,
							      3.329 0 1.1,
							      -3.381 0 0.9059,
							      3.622 0 0.9706,
							      3.381 0 0.9059,
							      3.638 0 0.9095,
							      3.653 0 0.8482,
							      3.638 0 0.9095,
							      3.381 0 0.9059,
							      -3.433 0 0.7117,
							      -3.669 0 0.775,
							      -3.682 0 0.7132,
							      -3.433 0 0.7117,
							      -0.1303 0 0.7386,
							      3.412 0 0.8058,
							      -3.433 0 0.7117,
							      3.412 0 0.8058,
							      3.653 0 0.8482,
							      -3.433 0 0.7117,
							      3.653 0 0.8482,
							      3.381 0 0.9059,
							      -3.381 0 0.9059,
							      -3.433 0 0.7117,
							      3.381 0 0.9059,
							      -3.682 0 0.7132,
							      -3.693 0 0.6512,
							      -3.433 0 0.7117,
							      -0.1303 0 0.7386,
							      -3.433 0 0.7117,
							      -3.693 0 0.6512,
							      -0.3751 0 0.6495,
							      -0.1303 0 0.7386,
							      -3.693 0 0.6512,
							      -3.693 0 0.6512,
							      -3.447 0 0.6078,
							      -0.3751 0 0.6495,
							      3.412 0 0.8058,
							      -0.1303 0 0.7386,
							      0.1303 0 0.7386,
							      3.412 0 0.8058,
							      0.1303 0 0.7386,
							      0.3751 0 0.6495,
							      3.447 0 0.6078,
							      3.412 0 0.8058,
							      0.3751 0 0.6495,
							      3.703 0 0.589,
							      3.693 0 0.6512,
							      3.447 0 0.6078,
							      -0.5745 0 0.4821,
							      -0.3751 0 0.6495,
							      -3.447 0 0.6078,
							      0.5745 0 0.4821,
							      3.469 0 0.5053,
							      3.713 0 0.5267,
							      0.5745 0 0.4821,
							      3.713 0 0.5267,
							      3.703 0 0.589,
							      0.5745 0 0.4821,
							      3.703 0 0.589,
							      3.447 0 0.6078,
							      0.3751 0 0.6495,
							      0.5745 0 0.4821,
							      3.447 0 0.6078,
							      -3.447 0 0.6078,
							      -3.482 0 0.4098,
							      -0.5745 0 0.4821,
							      -3.723 0 0.4522,
							      -3.73 0 0.3896,
							      -3.482 0 0.4098,
							      3.487 0 0.305,
							      3.469 0 0.5053,
							      0.5745 0 0.4821,
							      3.741 0 0.2639,
							      3.736 0 0.3268,
							      3.487 0 0.305,
							      -0.5745 0 0.4821,
							      -3.482 0 0.4098,
							      -3.73 0 0.3896,
							      -0.5745 0 0.4821,
							      -3.73 0 0.3896,
							      -3.736 0 0.3268,
							      -0.5745 0 0.4821,
							      -3.736 0 0.3268,
							      -3.487 0 0.305,
							      -0.7047 0 0.2566,
							      -0.5745 0 0.4821,
							      -3.487 0 0.305,
							      0.7047 0 0.2566,
							      3.741 0 0.2639,
							      3.487 0 0.305,
							      0.5745 0 0.4821,
							      0.7047 0 0.2566,
							      3.487 0 0.305,
							      3.741 0 0.2639,
							      0.7047 0 0.2566,
							      3.5 0 0.2011,
							      3.745 0 0.2011,
							      3.741 0 0.2639,
							      3.5 0 0.2011,
							      -3.487 0 0.305,
							      -3.504 0 0.1047,
							      -0.7047 0 0.2566,
							      -3.748 0 0.1261,
							      -3.749 0 0.06308,
							      -3.504 0 0.1047,
							      -0.7047 0 0.2566,
							      -3.504 0 0.1047,
							      -3.749 0 0.06308,
							      -0.7047 0 0.2566,
							      -3.749 0 0.06308,
							      -3.75 0 0,
							      -0.7047 0 0.2566,
							      -3.75 0 0,
							      -3.5 0 0,
							      -0.75 0 0,
							      -0.7047 0 0.2566,
							      -3.5 0 0,
							      0.7047 0 0.2566,
							      0.75 0 0,
							      3.5 0 0.2011,
							      3.5 0 0,
							      3.5 0 0.2011,
							      0.75 0 0,
							      3.748 0 -0.1261,
							      3.749 0 -0.06307,
							      3.504 0 -0.1047,
							      -3.5 0 0,
							      -3.5 0 -0.2011,
							      -0.75 0 0,
							      -0.7047 0 -0.2566,
							      -0.75 0 0,
							      -3.5 0 -0.2011,
							      0.7047 0 -0.2566,
							      3.504 0 -0.1047,
							      3.749 0 -0.06307,
							      0.7047 0 -0.2566,
							      3.749 0 -0.06307,
							      3.75 0 0,
							      0.7047 0 -0.2566,
							      3.75 0 0,
							      3.5 0 0,
							      0.75 0 0,
							      0.7047 0 -0.2566,
							      3.5 0 0,
							      -3.741 0 -0.2639,
							      -0.7047 0 -0.2566,
							      -3.5 0 -0.2011,
							      -3.745 0 -0.2011,
							      -3.741 0 -0.2639,
							      -3.5 0 -0.2011,
							      3.487 0 -0.305,
							      3.504 0 -0.1047,
							      0.7047 0 -0.2566,
							      -3.741 0 -0.2639,
							      -3.736 0 -0.3268,
							      -3.487 0 -0.305,
							      3.723 0 -0.4522,
							      3.73 0 -0.3896,
							      3.482 0 -0.4098,
							      -0.7047 0 -0.2566,
							      -3.741 0 -0.2639,
							      -3.487 0 -0.305,
							      -0.5745 0 -0.4821,
							      -0.7047 0 -0.2566,
							      -3.487 0 -0.305,
							      0.5745 0 -0.4821,
							      3.482 0 -0.4098,
							      3.73 0 -0.3896,
							      0.5745 0 -0.4821,
							      3.73 0 -0.3896,
							      3.736 0 -0.3268,
							      0.5745 0 -0.4821,
							      3.736 0 -0.3268,
							      3.487 0 -0.305,
							      0.7047 0 -0.2566,
							      0.5745 0 -0.4821,
							      3.487 0 -0.305,
							      -3.487 0 -0.305,
							      -3.469 0 -0.5053,
							      -0.5745 0 -0.4821,
							      3.447 0 -0.6078,
							      3.482 0 -0.4098,
							      0.5745 0 -0.4821,
							      -0.5745 0 -0.4821,
							      -3.469 0 -0.5053,
							      -3.713 0 -0.5267,
							      -0.5745 0 -0.4821,
							      -3.713 0 -0.5267,
							      -3.703 0 -0.5889,
							      -0.5745 0 -0.4821,
							      -3.703 0 -0.5889,
							      -3.447 0 -0.6078,
							      -0.3751 0 -0.6495,
							      -0.5745 0 -0.4821,
							      -3.447 0 -0.6078,
							      0.5745 0 -0.4821,
							      0.3751 0 -0.6495,
							      3.447 0 -0.6078,
							      -3.703 0 -0.5889,
							      -3.693 0 -0.6512,
							      -3.447 0 -0.6078,
							      3.693 0 -0.6512,
							      3.447 0 -0.6078,
							      0.3751 0 -0.6495,
							      3.682 0 -0.7132,
							      3.693 0 -0.6512,
							      3.433 0 -0.7117,
							      0.1303 0 -0.7386,
							      3.433 0 -0.7117,
							      3.693 0 -0.6512,
							      0.3751 0 -0.6495,
							      0.1303 0 -0.7386,
							      3.693 0 -0.6512,
							      3.433 0 -0.7117,
							      3.669 0 -0.775,
							      3.682 0 -0.7132,
							      -3.412 0 -0.8058,
							      0.1303 0 -0.7386,
							      -0.1303 0 -0.7386,
							      -3.412 0 -0.8058,
							      -0.1303 0 -0.7386,
							      -0.3751 0 -0.6495,
							      -3.447 0 -0.6078,
							      -3.412 0 -0.8058,
							      -0.3751 0 -0.6495,
							      3.433 0 -0.7117,
							      0.1303 0 -0.7386,
							      -3.412 0 -0.8058,
							      3.433 0 -0.7117,
							      -3.412 0 -0.8058,
							      -3.653 0 -0.8482,
							      3.433 0 -0.7117,
							      -3.653 0 -0.8482,
							      -3.381 0 -0.9059,
							      3.381 0 -0.9059,
							      3.433 0 -0.7117,
							      -3.381 0 -0.9059,
							      -3.653 0 -0.8482,
							      -3.638 0 -0.9095,
							      -3.381 0 -0.9059,
							      -3.622 0 -0.9706,
							      -3.381 0 -0.9059,
							      -3.638 0 -0.9095,
							      3.605 0 -1.031,
							      3.622 0 -0.9706,
							      3.358 0 -1.008,
							      3.358 0 -1.008,
							      3.588 0 -1.092,
							      3.605 0 -1.031,
							      -3.329 0 -1.1,
							      3.358 0 -1.008,
							      3.622 0 -0.9706,
							      -3.329 0 -1.1,
							      3.622 0 -0.9706,
							      3.381 0 -0.9059,
							      -3.381 0 -0.9059,
							      -3.329 0 -1.1,
							      3.381 0 -0.9059,
							      3.358 0 -1.008,
							      -3.329 0 -1.1,
							      -3.565 0 -1.163,
							      3.358 0 -1.008,
							      -3.565 0 -1.163,
							      -3.289 0 -1.197,
							      3.289 0 -1.197,
							      3.358 0 -1.008,
							      -3.289 0 -1.197,
							      -3.565 0 -1.163,
							      -3.545 0 -1.223,
							      -3.289 0 -1.197,
							      -3.524 0 -1.283,
							      -3.289 0 -1.197,
							      -3.545 0 -1.223,
							      3.502 0 -1.342,
							      3.524 0 -1.283,
							      3.257 0 -1.297,
							      -3.22 0 -1.386,
							      3.257 0 -1.297,
							      3.524 0 -1.283,
							      -3.22 0 -1.386,
							      3.524 0 -1.283,
							      3.289 0 -1.197,
							      -3.289 0 -1.197,
							      -3.22 0 -1.386,
							      3.289 0 -1.197,
							      3.257 0 -1.297,
							      3.479 0 -1.4,
							      3.502 0 -1.342,
							      3.257 0 -1.297,
							      -3.22 0 -1.386,
							      -3.45 0 -1.47,
							      3.257 0 -1.297,
							      -3.45 0 -1.47,
							      -3.172 0 -1.479,
							      3.172 0 -1.479,
							      3.257 0 -1.297,
							      -3.172 0 -1.479,
							      -3.45 0 -1.47,
							      -3.425 0 -1.527,
							      -3.172 0 -1.479,
							      -3.399 0 -1.585,
							      -3.172 0 -1.479,
							      -3.425 0 -1.527,
							      3.399 0 -1.585,
							      3.172 0 -1.479,
							      3.132 0 -1.576,
							      -3.087 0 -1.661,
							      3.132 0 -1.576,
							      3.172 0 -1.479,
							      -3.172 0 -1.479,
							      -3.087 0 -1.661,
							      3.172 0 -1.479,
							      3.343 0 -1.698,
							      3.372 0 -1.642,
							      3.399 0 -1.585,
							      3.132 0 -1.576,
							      3.343 0 -1.698,
							      3.399 0 -1.585,
							      3.132 0 -1.576,
							      -3.087 0 -1.661,
							      -3.031 0 -1.75,
							      3.031 0 -1.75,
							      3.132 0 -1.576,
							      -3.031 0 -1.75,
							      -3.087 0 -1.661,
							      -3.309 0 -1.765,
							      -3.031 0 -1.75,
							      -3.031 0 -1.75,
							      -3.309 0 -1.765,
							      -3.279 0 -1.82,
							      -3.248 0 -1.875,
							      -3.031 0 -1.75,
							      -3.279 0 -1.82,
							      3.248 0 -1.875,
							      3.031 0 -1.75,
							      2.982 0 -1.843,
							      -2.931 0 -1.924,
							      2.982 0 -1.843,
							      3.031 0 -1.75,
							      -3.031 0 -1.75,
							      -2.931 0 -1.924,
							      3.031 0 -1.75,
							      3.183 0 -1.983,
							      3.216 0 -1.929,
							      3.248 0 -1.875,
							      2.982 0 -1.843,
							      3.183 0 -1.983,
							      3.248 0 -1.875,
							      2.982 0 -1.843,
							      -2.931 0 -1.924,
							      -2.867 0 -2.008,
							      2.867 0 -2.008,
							      2.982 0 -1.843,
							      -2.867 0 -2.008,
							      -2.931 0 -1.924,
							      -3.142 0 -2.046,
							      -2.867 0 -2.008,
							      -2.867 0 -2.008,
							      -3.142 0 -2.046,
							      -3.108 0 -2.099,
							      -3.072 0 -2.151,
							      -2.867 0 -2.008,
							      -3.108 0 -2.099,
							      3.072 0 -2.151,
							      2.867 0 -2.008,
							      2.81 0 -2.096,
							      -2.752 0 -2.172,
							      2.81 0 -2.096,
							      2.867 0 -2.008,
							      -2.867 0 -2.008,
							      -2.752 0 -2.172,
							      2.867 0 -2.008,
							      2.81 0 -2.096,
							      -2.752 0 -2.172,
							      -2.681 0 -2.25,
							      2.681 0 -2.25,
							      2.81 0 -2.096,
							      -2.681 0 -2.25,
							      2.998 0 -2.253,
							      3.035 0 -2.202,
							      3.072 0 -2.151,
							      2.81 0 -2.096,
							      2.998 0 -2.253,
							      3.072 0 -2.151,
							      -2.752 0 -2.172,
							      -2.952 0 -2.313,
							      -2.681 0 -2.25,
							      -2.552 0 -2.404,
							      2.617 0 -2.333,
							      2.681 0 -2.25,
							      -2.681 0 -2.25,
							      -2.552 0 -2.404,
							      2.681 0 -2.25,
							      -2.681 0 -2.25,
							      -2.952 0 -2.313,
							      -2.913 0 -2.362,
							      -2.873 0 -2.41,
							      -2.681 0 -2.25,
							      -2.913 0 -2.362,
							      2.873 0 -2.41,
							      2.681 0 -2.25,
							      2.617 0 -2.333,
							      2.617 0 -2.333,
							      -2.552 0 -2.404,
							      -2.475 0 -2.475,
							      2.475 0 -2.475,
							      2.617 0 -2.333,
							      -2.475 0 -2.475,
							      2.79 0 -2.506,
							      2.832 0 -2.458,
							      2.873 0 -2.41,
							      2.617 0 -2.333,
							      2.79 0 -2.506,
							      2.873 0 -2.41,
							      -2.552 0 -2.404,
							      -2.739 0 -2.561,
							      -2.475 0 -2.475,
							      -2.333 0 -2.617,
							      2.404 0 -2.552,
							      2.475 0 -2.475,
							      -2.475 0 -2.475,
							      -2.333 0 -2.617,
							      2.475 0 -2.475,
							      -2.475 0 -2.475,
							      -2.739 0 -2.561,
							      -2.696 0 -2.607,
							      -2.652 0 -2.652,
							      -2.475 0 -2.475,
							      -2.696 0 -2.607,
							      2.652 0 -2.652,
							      2.475 0 -2.475,
							      2.404 0 -2.552,
							      2.404 0 -2.552,
							      -2.333 0 -2.617,
							      -2.25 0 -2.681,
							      2.25 0 -2.681,
							      2.404 0 -2.552,
							      -2.25 0 -2.681,
							      2.561 0 -2.739,
							      2.607 0 -2.696,
							      2.652 0 -2.652,
							      2.404 0 -2.552,
							      2.561 0 -2.739,
							      2.652 0 -2.652,
							      -2.333 0 -2.617,
							      -2.506 0 -2.79,
							      -2.25 0 -2.681,
							      -2.096 0 -2.81,
							      2.172 0 -2.752,
							      2.25 0 -2.681,
							      -2.25 0 -2.681,
							      -2.096 0 -2.81,
							      2.25 0 -2.681,
							      2.172 0 -2.752,
							      -2.096 0 -2.81,
							      -2.008 0 -2.867,
							      2.008 0 -2.867,
							      2.172 0 -2.752,
							      -2.008 0 -2.867,
							      -2.25 0 -2.681,
							      -2.506 0 -2.79,
							      -2.458 0 -2.832,
							      -2.41 0 -2.873,
							      -2.25 0 -2.681,
							      -2.458 0 -2.832,
							      2.41 0 -2.873,
							      2.25 0 -2.681,
							      2.172 0 -2.752,
							      2.313 0 -2.952,
							      2.362 0 -2.913,
							      2.41 0 -2.873,
							      2.172 0 -2.752,
							      2.313 0 -2.952,
							      2.41 0 -2.873,
							      -1.843 0 -2.982,
							      1.924 0 -2.931,
							      2.008 0 -2.867,
							      -2.008 0 -2.867,
							      -1.843 0 -2.982,
							      2.008 0 -2.867,
							      -2.096 0 -2.81,
							      -2.253 0 -2.998,
							      -2.008 0 -2.867,
							      1.924 0 -2.931,
							      -1.843 0 -2.982,
							      -1.75 0 -3.031,
							      1.75 0 -3.031,
							      1.924 0 -2.931,
							      -1.75 0 -3.031,
							      -2.008 0 -2.867,
							      -2.253 0 -2.998,
							      -2.202 0 -3.035,
							      -2.151 0 -3.072,
							      -2.008 0 -2.867,
							      -2.202 0 -3.035,
							      2.151 0 -3.072,
							      2.008 0 -2.867,
							      1.924 0 -2.931,
							      -1.576 0 -3.132,
							      1.661 0 -3.087,
							      1.75 0 -3.031,
							      -1.75 0 -3.031,
							      -1.576 0 -3.132,
							      1.75 0 -3.031,
							      2.046 0 -3.142,
							      2.099 0 -3.108,
							      2.151 0 -3.072,
							      1.924 0 -2.931,
							      2.046 0 -3.142,
							      2.151 0 -3.072,
							      1.661 0 -3.087,
							      -1.576 0 -3.132,
							      -1.479 0 -3.172,
							      1.479 0 -3.172,
							      1.661 0 -3.087,
							      -1.479 0 -3.172,
							      -1.843 0 -2.982,
							      -1.983 0 -3.183,
							      -1.75 0 -3.031,
							      -1.75 0 -3.031,
							      -1.983 0 -3.183,
							      -1.929 0 -3.216,
							      -1.875 0 -3.248,
							      -1.75 0 -3.031,
							      -1.929 0 -3.216,
							      1.875 0 -3.248,
							      1.75 0 -3.031,
							      1.661 0 -3.087,
							      -1.297 0 -3.257,
							      1.386 0 -3.22,
							      1.479 0 -3.172,
							      -1.479 0 -3.172,
							      -1.297 0 -3.257,
							      1.479 0 -3.172,
							      1.386 0 -3.22,
							      -1.297 0 -3.257,
							      -1.197 0 -3.289,
							      1.197 0 -3.289,
							      1.386 0 -3.22,
							      -1.197 0 -3.289,
							      1.765 0 -3.309,
							      1.82 0 -3.279,
							      1.875 0 -3.248,
							      1.661 0 -3.087,
							      1.765 0 -3.309,
							      1.875 0 -3.248,
							      -1.576 0 -3.132,
							      -1.698 0 -3.343,
							      -1.479 0 -3.172,
							      -1.008 0 -3.358,
							      1.1 0 -3.329,
							      1.197 0 -3.289,
							      -1.197 0 -3.289,
							      -1.008 0 -3.358,
							      1.197 0 -3.289,
							      1.1 0 -3.329,
							      -1.008 0 -3.358,
							      -0.9059 0 -3.381,
							      0.9059 0 -3.381,
							      1.1 0 -3.329,
							      -0.9059 0 -3.381,
							      -1.479 0 -3.172,
							      -1.698 0 -3.343,
							      -1.642 0 -3.372,
							      -1.585 0 -3.399,
							      -1.479 0 -3.172,
							      -1.642 0 -3.372,
							      1.585 0 -3.399,
							      1.479 0 -3.172,
							      1.386 0 -3.22,
							      -0.7117 0 -3.433,
							      0.8058 0 -3.412,
							      0.9059 0 -3.381,
							      -0.9059 0 -3.381,
							      -0.7117 0 -3.433,
							      0.9059 0 -3.381,
							      0.8058 0 -3.412,
							      -0.7117 0 -3.433,
							      -0.6078 0 -3.447,
							      0.6078 0 -3.447,
							      0.8058 0 -3.412,
							      -0.6078 0 -3.447,
							      1.47 0 -3.45,
							      1.527 0 -3.425,
							      1.585 0 -3.399,
							      1.386 0 -3.22,
							      1.47 0 -3.45,
							      1.585 0 -3.399,
							      -1.297 0 -3.257,
							      -1.4 0 -3.479,
							      -1.197 0 -3.289,
							      -0.4098 0 -3.482,
							      0.5053 0 -3.469,
							      0.6078 0 -3.447,
							      -0.6078 0 -3.447,
							      -0.4098 0 -3.482,
							      0.6078 0 -3.447,
							      0.5053 0 -3.469,
							      -0.4098 0 -3.482,
							      -0.305 0 -3.487,
							      0.305 0 -3.487,
							      0.5053 0 -3.469,
							      -0.305 0 -3.487,
							      -0.1047 0 -3.504,
							      0 0 -3.5,
							      0.305 0 -3.487,
							      -0.305 0 -3.487,
							      -0.1047 0 -3.504,
							      0.305 0 -3.487,
							      -1.197 0 -3.289,
							      -1.4 0 -3.479,
							      -1.342 0 -3.502,
							      -1.283 0 -3.524,
							      -1.197 0 -3.289,
							      -1.342 0 -3.502,
							      1.283 0 -3.524,
							      1.197 0 -3.289,
							      1.1 0 -3.329,
							      1.163 0 -3.565,
							      1.223 0 -3.545,
							      1.283 0 -3.524,
							      1.1 0 -3.329,
							      1.163 0 -3.565,
							      1.283 0 -3.524,
							      -1.008 0 -3.358,
							      -1.092 0 -3.588,
							      -0.9059 0 -3.381,
							      -0.9059 0 -3.381,
							      -1.092 0 -3.588,
							      -1.031 0 -3.605,
							      -0.9706 0 -3.622,
							      -0.9059 0 -3.381,
							      -1.031 0 -3.605,
							      0.9706 0 -3.622,
							      0.9059 0 -3.381,
							      0.8058 0 -3.412,
							      0.8482 0 -3.653,
							      0.9095 0 -3.638,
							      0.9706 0 -3.622,
							      0.8058 0 -3.412,
							      0.8482 0 -3.653,
							      0.9706 0 -3.622,
							      -0.7117 0 -3.433,
							      -0.775 0 -3.669,
							      -0.6078 0 -3.447,
							      -0.6078 0 -3.447,
							      -0.775 0 -3.669,
							      -0.7132 0 -3.682,
							      -0.6512 0 -3.693,
							      -0.6078 0 -3.447,
							      -0.7132 0 -3.682,
							      0.6512 0 -3.693,
							      0.6078 0 -3.447,
							      0.5053 0 -3.469,
							      0.5267 0 -3.713,
							      0.589 0 -3.703,
							      0.6512 0 -3.693,
							      0.5053 0 -3.469,
							      0.5267 0 -3.713,
							      0.6512 0 -3.693,
							      -0.4098 0 -3.482,
							      -0.4522 0 -3.723,
							      -0.305 0 -3.487,
							      -0.305 0 -3.487,
							      -0.4522 0 -3.723,
							      -0.3896 0 -3.73,
							      -0.3268 0 -3.736,
							      -0.305 0 -3.487,
							      -0.3896 0 -3.73,
							      0.305 0 -3.487,
							      0 0 -3.5,
							      0.2011 0 -3.5,
							      0.3268 0 -3.736,
							      0.305 0 -3.487,
							      0.2011 0 -3.5,
							      0.2011 0 -3.745,
							      0.264 0 -3.741,
							      0.3268 0 -3.736,
							      0.2011 0 -3.5,
							      0.2011 0 -3.745,
							      0.3268 0 -3.736,
							      0 0 -3.5,
							      -0.1047 0 -3.504,
							      -0.1261 0 -3.748,
							      0 0 -3.5,
							      -0.1261 0 -3.748,
							      -0.0631 0 -3.749,
							      0 0 -3.75,
							      0 0 -3.5,
							      -0.0631 0 -3.749 ]
				    }

				    ccw	TRUE
				    solid	FALSE
				    coordIndex	[ 0, 1, 2, -1, 3, 4, 5, -1,
						      6, 7, 8, -1, 9, 10, 11, -1,
						      12, 13, 14, -1, 15, 16, 17, -1,
						      18, 19, 20, -1, 21, 22, 23, -1,
						      24, 25, 26, -1, 27, 28, 29, -1,
						      30, 31, 32, -1, 33, 34, 35, -1,
						      36, 37, 38, -1, 39, 40, 41, -1,
						      42, 43, 44, -1, 45, 46, 47, -1,
						      48, 49, 50, -1, 51, 52, 53, -1,
						      54, 55, 56, -1, 57, 58, 59, -1,
						      60, 61, 62, -1, 63, 64, 65, -1,
						      66, 67, 68, -1, 69, 70, 71, -1,
						      72, 73, 74, -1, 75, 76, 77, -1,
						      78, 79, 80, -1, 81, 82, 83, -1,
						      84, 85, 86, -1, 87, 88, 89, -1,
						      90, 91, 92, -1, 93, 94, 95, -1,
						      96, 97, 98, -1, 99, 100, 101, -1,
						      102, 103, 104, -1, 105, 106, 107, -1,
						      108, 109, 110, -1, 111, 112, 113, -1,
						      114, 115, 116, -1, 117, 118, 119, -1,
						      120, 121, 122, -1, 123, 124, 125, -1,
						      126, 127, 128, -1, 129, 130, 131, -1,
						      132, 133, 134, -1, 135, 136, 137, -1,
						      138, 139, 140, -1, 141, 142, 143, -1,
						      144, 145, 146, -1, 147, 148, 149, -1,
						      150, 151, 152, -1, 153, 154, 155, -1,
						      156, 157, 158, -1, 159, 160, 161, -1,
						      162, 163, 164, -1, 165, 166, 167, -1,
						      168, 169, 170, -1, 171, 172, 173, -1,
						      174, 175, 176, -1, 177, 178, 179, -1,
						      180, 181, 182, -1, 183, 184, 185, -1,
						      186, 187, 188, -1, 189, 190, 191, -1,
						      192, 193, 194, -1, 195, 196, 197, -1,
						      198, 199, 200, -1, 201, 202, 203, -1,
						      204, 205, 206, -1, 207, 208, 209, -1,
						      210, 211, 212, -1, 213, 214, 215, -1,
						      216, 217, 218, -1, 219, 220, 221, -1,
						      222, 223, 224, -1, 225, 226, 227, -1,
						      228, 229, 230, -1, 231, 232, 233, -1,
						      234, 235, 236, -1, 237, 238, 239, -1,
						      240, 241, 242, -1, 243, 244, 245, -1,
						      246, 247, 248, -1, 249, 250, 251, -1,
						      252, 253, 254, -1, 255, 256, 257, -1,
						      258, 259, 260, -1, 261, 262, 263, -1,
						      264, 265, 266, -1, 267, 268, 269, -1,
						      270, 271, 272, -1, 273, 274, 275, -1,
						      276, 277, 278, -1, 279, 280, 281, -1,
						      282, 283, 284, -1, 285, 286, 287, -1,
						      288, 289, 290, -1, 291, 292, 293, -1,
						      294, 295, 296, -1, 297, 298, 299, -1,
						      300, 301, 302, -1, 303, 304, 305, -1,
						      306, 307, 308, -1, 309, 310, 311, -1,
						      312, 313, 314, -1, 315, 316, 317, -1,
						      318, 319, 320, -1, 321, 322, 323, -1,
						      324, 325, 326, -1, 327, 328, 329, -1,
						      330, 331, 332, -1, 333, 334, 335, -1,
						      336, 337, 338, -1, 339, 340, 341, -1,
						      342, 343, 344, -1, 345, 346, 347, -1,
						      348, 349, 350, -1, 351, 352, 353, -1,
						      354, 355, 356, -1, 357, 358, 359, -1,
						      360, 361, 362, -1, 363, 364, 365, -1,
						      366, 367, 368, -1, 369, 370, 371, -1,
						      372, 373, 374, -1, 375, 376, 377, -1,
						      378, 379, 380, -1, 381, 382, 383, -1,
						      384, 385, 386, -1, 387, 388, 389, -1,
						      390, 391, 392, -1, 393, 394, 395, -1,
						      396, 397, 398, -1, 399, 400, 401, -1,
						      402, 403, 404, -1, 405, 406, 407, -1,
						      408, 409, 410, -1, 411, 412, 413, -1,
						      414, 415, 416, -1, 417, 418, 419, -1,
						      420, 421, 422, -1, 423, 424, 425, -1,
						      426, 427, 428, -1, 429, 430, 431, -1,
						      432, 433, 434, -1, 435, 436, 437, -1,
						      438, 439, 440, -1, 441, 442, 443, -1,
						      444, 445, 446, -1, 447, 448, 449, -1,
						      450, 451, 452, -1, 453, 454, 455, -1,
						      456, 457, 458, -1, 459, 460, 461, -1,
						      462, 463, 464, -1, 465, 466, 467, -1,
						      468, 469, 470, -1, 471, 472, 473, -1,
						      474, 475, 476, -1, 477, 478, 479, -1,
						      480, 481, 482, -1, 483, 484, 485, -1,
						      486, 487, 488, -1, 489, 490, 491, -1,
						      492, 493, 494, -1, 495, 496, 497, -1,
						      498, 499, 500, -1, 501, 502, 503, -1,
						      504, 505, 506, -1, 507, 508, 509, -1,
						      510, 511, 512, -1, 513, 514, 515, -1,
						      516, 517, 518, -1, 519, 520, 521, -1,
						      522, 523, 524, -1, 525, 526, 527, -1,
						      528, 529, 530, -1, 531, 532, 533, -1,
						      534, 535, 536, -1, 537, 538, 539, -1,
						      540, 541, 542, -1, 543, 544, 545, -1,
						      546, 547, 548, -1, 549, 550, 551, -1,
						      552, 553, 554, -1, 555, 556, 557, -1,
						      558, 559, 560, -1, 561, 562, 563, -1,
						      564, 565, 566, -1, 567, 568, 569, -1,
						      570, 571, 572, -1, 573, 574, 575, -1,
						      576, 577, 578, -1, 579, 580, 581, -1,
						      582, 583, 584, -1, 585, 586, 587, -1,
						      588, 589, 590, -1, 591, 592, 593, -1,
						      594, 595, 596, -1, 597, 598, 599, -1,
						      600, 601, 602, -1, 603, 604, 605, -1,
						      606, 607, 608, -1, 609, 610, 611, -1,
						      612, 613, 614, -1, 615, 616, 617, -1,
						      618, 619, 620, -1, 621, 622, 623, -1,
						      624, 625, 626, -1, 627, 628, 629, -1,
						      630, 631, 632, -1, 633, 634, 635, -1,
						      636, 637, 638, -1, 639, 640, 641, -1,
						      642, 643, 644, -1, 645, 646, 647, -1,
						      648, 649, 650, -1, 651, 652, 653, -1,
						      654, 655, 656, -1, 657, 658, 659, -1,
						      660, 661, 662, -1, 663, 664, 665, -1,
						      666, 667, 668, -1, 669, 670, 671, -1,
						      672, 673, 674, -1, 675, 676, 677, -1,
						      678, 679, 680, -1, 681, 682, 683, -1,
						      684, 685, 686, -1, 687, 688, 689, -1,
						      690, 691, 692, -1, 693, 694, 695, -1,
						      696, 697, 698, -1, 699, 700, 701, -1,
						      702, 703, 704, -1, 705, 706, 707, -1,
						      708, 709, 710, -1, 711, 712, 713, -1,
						      714, 715, 716, -1, 717, 718, 719, -1,
						      720, 721, 722, -1, 723, 724, 725, -1,
						      726, 727, 728, -1, 729, 730, 731, -1,
						      732, 733, 734, -1, 735, 736, 737, -1,
						      738, 739, 740, -1, 741, 742, 743, -1,
						      744, 745, 746, -1, 747, 748, 749, -1,
						      750, 751, 752, -1, 753, 754, 755, -1,
						      756, 757, 758, -1, 759, 760, 761, -1,
						      762, 763, 764, -1, 765, 766, 767, -1,
						      768, 769, 770, -1, 771, 772, 773, -1,
						      774, 775, 776, -1, 777, 778, 779, -1,
						      780, 781, 782, -1, 783, 784, 785, -1,
						      786, 787, 788, -1, 789, 790, 791, -1,
						      792, 793, 794, -1, 795, 796, 797, -1,
						      798, 799, 800, -1, 801, 802, 803, -1,
						      804, 805, 806, -1, 807, 808, 809, -1,
						      810, 811, 812, -1, 813, 814, 815, -1,
						      816, 817, 818, -1, 819, 820, 821, -1,
						      822, 823, 824, -1, 825, 826, 827, -1,
						      828, 829, 830, -1, 831, 832, 833, -1,
						      834, 835, 836, -1, 837, 838, 839, -1,
						      840, 841, 842, -1, 843, 844, 845, -1,
						      846, 847, 848, -1, 849, 850, 851, -1,
						      852, 853, 854, -1, 855, 856, 857, -1,
						      858, 859, 860, -1, 861, 862, 863, -1,
						      864, 865, 866, -1, 867, 868, 869, -1,
						      870, 871, 872, -1, 873, 874, 875, -1,
						      876, 877, 878, -1, 879, 880, 881, -1,
						      882, 883, 884, -1, 885, 886, 887, -1,
						      888, 889, 890, -1, 891, 892, 893, -1,
						      894, 895, 896, -1, 897, 898, 899, -1,
						      900, 901, 902, -1, 903, 904, 905, -1,
						      906, 907, 908, -1, 909, 910, 911, -1,
						      912, 913, 914, -1, 915, 916, 917, -1,
						      918, 919, 920, -1, 921, 922, 923, -1,
						      924, 925, 926, -1, 927, 928, 929, -1,
						      930, 931, 932, -1, 933, 934, 935, -1,
						      936, 937, 938, -1, 939, 940, 941, -1,
						      942, 943, 944, -1, 945, 946, 947, -1,
						      948, 949, 950, -1, 951, 952, 953, -1,
						      954, 955, 956, -1, 957, 958, 959, -1,
						      960, 961, 962, -1, 963, 964, 965, -1,
						      966, 967, 968, -1, 969, 970, 971, -1,
						      972, 973, 974, -1, 975, 976, 977, -1,
						      978, 979, 980, -1, 981, 982, 983, -1,
						      984, 985, 986, -1, 987, 988, 989, -1,
						      990, 991, 992, -1, 993, 994, 995, -1,
						      996, 997, 998, -1, 999, 1000, 1001, -1,
						      1002, 1003, 1004, -1, 1005, 1006, 1007, -1,
						      1008, 1009, 1010, -1, 1011, 1012, 1013, -1,
						      1014, 1015, 1016, -1, 1017, 1018, 1019, -1,
						      1020, 1021, 1022, -1, 1023, 1024, 1025, -1,
						      1026, 1027, 1028, -1, 1029, 1030, 1031, -1,
						      1032, 1033, 1034, -1, 1035, 1036, 1037, -1,
						      1038, 1039, 1040, -1, 1041, 1042, 1043, -1,
						      1044, 1045, 1046, -1, 1047, 1048, 1049, -1,
						      1050, 1051, 1052, -1, 1053, 1054, 1055, -1,
						      1056, 1057, 1058, -1, 1059, 1060, 1061, -1,
						      1062, 1063, 1064, -1, 1065, 1066, 1067, -1,
						      1068, 1069, 1070, -1, 1071, 1072, 1073, -1,
						      1074, 1075, 1076, -1, 1077, 1078, 1079, -1,
						      1080, 1081, 1082, -1, 1083, 1084, 1085, -1,
						      1086, 1087, 1088, -1, 1089, 1090, 1091, -1,
						      1092, 1093, 1094, -1, 1095, 1096, 1097, -1,
						      1098, 1099, 1100, -1, 1101, 1102, 1103, -1,
						      1104, 1105, 1106, -1, 1107, 1108, 1109, -1,
						      1110, 1111, 1112, -1, 1113, 1114, 1115, -1,
						      1116, 1117, 1118, -1, 1119, 1120, 1121, -1,
						      1122, 1123, 1124, -1, 1125, 1126, 1127, -1,
						      1128, 1129, 1130, -1, 1131, 1132, 1133, -1 ]
			    }

		    }
	    }
	]
ROUTE group05-TIMER.fraction_changed TO group05-ROT-INTERP.set_fraction
ROUTE group05-ROT-INTERP.value_changed TO group05.set_rotation
}
